Date,2057.HK,2899.HK,0883.HK,1919.HK,1299.HK,0288.HK,0175.HK,1088.HK,1378.HK,0857.HK,0669.HK,9961.HK,^HSI
2021-04-07,221.58663940429688,9.13198471069336,5.011043071746826,4.724128723144531,83.7374267578125,4.88185453414917,18.676660537719727,9.254485130310059,7.204304218292236,1.8685357570648193,121.3399429321289,,28674.80078125
2021-04-08,217.45034790039062,9.438185691833496,4.8140482902526855,4.281457424163818,88.89532470703125,4.9668803215026855,18.997095108032227,9.231260299682617,7.543638706207275,1.8618146181106567,128.13641357421875,,29008.0703125
2021-04-09,213.70797729492188,9.402161598205566,4.869452953338623,4.343707084655762,87.72919464111328,4.903110980987549,18.95132064819336,9.28931999206543,7.373972415924072,1.83492910861969,125.9615478515625,,28698.80078125
2021-04-12,214.2989044189453,8.663678169250488,4.912545204162598,4.150039196014404,86.2939453125,4.810999870300293,17.614656448364258,9.300930976867676,7.099894046783447,1.8282078504562378,123.69603729248047,,28453.279296875
2021-04-13,217.64732360839844,8.663678169250488,4.869452953338623,3.942537307739258,89.0747299194336,4.704719066619873,17.614656448364258,9.300930976867676,7.243458271026611,1.8416506052017212,123.42417907714844,,28497.25
2021-04-14,230.84402465820312,9.22204303741455,4.955638408660889,3.928704023361206,88.71592712402344,4.733060359954834,18.49355697631836,9.533163070678711,7.5697407722473145,1.8685357570648193,126.50526428222656,,28900.830078125
2021-04-15,226.70774841308594,9.582279205322266,5.035667896270752,3.963287591934204,89.5680923461914,4.747231483459473,18.630887985229492,9.509941101074219,7.856867790222168,1.8887003660202026,125.59907531738281,,28793.140625
2021-04-16,220.4048309326172,9.582279205322266,5.189568996429443,4.177706241607666,88.7607650756836,4.7968292236328125,19.95839500427246,9.63766860961914,7.6741509437561035,1.9021426439285278,124.69288635253906,,28969.7109375
2021-04-19,225.13201904296875,9.960528373718262,5.164945125579834,4.198456287384033,87.90859985351562,4.733060359954834,20.91969108581543,9.567998886108398,7.79161262512207,1.90886390209198,125.7802963256836,280.02001953125,29106.150390625
2021-04-20,230.05616760253906,9.960528373718262,5.1464762687683105,4.198456287384033,87.95345306396484,4.761402606964111,21.148574829101562,9.55638599395752,7.582792282104492,1.8887003660202026,126.7771224975586,289.01422119140625,29135.73046875
2021-04-21,229.4652557373047,9.834444999694824,5.0664472579956055,4.198456287384033,86.02484893798828,4.740146160125732,20.599258422851562,9.498329162597656,7.465330600738525,1.8416506052017212,126.0521469116211,282.21856689453125,28621.919921875
2021-04-22,224.5410919189453,9.888479232788086,5.04182243347168,4.578876972198486,86.78732299804688,4.754316329956055,20.233049392700195,9.614444732666016,7.817714691162109,1.8282078504562378,128.95199584960938,298.80792236328125,28755.33984375
2021-04-23,240.69232177734375,10.140646934509277,5.035667896270752,4.634210586547852,87.77404022216797,4.733060359954834,20.32460594177246,9.602834701538086,7.830766201019287,1.8282078504562378,132.2143096923828,301.8059997558594,29078.75
2021-04-26,248.57095336914062,10.338774681091309,5.029510974884033,4.703377723693848,88.80562591552734,4.697633266448975,19.729511260986328,9.405436515808105,7.9873809814453125,1.821486473083496,130.40191650390625,298.6080322265625,28952.830078125
2021-04-27,245.61647033691406,10.392810821533203,5.004887104034424,5.063047885894775,89.29900360107422,4.7188897132873535,19.683738708496094,9.358989715576172,8.091791152954102,1.821486473083496,129.4957275390625,301.20635986328125,28941.5390625
2021-04-28,244.6316375732422,10.05058765411377,5.011043071746826,4.841712951660156,89.52325439453125,4.867682933807373,18.90553855895996,9.405436515808105,7.778562068939209,1.83492910861969,129.5863494873047,309.80084228515625,29071.33984375
2021-04-29,246.01043701171875,10.482870101928711,5.072603225708008,5.0146307945251465,92.84224700927734,4.938538074493408,19.180200576782227,9.626057624816895,8.104842185974121,1.8550933599472046,132.57681274414062,318.7950744628906,29303.259765625
2021-04-30,243.25286865234375,9.852457046508789,5.072603225708008,4.807129383087158,88.71592712402344,4.810999870300293,18.447782516479492,9.405436515808105,8.026535034179688,1.9021426439285278,128.31768798828125,307.6022644042969,28724.880859375
2021-05-03,246.9952392578125,9.744386672973633,5.023354530334473,5.325883388519287,86.4284896850586,4.768487930297852,18.127347946166992,9.405436515808105,7.830766201019287,1.8954209089279175,128.04580688476562,304.4043273925781,28357.5390625
2021-05-04,251.91937255859375,10.969189643859863,5.103383541107178,5.6717209815979,87.86375427246094,4.782658576965332,18.35622787475586,9.498329162597656,8.535533905029297,1.9626349210739136,130.49252319335938,299.6073913574219,28557.140625
2021-05-05,247.9800567626953,10.951176643371582,5.1957244873046875,5.948389530181885,87.10127258300781,4.839341640472412,18.35622787475586,9.567998886108398,8.744356155395508,1.9962414503097534,129.04261779785156,290.81304931640625,28417.98046875
2021-05-06,245.0255584716797,10.879130363464355,5.318847179412842,5.913805961608887,89.02986907958984,4.88185453414917,18.090728759765625,9.858288764953613,8.979279518127441,2.036569595336914,133.1204833984375,305.80340576171875,28637.4609375
2021-05-07,239.51051330566406,11.077259063720703,5.368095397949219,5.713221073150635,91.0481948852539,4.867682933807373,17.596343994140625,9.986019134521484,8.914022445678711,2.070176362991333,135.29541015625,306.4030456542969,28610.650390625
2021-05-10,240.8892822265625,11.977849960327148,5.614338397979736,6.1558918952941895,91.40701293945312,4.853512763977051,17.57803726196289,10.543376922607422,9.175047874450684,2.1642754077911377,136.02035522460938,297.8085632324219,28595.66015625
2021-05-11,234.98031616210938,11.059248924255371,5.4173431396484375,5.588719367980957,88.5365219116211,4.7897443771362305,16.461095809936523,10.334366798400879,8.900971412658691,2.103783369064331,132.66741943359375,287.2153625488281,28013.810546875
2021-05-12,236.3590850830078,11.275390625,5.435811519622803,5.491885185241699,87.59464263916016,4.761402606964111,16.808998107910156,10.496930122375488,8.992328643798828,2.110504388809204,134.66104125976562,289.8136901855469,28231.0390625
2021-05-13,229.4652557373047,10.464859008789062,5.312690734863281,5.415801525115967,86.24909210205078,4.775572776794434,16.18644142150879,10.009241104125977,8.117894172668457,2.0970618724823,121.88365173339844,280.6195983886719,27718.669921875
2021-05-14,230.45008850097656,10.536904335021973,5.294222354888916,5.581803798675537,91.67610931396484,4.775572776794434,16.094886779785156,9.997629165649414,8.000432014465332,2.0836191177368164,125.41783905029297,278.4210205078125,28027.5703125
2021-05-17,238.72264099121094,11.095272064208984,5.2572855949401855,5.913805961608887,92.30402374267578,4.747231483459473,16.699134826660156,10.05568790435791,7.961278915405273,2.110504388809204,121.88365173339844,290.0135803222656,28194.08984375
2021-05-18,236.16209411621094,11.221352577209473,5.423500061035156,6.183558464050293,93.02164459228516,4.81808614730835,16.754064559936523,10.2763090133667,8.130945205688477,2.211325168609619,124.23979949951172,304.60418701171875,28593.810546875
2021-05-20,246.79824829101562,10.5909423828125,5.232661247253418,5.6717209815979,91.13788604736328,4.7188897132873535,17.468172073364258,9.777008056640625,7.687201499938965,2.110504388809204,122.70819854736328,313.598388671875,28450.2890625
2021-05-21,248.37399291992188,10.338774681091309,5.1957244873046875,5.948389530181885,91.22759246826172,4.733060359954834,17.57803726196289,9.904736518859863,7.935176372528076,2.103783369064331,123.89334869384766,318.5951843261719,28458.439453125
2021-05-24,245.22254943847656,9.996552467346191,5.220348834991455,5.73397159576416,91.0481948852539,4.7188897132873535,17.285066604614258,9.835066795349121,7.765508651733398,2.110504388809204,127.99577331542969,313.19866943359375,28412.259765625
2021-05-25,243.84376525878906,10.428833961486816,5.269598484039307,5.53338623046875,92.22869110107422,4.775572776794434,17.834379196166992,9.986019134521484,7.935176372528076,2.13739013671875,129.27210998535156,308.8014831542969,28910.859375
2021-05-26,245.22254943847656,10.62696361541748,5.251128673553467,5.187548637390137,92.77227020263672,4.768487930297852,18.035797119140625,9.869902610778809,7.843817234039307,2.1172258853912354,131.55120849609375,310.000732421875,29166.009765625
2021-05-27,242.26803588867188,10.5909423828125,5.208037376403809,5.374301433563232,92.59107208251953,4.832255840301514,18.054107666015625,9.858288764953613,7.843817234039307,2.1172258853912354,133.6479949951172,314.9975280761719,29113.19921875
2021-05-28,237.93478393554688,10.825095176696777,5.232661247253418,5.609470844268799,93.4970474243164,4.740146160125732,18.18359375,9.951183319091797,8.183150291442871,2.1306684017181396,133.37452697753906,313.9981689453125,29124.41015625
2021-05-31,244.82861328125,10.969189643859863,5.189568996429443,5.650970458984375,89.87313842773438,4.697633266448975,18.257585525512695,10.206640243530273,8.170099258422852,2.1306684017181396,130.63955688476562,316.5964660644531,29151.80078125
2021-06-01,243.84376525878906,11.11328411102295,5.3619384765625,5.616386890411377,90.96031188964844,4.711804389953613,18.683040618896484,10.148580551147461,8.026535034179688,2.1844396591186523,132.280517578125,322.19287109375,29468.0
2021-06-02,242.4650115966797,10.753046989440918,5.405031204223633,5.429635524749756,89.82783508300781,4.910195827484131,19.792922973632812,10.148580551147461,7.843817234039307,2.2583742141723633,128.269287109375,311.799560546875,29297.619140625
2021-06-03,246.40431213378906,10.66298770904541,5.417704105377197,5.33280086517334,88.3782730102539,4.910195827484131,19.376718521118164,10.195028305053711,7.762111186981201,2.2583742141723633,125.9901351928711,309.401123046875,28966.029296875
2021-06-04,243.055908203125,10.229948997497559,5.39869499206543,5.519552230834961,88.74066162109375,4.910196304321289,20.579090118408203,10.102134704589844,7.394431114196777,2.2718169689178467,123.61984252929688,303.40496826171875,28918.099609375
2021-06-07,242.4650115966797,10.50347900390625,5.525425434112549,5.7685546875,88.19708251953125,5.289013385772705,19.515453338623047,10.136969566345215,7.612316131591797,2.2583742141723633,123.71102905273438,300.0071716308594,28787.279296875
2021-06-08,239.7074737548828,10.321125984191895,5.550771236419678,5.8930559158325195,87.87998962402344,5.310660362243652,19.792922973632812,10.05568790435791,7.367196559906006,2.251652956008911,124.16681671142578,292.0122985839844,28781.380859375
2021-06-09,246.20736694335938,10.48524284362793,5.715519428253174,5.948389530181885,87.29108428955078,5.274582386016846,20.116640090942383,10.171804428100586,7.544227600097656,2.291980743408203,123.71102905273438,290.413330078125,28742.630859375
2021-06-10,244.2377166748047,10.30289077758789,5.715519428253174,6.6400628089904785,86.61161804199219,5.209641933441162,20.34786605834961,10.148580551147461,7.516991138458252,2.312145471572876,124.53150939941406,292.811767578125,28738.880859375
2021-06-11,243.25286865234375,10.48524284362793,5.791558265686035,6.626229763031006,86.61161804199219,5.173564434051514,20.39410972595215,10.253087043762207,7.762111186981201,2.399522542953491,128.269287109375,290.413330078125,28842.130859375
2021-06-15,239.51051330566406,10.011126518249512,5.65215539932251,6.902899742126465,85.11674499511719,5.123055458068848,21.365257263183594,10.183416366577148,7.639552593231201,2.386079788208008,123.80220031738281,287.8149719238281,28638.529296875
2021-06-16,235.17726135253906,9.10848331451416,5.639481544494629,6.515562534332275,86.15862274169922,5.123055458068848,20.486600875854492,10.183416366577148,6.9722819328308105,2.4196865558624268,124.44032287597656,289.6138000488281,28436.83984375
2021-06-17,231.43492126464844,9.22701358795166,5.601462364196777,6.916733264923096,86.24922180175781,5.101408004760742,21.087787628173828,10.16019344329834,7.026752948760986,2.4667365550994873,125.16963958740234,290.413330078125,28558.58984375
2021-06-18,226.5107879638672,9.072013854980469,5.487405300140381,7.00319242477417,86.24922180175781,5.1302714347839355,22.197673797607422,9.835066795349121,6.808868885040283,2.4062438011169434,126.35479736328125,289.6138000488281,28801.26953125
2021-06-21,222.57147216796875,9.017308235168457,5.4937424659729,6.750730991363525,84.89025115966797,5.0581159591674805,23.168819427490234,9.800230979919434,6.747589588165283,2.368889093399048,120.33790588378906,284.8169250488281,28489.0
2021-06-22,223.95021057128906,9.336423873901367,5.645817756652832,6.799147605895996,84.93553924560547,5.043684005737305,23.07632827758789,9.835066795349121,6.802060604095459,2.507420301437378,123.80220031738281,286.4158935546875,28309.759765625
2021-06-23,226.3137969970703,9.427599906921387,5.677500247955322,6.52247953414917,87.47229766845703,5.029253005981445,24.417438507080078,10.078912734985352,6.945046424865723,2.5697598457336426,123.07286834716797,286.4158935546875,28817.0703125
2021-06-24,227.2986297607422,9.354660034179688,5.683836936950684,6.3910603523254395,88.01587677001953,5.0076069831848145,24.139968872070312,10.171804428100586,7.094841480255127,2.6251721382141113,120.61141967773438,283.81756591796875,28882.4609375
2021-06-25,231.82887268066406,9.901716232299805,5.82957649230957,6.743814468383789,88.01587677001953,4.993175506591797,24.093721389770508,10.380813598632812,7.2718729972839355,2.7082912921905518,124.62266540527344,288.6144714355469,29288.220703125
2021-06-28,232.81369018554688,9.573482513427734,5.7598748207092285,6.785314083099365,86.7928237915039,5.050900459289551,23.585025787353516,10.044075965881348,6.9722819328308105,2.6736583709716797,123.89334869384766,278.8207702636719,29268.30078125
2021-06-29,228.4804229736328,9.427599906921387,5.595126628875732,6.494811058044434,86.70220184326172,5.022037506103516,23.40004539489746,9.93957233428955,7.0131354331970215,2.562833547592163,122.98169708251953,275.0232238769531,28994.099609375
2021-06-30,230.45008850097656,9.518775939941406,5.595126628875732,6.764564514160156,87.42699432373047,5.036467552185059,22.61387825012207,10.110479354858398,7.162930965423584,2.6182456016540527,123.61984252929688,275.82269287109375,28827.94921875
2021-07-02,227.69256591796875,9.537012100219727,5.65215539932251,6.934024333953857,86.7928237915039,4.97152853012085,21.55023956298828,9.924478530883789,7.081223964691162,2.6251721382141113,121.97887420654297,278.02130126953125,28310.419921875
2021-07-05,220.4048309326172,9.737600326538086,5.696509838104248,6.743814468383789,87.65348815917969,5.036467552185059,22.70636749267578,10.24333667755127,7.299108982086182,2.666731595993042,123.52870178222656,276.8220520019531,28143.5
2021-07-06,221.38967895507812,9.719364166259766,5.778885364532471,7.148443222045898,87.47229766845703,4.942666053771973,22.428895950317383,10.123764991760254,7.299108982086182,2.632098913192749,121.43189239501953,271.0257873535156,28072.859375
2021-07-07,220.60179138183594,9.828775405883789,5.639481544494629,7.849799156188965,87.87998962402344,4.942666053771973,22.243915557861328,10.176907539367676,7.217401027679443,2.576686382293701,122.16120147705078,268.0277099609375,27960.619140625
2021-07-08,217.056396484375,9.391130447387695,5.322657108306885,7.301302433013916,85.3432388305664,4.834432601928711,22.336406707763672,9.911191940307617,6.985899448394775,2.424301862716675,117.32946014404297,255.43580627441406,27153.130859375
2021-07-09,218.6321563720703,9.682893753051758,5.328993320465088,6.519021034240723,85.66034698486328,4.7694926261901855,21.87395668029785,9.911191940307617,7.231020450592041,2.417375326156616,119.69976806640625,249.4396514892578,27344.5390625
2021-07-12,219.02606201171875,9.919951438903809,5.303647041320801,6.510028839111328,85.25264739990234,4.7189836502075195,22.336406707763672,9.791620254516602,7.1493120193481445,2.3827426433563232,123.34635162353516,246.44158935546875,27515.240234375
2021-07-13,223.5562744140625,9.901716232299805,5.316320419311523,6.662888050079346,87.87998962402344,4.7694926261901855,23.492534637451172,9.964335441589355,7.2718729972839355,2.4104485511779785,123.80220031738281,251.43836975097656,27963.41015625
2021-07-14,225.91986083984375,9.609951972961426,5.259291648864746,6.213301181793213,86.29452514648438,4.668474197387695,22.89134979248047,10.097193717956543,6.876957893371582,2.368889093399048,122.16120147705078,250.83876037597656,27787.4609375
2021-07-15,223.95021057128906,9.883480072021484,5.214936256408691,6.141366958618164,87.01930236816406,4.71176815032959,22.52138900756836,10.110479354858398,6.999517440795898,2.3827426433563232,122.52586364746094,251.0386199951172,27996.26953125
2021-07-16,224.34414672851562,9.883480072021484,5.145235061645508,6.249268054962158,87.10989379882812,4.747845649719238,22.52138900756836,10.123764991760254,7.176548480987549,2.3342559337615967,123.07286834716797,247.64080810546875,28004.6796875
2021-07-19,220.60179138183594,9.701128005981445,5.05652379989624,6.303218841552734,84.25607299804688,4.553024768829346,21.92020034790039,10.123764991760254,7.1493120193481445,2.327329635620117,121.24955749511719,237.64723205566406,27489.779296875
2021-07-20,216.85943603515625,9.22701358795166,4.967813014984131,6.024474620819092,84.43726348876953,4.524163246154785,21.18027687072754,9.977622032165527,6.727162837982178,2.244210720062256,119.9732437133789,224.85545349121094,27259.25
2021-07-21,218.2382049560547,9.299954414367676,4.967813014984131,5.898589611053467,84.89025115966797,4.473653316497803,21.642728805541992,9.84476375579834,6.8361053466796875,2.2303576469421387,118.51460266113281,225.65493774414062,27224.580078125
2021-07-22,221.38967895507812,9.518775939941406,5.1388983726501465,6.07842493057251,86.97400665283203,4.560240745544434,22.151426315307617,9.977622032165527,7.081223964691162,2.313476324081421,124.71383666992188,228.85289001464844,27723.83984375
2021-07-23,221.58663940429688,9.64642333984375,5.126225471496582,5.655812740325928,85.97743225097656,4.5385942459106445,21.92020034790039,10.057336807250977,7.053988456726074,2.278843879699707,121.70539093017578,221.8573760986328,27321.98046875
2021-07-26,211.93528747558594,9.573482513427734,4.993158340454102,5.610854148864746,84.12016296386719,4.480869770050049,21.642728805541992,9.84476375579834,6.904194355010986,2.2303576469421387,120.06440734863281,207.26675415039062,26192.3203125
2021-07-27,196.96588134765625,10.029361724853516,4.923457622528076,5.1342902183532715,80.858642578125,4.336558818817139,21.04154396057129,9.658763885498047,6.652265548706055,2.244210720062256,118.9704360961914,192.9759521484375,25086.4296875
2021-07-28,193.4204864501953,9.537012100219727,4.90444803237915,5.475976943969727,80.26976013183594,4.336558818817139,21.966447830200195,9.658763885498047,6.441190242767334,2.278843879699707,124.44032287597656,206.8670196533203,25473.880859375
2021-07-29,212.52621459960938,9.938187599182129,4.936130523681641,5.413033962249756,83.39539337158203,4.480869770050049,23.631271362304688,9.778334617614746,6.781633377075195,2.258064031600952,123.89334869384766,219.05917358398438,26315.3203125
2021-07-30,206.02630615234375,10.047597885131836,4.879101753234863,5.2601752281188965,84.34666442871094,4.646827697753906,24.001232147216797,9.76504898071289,7.0131354331970215,2.244210720062256,126.6282958984375,214.86187744140625,25961.029296875
2021-08-02,207.60205078125,10.667593955993652,4.942467212677002,5.763713359832764,83.98426818847656,4.71176815032959,24.74115562438965,9.897906303405762,7.040370941162109,2.2857704162597656,129.91024780273438,203.46920776367188,26235.80078125
2021-08-03,209.7686767578125,10.339360237121582,4.942467212677002,5.952539920806885,84.07487487792969,4.75506067276001,24.833646774291992,9.871334075927734,6.774824619293213,2.2719168663024902,129.91024780273438,200.07138061523438,26194.8203125
2021-08-04,208.7838592529297,10.375831604003906,4.948803424835205,5.9165730476379395,83.8936767578125,4.632396221160889,26.082265853881836,9.964335441589355,6.985899448394775,2.278843879699707,135.1066436767578,194.47499084472656,26426.55078125
2021-08-05,207.99598693847656,10.08406925201416,4.974149703979492,5.781696796417236,83.25948333740234,4.617965221405029,25.943527221679688,9.964335441589355,6.7135443687438965,2.223430871963501,135.6536407470703,185.68064880371094,26204.689453125
2021-08-06,208.9808349609375,10.448772430419922,5.126225471496582,6.060441970825195,83.44068145751953,4.5385942459106445,25.24985122680664,10.004193305969238,6.754397392272949,2.223430871963501,133.55685424804688,192.7760772705078,26179.400390625
2021-08-09,213.51101684570312,10.266420364379883,5.113552570343018,5.979515075683594,84.3919677734375,4.661258220672607,25.01862335205078,10.083908081054688,6.6658830642700195,2.2303576469421387,134.74200439453125,195.37440490722656,26283.400390625
2021-08-10,215.28372192382812,10.08406925201416,5.113552570343018,6.159350395202637,84.43726348876953,4.617965221405029,25.34234046936035,10.13705062866211,6.747589588165283,2.2372841835021973,132.462890625,196.77349853515625,26605.619140625
2021-08-11,214.69281005859375,10.065834045410156,5.1579084396362305,6.249268054962158,84.84496307373047,4.639612197875977,26.174753189086914,10.230051040649414,7.435285568237305,2.313476324081421,132.1893768310547,195.57427978515625,26660.16015625
2021-08-12,213.31407165527344,10.521712303161621,5.214936256408691,6.743814468383789,82.9424057006836,4.5891032218933105,26.729694366455078,10.283194541931152,7.789345741271973,2.361962080001831,147.50511169433594,190.87730407714844,26517.8203125
2021-08-13,208.38990783691406,11.014063835144043,5.233945846557617,6.71683931350708,84.12016296386719,4.740630626678467,26.313491821289062,10.256623268127441,7.925524711608887,2.3411827087402344,151.15170288085938,189.1783905029297,26391.619140625
2021-08-16,208.9808349609375,10.868183135986328,5.233945846557617,6.240276336669922,85.16204833984375,4.856079578399658,24.55617332458496,10.41605281829834,7.707639694213867,2.3204030990600586,156.7127685546875,191.07716369628906,26181.4609375
2021-08-17,200.5112762451172,10.339360237121582,5.113552570343018,6.150359153747559,87.83467864990234,4.841647624969482,23.67751693725586,10.216766357421875,7.489756107330322,2.2303576469421387,157.53326416015625,192.57620239257812,25745.869140625
2021-08-18,201.89004516601562,10.266420364379883,5.233945846557617,6.303218841552734,88.33296966552734,4.293264389038086,24.278703689575195,10.176907539367676,7.571462631225586,2.244210720062256,149.2372283935547,191.97659301757812,25867.009765625
2021-08-19,198.34466552734375,9.482306480407715,5.1388983726501465,6.267251968383789,88.46887969970703,4.019073009490967,24.787397384643555,10.044050216674805,7.31272554397583,2.1264586448669434,151.15170288085938,193.8753662109375,25316.330078125
2021-08-20,190.26905822753906,8.944367408752441,5.005831718444824,5.93455696105957,86.61161804199219,4.213893890380859,23.816253662109375,9.84476375579834,7.026752948760986,2.064119815826416,147.14044189453125,205.66778564453125,24849.720703125
2021-08-23,196.86740112304688,9.31818962097168,4.936130523681641,6.474062442779541,86.74751281738281,4.415928840637207,23.67751693725586,10.256623268127441,7.258254051208496,2.1264586448669434,152.06336975097656,207.46664428710938,25109.58984375
2021-08-24,200.90521240234375,9.427599906921387,4.9614763259887695,6.384144306182861,86.61161804199219,4.379851818084717,23.492534637451172,10.323051452636719,7.285490989685059,2.1472387313842773,152.24569702148438,223.45635986328125,25727.919921875
2021-08-25,201.1021728515625,9.573482513427734,4.948803424835205,6.501037120819092,86.430419921875,4.488983631134033,23.585025787353516,10.588766098022461,7.734874725341797,2.1749448776245117,150.96937561035156,230.8516082763672,25693.94921875
2021-08-26,199.5264434814453,9.4093656539917,4.898111343383789,6.438094615936279,85.11674499511719,4.474432945251465,23.261308670043945,10.588766098022461,7.816581726074219,2.1749448776245117,150.14891052246094,225.455078125,25415.689453125
2021-08-27,201.1021728515625,9.482306480407715,4.90444803237915,6.519021034240723,86.29452514648438,4.5544633865356445,23.86249542236328,10.695054054260254,7.898288726806641,2.1957244873046875,154.16017150878906,223.45635986328125,25407.890625
2021-08-30,215.67764282226562,10.065834045410156,4.942467212677002,6.824739933013916,85.07144927978516,4.590840816497803,24.87989044189453,10.881054878234863,7.694023132324219,2.2857704162597656,156.62161254882812,226.25454711914062,25539.5390625
2021-08-31,214.10194396972656,10.102303504943848,4.923457622528076,6.608937740325928,84.21076202392578,4.91096305847168,25.989774703979492,11.439055442810059,7.898288726806641,2.361962080001831,158.0417022705078,226.0546875,25878.990234375
2021-09-01,217.64732360839844,9.737600326538086,5.031177520751953,6.348176002502441,84.98086547851562,4.838208198547363,25.527324676513672,11.160055160522461,7.639552593231201,2.368889093399048,155.75123596191406,238.04696655273438,26028.2890625
2021-09-02,226.5107879638672,9.828775405883789,5.050933837890625,6.150359153747559,84.28040313720703,4.612668037414551,25.989774703979492,11.279627799987793,7.775729179382324,2.3827426433563232,157.12551879882812,245.8419647216797,26090.4296875
2021-09-03,234.389404296875,10.029361724853516,5.070689678192139,6.33918571472168,84.32588958740234,4.44533109664917,25.34234046936035,11.452342987060547,7.5033745765686035,2.438155174255371,159.32435607910156,245.8419647216797,25901.990234375
2021-09-06,236.94996643066406,10.138772964477539,5.116786956787109,6.3661603927612305,86.23619842529297,4.46715784072876,25.85103988647461,11.811059951782227,7.20378303527832,2.438155174255371,159.78244018554688,244.6427459716797,26163.630859375
2021-09-07,240.2983856201172,10.08406925201416,5.143128871917725,6.662888050079346,86.37263488769531,4.38712739944458,26.498470306396484,12.023632049560547,7.625933647155762,2.452008008956909,159.2327423095703,246.44158935546875,26353.630859375
2021-09-08,237.93478393554688,9.86524486541748,5.0904459953308105,6.788774013519287,86.09973907470703,4.1906890869140625,25.666059494018555,11.957202911376953,7.830199718475342,2.4312283992767334,150.98709106445312,255.0360565185547,26320.9296875
2021-09-09,238.32872009277344,10.229948997497559,5.182640075683594,6.545995712280273,84.91717529296875,4.256168365478516,25.06487274169922,12.262775421142578,8.960471153259277,2.4287126064300537,152.17813110351562,248.8400421142578,25716.0
2021-09-10,238.32872009277344,10.886417388916016,5.3143463134765625,7.004575252532959,86.69102478027344,4.350749969482422,25.111116409301758,12.20963191986084,9.11026668548584,2.4722115993499756,153.2775421142578,250.4390106201172,26205.91015625
2021-09-13,238.32872009277344,11.305827140808105,5.45922327041626,7.03154993057251,85.73587036132812,4.277994632720947,24.787397384643555,12.674633979797363,9.450711250305176,2.5954596996307373,154.2853240966797,239.24620056152344,25813.810546875
2021-09-14,233.99546813964844,10.79524040222168,5.426296710968018,6.662888050079346,85.19007110595703,4.154311656951904,24.50992774963379,12.342490196228027,9.096650123596191,2.696958541870117,152.8194580078125,224.45571899414062,25502.23046875
2021-09-15,231.6318817138672,10.70406436920166,5.413125991821289,6.429103374481201,81.86979675292969,4.161586284637451,24.417438507080078,12.302632331848145,8.987707138061523,2.733207941055298,149.61280822753906,219.85867309570312,25033.2109375
2021-09-16,225.13201904296875,10.15700912475586,5.419711589813232,6.249268054962158,80.14144134521484,4.103382587432861,23.21506690979004,12.076774597167969,8.688117980957031,2.7549571990966797,147.96368408203125,217.46022033691406,24667.849609375
2021-09-17,235.37425231933594,9.701128005981445,5.3143463134765625,6.3661603927612305,80.14144134521484,4.1688618659973145,23.816253662109375,11.678200721740723,8.265966415405273,2.7549571990966797,146.77261352539062,225.05532836914062,24920.759765625
2021-09-20,233.40457153320312,9.299954414367676,5.156298637390137,6.1053996086120605,76.18440246582031,4.059730529785156,22.428895950317383,11.319486618041992,7.884670734405518,2.675208806991577,146.3145294189453,219.25904846191406,24099.140625
2021-09-21,233.20761108398438,9.299954414367676,5.136543273925781,6.114391803741455,80.73271942138672,4.037903308868408,22.5676326751709,11.452342987060547,7.871053218841553,2.696958541870117,145.03187561035156,220.6581573486328,24221.5390625
2021-09-23,237.34388732910156,9.22701358795166,5.2880048751831055,6.258260250091553,80.41433715820312,4.030627727508545,21.411502838134766,11.744630813598633,7.911905765533447,2.7477076053619385,145.85643005371094,228.85289001464844,24510.98046875
2021-09-24,243.64678955078125,9.081130981445312,5.3143463134765625,6.33918571472168,78.68597412109375,4.00152587890625,21.272769927978516,11.133482933044434,7.31272554397583,2.7549571990966797,145.6732177734375,228.25326538085938,24192.16015625
2021-09-27,244.6316375732422,8.898778915405273,5.584343433380127,5.431019306182861,78.95886993408203,3.979698657989502,20.30162239074707,11.186627388000488,6.904194355010986,2.7912065982818604,142.46656799316406,226.654296875,24208.779296875
2021-09-28,242.4650115966797,8.962604522705078,5.90702486038208,5.431019306182861,78.59500885009766,4.00152587890625,20.76407241821289,12.023632049560547,7.026752948760986,2.849205732345581,140.17613220214844,232.65045166015625,24500.390625
2021-09-29,236.3590850830078,8.707310676574707,5.748976707458496,5.2601752281188965,81.00560760498047,4.059730529785156,20.8565616607666,11.664915084838867,6.808868885040283,2.6607093811035156,142.28335571289062,233.2500457763672,24663.5
2021-09-30,238.32872009277344,8.771134376525879,5.729221343994141,5.368076324462891,81.82431030273438,4.037903308868408,20.671581268310547,12.103344917297363,6.822486400604248,2.675208806991577,142.10011291503906,234.649169921875,24575.640625
2021-10-04,230.45008850097656,8.233194351196289,5.7555623054504395,4.927480220794678,80.2323989868164,3.914220094680786,20.34786605834961,12.20963191986084,6.706737518310547,2.675208806991577,142.28335571289062,239.6459503173828,24036.369140625
2021-10-05,227.88954162597656,8.570547103881836,5.900439262390137,5.08034086227417,81.82431030273438,3.885117530822754,20.39410972595215,12.50191879272461,6.931429386138916,2.8782055377960205,144.39053344726562,239.04632568359375,24104.150390625
2021-10-06,229.26832580566406,8.415546417236328,6.038730621337891,5.026390075683594,81.3694839477539,3.7541584968566895,19.88541603088379,12.541777610778809,6.747589588165283,3.001453399658203,141.91685485839844,244.24298095703125,23966.490234375
2021-10-07,240.2983856201172,8.625250816345215,5.828001022338867,5.125298500061035,82.14269256591797,3.856015682220459,20.39410972595215,12.408918380737305,6.795251846313477,2.928954839706421,138.9850616455078,247.84068298339844,24701.73046875
2021-10-08,240.2983856201172,8.780252456665039,5.860928058624268,5.143281936645508,81.86979675292969,3.914220094680786,20.532846450805664,11.59848690032959,6.618220806121826,2.9434547424316406,138.16050720214844,245.8419647216797,24837.849609375
2021-10-11,247.1921844482422,9.391130447387695,5.860928058624268,5.017397880554199,80.64175415039062,3.914220094680786,20.995296478271484,12.050202369689941,6.386719703674316,2.9797041416168213,135.50355529785156,247.64080810546875,25325.08984375
2021-10-12,242.26803588867188,9.354660034179688,5.722635269165039,4.936471939086914,79.59564208984375,3.710505485534668,20.902807235717773,12.183061599731445,6.420763969421387,2.9217050075531006,136.14491271972656,251.83810424804688,24962.58984375
2021-10-15,244.43466186523438,10.065834045410156,5.716049671173096,4.4464216232299805,79.86854553222656,3.710505485534668,22.5676326751709,11.930630683898926,6.536515235900879,2.9217050075531006,142.55819702148438,257.8342590332031,25330.9609375
2021-10-18,236.3590850830078,10.48524284362793,5.795073986053467,4.756636619567871,79.55015563964844,3.732332229614258,22.937591552734375,12.674633979797363,6.7680158615112305,2.9652042388916016,142.55819702148438,253.636962890625,25409.75
2021-10-19,237.54086303710938,10.70406436920166,5.795073986053467,5.1073150634765625,81.3694839477539,3.826914072036743,23.446290969848633,12.355775833129883,6.774824619293213,2.9652042388916016,147.68882751464844,243.44351196289062,25787.2109375
2021-10-20,242.26803588867188,10.558183670043945,5.6633687019348145,4.945464134216309,82.50655364990234,3.7541584968566895,24.602420806884766,11.98377513885498,6.625030040740967,2.9434547424316406,147.5055694580078,245.04248046875,26136.01953125
2021-10-21,243.055908203125,10.357596397399902,5.722635269165039,5.0533647537231445,81.59689331054688,3.746882915496826,24.139968872070312,12.369063377380371,6.672691345214844,2.9362049102783203,141.55039978027344,240.84518432617188,26017.529296875
2021-10-22,246.20736694335938,10.266420364379883,5.630441188812256,5.089332103729248,81.32400512695312,3.746882915496826,24.694910049438477,11.864203453063965,6.366292953491211,2.8274567127227783,142.7414093017578,243.24362182617188,26126.9296875
2021-10-25,237.54086303710938,10.394065856933594,5.702879905700684,5.332108974456787,82.73397827148438,3.8341894149780273,24.926136016845703,11.970489501953125,6.373102188110352,2.863706111907959,145.85643005371094,232.45057678222656,26132.029296875
2021-10-26,234.58639526367188,10.539949417114258,5.637027263641357,5.314126014709473,82.09722137451172,3.8050875663757324,25.01862335205078,11.611771583557129,6.26416015625,2.8709557056427,149.7044219970703,227.25390625,26038.26953125
2021-10-27,236.55601501464844,10.15700912475586,5.610685348510742,5.2601752281188965,80.77820587158203,3.8414647579193115,24.55617332458496,11.040484428405762,6.025849342346191,2.8129570484161377,146.9558868408203,225.05532836914062,25628.740234375
2021-10-28,234.98031616210938,9.755834579467773,5.558002471923828,5.20622444152832,81.46045684814453,3.856015682220459,24.371192932128906,11.133482933044434,5.699023246765137,2.711458206176758,147.13909912109375,225.25518798828125,25555.73046875
2021-10-29,230.6470489501953,9.883480072021484,5.650197505950928,5.431019306182861,79.91401672363281,3.972423791885376,25.01862335205078,11.133482933044434,5.8896708488464355,2.7259578704833984,146.68104553222656,225.25518798828125,25377.240234375
2021-11-01,228.08651733398438,9.591717720031738,5.623856544494629,5.08034086227417,79.91401672363281,3.89239239692688,24.139968872070312,11.239770889282227,5.733067512512207,2.718707799911499,147.41395568847656,224.05596923828125,25154.3203125
2021-11-02,227.88954162597656,9.391130447387695,5.577760219573975,5.116307258605957,80.2323989868164,3.972423791885376,24.232458114624023,10.947482109069824,5.6377434730529785,2.675208806991577,147.5972137451172,226.45443725585938,25099.669921875
2021-11-03,220.20787048339844,9.500541687011719,5.5382466316223145,5.332108974456787,78.27661895751953,3.950597047805786,23.7237606048584,11.19991397857666,5.7534942626953125,2.6244592666625977,145.58155822753906,226.25454711914062,25024.75
2021-11-04,224.34414672851562,9.464071273803711,5.49215030670166,5.431019306182861,77.86727142333984,3.9578726291656494,24.232458114624023,11.0936279296875,5.595273494720459,2.6244592666625977,145.489990234375,226.25454711914062,25225.189453125
2021-11-05,218.4351806640625,9.299954414367676,5.373614311218262,5.1073150634765625,78.36759185791016,3.979698657989502,24.50992774963379,10.721625328063965,5.19972038269043,2.4939615726470947,145.76483154296875,224.05596923828125,24870.509765625
2021-11-08,217.2533721923828,9.774068832397461,5.406540870666504,5.1792497634887695,78.36759185791016,3.9287710189819336,23.492534637451172,11.027198791503906,5.163761615753174,2.544710636138916,144.29893493652344,240.04568481445312,24763.76953125
2021-11-09,214.10194396972656,9.664658546447754,5.38678503036499,5.1792497634887695,77.86727142333984,3.877842426300049,24.093721389770508,10.761483192443848,5.214104652404785,2.544710636138916,147.68882751464844,245.04248046875,24813.130859375
2021-11-10,215.8746337890625,9.64642333984375,5.3999552726745605,5.152274131774902,75.09278869628906,3.8705663681030273,23.67751693725586,10.748197555541992,5.228488445281982,2.5519607067108154,153.91885375976562,240.04568481445312,24996.140625
2021-11-11,217.8442840576172,9.828775405883789,5.353858470916748,5.20622444152832,75.45665740966797,3.9069435596466064,23.908742904663086,10.947482109069824,5.393901348114014,2.5592105388641357,150.80384826660156,240.04568481445312,25247.990234375
2021-11-12,220.4048309326172,9.847010612487793,5.367029190063477,5.143281936645508,75.68408966064453,3.885117530822754,23.446290969848633,10.827911376953125,5.501779079437256,2.5737099647521973,150.07089233398438,242.24427795410156,25327.970703125
2021-11-15,221.58663940429688,9.847010612487793,5.347272872924805,4.990423202514648,77.45792388916016,3.89239239692688,23.40004539489746,10.721625328063965,5.42266845703125,2.566460371017456,154.92669677734375,243.04376220703125,25390.91015625
2021-11-16,223.35931396484375,9.86524486541748,5.380199432373047,5.242191314697266,78.04920959472656,3.914220094680786,24.371192932128906,10.788053512573242,5.357941627502441,2.5954596996307373,150.98709106445312,243.84324645996094,25713.779296875
2021-11-17,224.5410919189453,9.755834579467773,5.347272872924805,5.25118350982666,77.5943832397461,3.89239239692688,24.787397384643555,10.761483192443848,5.393901348114014,2.6389591693878174,156.48419189453125,233.05018615722656,25650.080078125
2021-11-18,236.55601501464844,9.774068832397461,5.3077616691589355,5.1792497634887695,77.27598571777344,3.8487401008605957,24.324947357177734,10.668481826782227,5.480203628540039,2.566460371017456,158.77464294433594,227.25390625,25319.720703125
2021-11-19,247.38914489746094,9.938187599182129,5.334102630615234,5.152274131774902,76.95761108398438,3.7905359268188477,24.0474796295166,10.867769241333008,5.480203628540039,2.566460371017456,156.11770629882812,230.05210876464844,25049.970703125
2021-11-22,255.07081604003906,9.938187599182129,5.241907596588135,5.314126014709473,77.86727142333984,3.7905359268188477,25.06487274169922,10.814626693725586,5.494587421417236,2.522960901260376,157.58360290527344,228.0533905029297,24951.33984375
2021-11-23,251.32850646972656,9.86524486541748,5.208981513977051,5.2601752281188965,77.63985443115234,3.783259868621826,24.324947357177734,10.974055290222168,5.717535018920898,2.537461042404175,152.26971435546875,228.25326538085938,24651.580078125
2021-11-24,242.66195678710938,9.573482513427734,5.23532247543335,5.242191314697266,79.68659210205078,3.775984525680542,23.446290969848633,11.266342163085938,5.5449299812316895,2.588210105895996,151.07870483398438,227.85353088378906,24685.5
2021-11-25,244.2377166748047,9.682893753051758,5.23532247543335,5.4400105476379395,79.59564208984375,3.7541584968566895,23.492534637451172,11.226485252380371,5.573697566986084,2.5592105388641357,151.8116455078125,225.8548126220703,24740.16015625
2021-11-26,242.4650115966797,9.372896194458008,5.123372554779053,5.25118350982666,76.95761108398438,3.7177813053131104,22.845102310180664,11.000626564025879,5.393901348114014,2.4722115993499756,149.06309509277344,220.45828247070312,24080.51953125
2021-11-29,239.9044647216797,9.336423873901367,5.103616714477539,5.790688991546631,76.32084655761719,3.710505485534668,22.151426315307617,10.987340927124023,5.379517555236816,2.4722115993499756,150.89544677734375,213.66265869140625,23852.240234375
2021-11-30,238.32872009277344,9.44583511352539,5.044349193572998,5.997498989105225,74.6379623413086,3.5577194690704346,21.411502838134766,10.734910011291504,5.4370527267456055,2.457712173461914,147.41395568847656,210.8644561767578,23475.259765625
2021-12-01,244.43466186523438,9.281719207763672,5.123372554779053,5.898589611053467,74.95635986328125,3.4995155334472656,21.272769927978516,11.279627799987793,5.4730119705200195,2.4867117404937744,153.2775421142578,215.06175231933594,23658.919921875
2021-12-02,244.82861328125,9.117602348327637,5.136543273925781,5.970523834228516,75.3656997680664,3.484964609146118,21.365257263183594,11.372629165649414,5.250064373016357,2.4939615726470947,153.55238342285156,222.0572509765625,23788.9296875
2021-12-03,240.10140991210938,9.172308921813965,5.077275276184082,6.1053996086120605,73.95571899414062,3.47041392326355,21.319013595581055,12.222918510437012,5.372325420379639,2.544710636138916,157.40036010742188,223.25648498535156,23766.689453125
2021-12-06,228.28350830078125,9.090250015258789,5.083860397338867,6.285235404968262,73.36443328857422,3.543168783187866,20.579090118408203,12.143203735351562,5.257255554199219,2.544710636138916,151.8116455078125,193.7754364013672,23349.380859375
2021-12-07,223.5562744140625,9.299954414367676,5.116786956787109,6.447086811065674,74.6834487915039,3.5868217945098877,21.50399398803711,11.970489501953125,5.4514360427856445,2.5519607067108154,151.7200469970703,212.2635498046875,23983.66015625
2021-12-08,229.85916137695312,9.299954414367676,5.103616714477539,6.662888050079346,75.68408966064453,3.5795462131500244,21.73522186279297,11.957202911376953,5.5665059089660645,2.5737099647521973,153.36915588378906,212.4634246826172,23996.869140625
2021-12-09,238.91964721679688,9.500541687011719,5.097031116485596,6.680871486663818,75.41118621826172,3.637749671936035,22.428895950317383,12.076774597167969,5.65280818939209,2.5954596996307373,156.20933532714844,211.86380004882812,24254.859375
2021-12-10,238.72264099121094,9.208778381347656,5.097031116485596,6.833732604980469,74.41055297851562,3.564995527267456,22.382654190063477,12.050202369689941,5.5665059089660645,2.5592105388641357,152.8194580078125,205.26803588867188,23995.720703125
2021-12-13,237.14695739746094,9.245247840881348,5.103616714477539,6.698855876922607,73.86474609375,3.5504448413848877,22.01268768310547,12.183061599731445,5.588080883026123,2.5737099647521973,153.8272247314453,205.06817626953125,23954.580078125
2021-12-14,236.55601501464844,8.880542755126953,5.057519435882568,6.348176002502441,72.72766876220703,3.5504448413848877,21.365257263183594,11.957202911376953,5.4514360427856445,2.537461042404175,149.79605102539062,192.6761474609375,23635.94921875
2021-12-15,226.70774841308594,8.58878231048584,5.070689678192139,6.483053684234619,72.36380767822266,3.535893440246582,21.087787628173828,12.143203735351562,5.386708736419678,2.501211643218994,148.87985229492188,190.57748413085938,23420.759765625
2021-12-16,223.75323486328125,8.698190689086914,5.103616714477539,6.653897762298584,72.77315521240234,3.4995155334472656,21.272769927978516,12.887207984924316,5.674383640289307,2.5592105388641357,151.8116455078125,193.8753662109375,23475.5
2021-12-17,216.26853942871094,8.78936767578125,5.189225196838379,6.599947452545166,72.45476531982422,3.5504448413848877,20.71782684326172,12.302632331848145,5.825413227081299,2.544710636138916,143.29115295410156,173.4884796142578,23192.630859375
2021-12-20,213.11708068847656,8.497605323791504,5.14971399307251,6.671879768371582,71.1357421875,3.564995527267456,20.30162239074707,11.943916320800781,5.523354530334473,2.4867117404937744,140.8174285888672,173.28860473632812,22744.859375
2021-12-21,211.1474151611328,8.524958610534668,5.12995719909668,6.743814468383789,70.9083480834961,3.6159234046936035,20.39410972595215,12.06348991394043,5.552122116088867,2.4432120323181152,141.18392944335938,174.8875732421875,22971.330078125
2021-12-22,212.72315979003906,8.543193817138672,5.182640075683594,6.429103374481201,71.27220153808594,3.637749671936035,20.532846450805664,12.222918510437012,5.717535018920898,2.4649617671966553,140.54257202148438,181.88308715820312,23102.330078125
2021-12-23,212.1322479248047,8.807602882385254,5.2814202308654785,6.779781341552734,71.49962615966797,3.623199939727783,20.671581268310547,12.39563274383545,6.098703861236572,2.5157113075256348,140.4509735107422,181.38340759277344,23193.640625
2021-12-24,211.1474151611328,8.661723136901855,5.334102630615234,6.662888050079346,71.68156433105469,3.5795462131500244,20.30162239074707,12.329204559326172,6.019593238830566,2.522960901260376,141.8252716064453,184.18161010742188,23223.759765625
2021-12-28,207.7990264892578,8.616133689880371,5.380199432373047,6.914657115936279,72.22736358642578,3.681403636932373,19.515453338623047,12.20963191986084,5.99082612991333,2.537461042404175,139.35153198242188,184.28152465820312,23280.560546875
2021-12-29,205.829345703125,8.46113395690918,5.353858470916748,6.7707905769348145,72.13639831542969,3.6741275787353516,19.376718521118164,12.116632461547852,5.854180812835693,2.544710636138916,139.44317626953125,180.78378295898438,23086.5390625
2021-12-30,205.2384796142578,8.415546417236328,5.2880048751831055,6.779781341552734,71.99993896484375,3.564995527267456,19.284225463867188,12.06348991394043,5.789453506469727,2.5157113075256348,141.91685485839844,178.28538513183594,23112.009765625
2021-12-31,213.11708068847656,8.46113395690918,5.2880048751831055,6.797763824462891,71.49962615966797,3.5577194690704346,19.70043182373047,12.143203735351562,5.918907165527344,2.5157113075256348,142.19171142578125,191.27703857421875,23397.669921875
2022-01-03,213.9049530029297,8.46113395690918,5.327517032623291,7.229369640350342,71.86348724365234,3.5868217945098877,19.70043182373047,12.39563274383545,6.091512203216553,2.522960901260376,144.39053344726562,190.37762451171875,23274.75
2022-01-04,212.52621459960938,8.315253257751465,5.3999552726745605,7.1934027671813965,72.2728271484375,3.6741275787353516,19.65418815612793,12.249489784240723,6.055552959442139,2.5084614753723145,139.1683349609375,194.47499084472656,23289.83984375
2022-01-05,213.11708068847656,8.27878189086914,5.531661510467529,6.923648834228516,71.49962615966797,3.710505485534668,18.387069702148438,12.48863410949707,5.954866409301758,2.544710636138916,137.24432373046875,196.37376403808594,22907.25
2022-01-06,212.32925415039062,8.14201831817627,5.623856544494629,6.761797904968262,72.54573059082031,3.6595771312713623,18.40557098388672,12.329204559326172,5.9836344718933105,2.5302114486694336,139.07667541503906,197.3731231689453,23072.859375
2022-01-07,212.1322479248047,7.968784332275391,5.656782627105713,6.707847595214844,73.68281555175781,3.6668527126312256,17.98011589050293,12.236205101013184,6.0771284103393555,2.689708709716797,134.2209014892578,199.87152099609375,23493.380859375
2022-01-10,215.67764282226562,8.297019004821777,5.623856544494629,6.680871486663818,72.77315521240234,3.8196375370025635,18.128097534179688,12.475349426269531,6.28569221496582,2.696958541870117,127.34952545166016,196.973388671875,23746.5390625
2022-01-11,226.3137969970703,8.452018737792969,5.643611907958984,6.662888050079346,71.49962615966797,3.710505485534668,17.480667114257812,12.475349426269531,6.508641242980957,2.6824588775634766,130.64781188964844,184.5813446044922,23739.060546875
2022-01-12,240.49534606933594,8.862310409545898,6.025558948516846,6.81574821472168,74.04668426513672,3.623199939727783,18.498058319091797,12.820777893066406,6.551792144775391,2.7694571018218994,130.28131103515625,194.57492065429688,24402.169921875
2022-01-13,241.28321838378906,9.117602348327637,6.084827423095703,6.986591339111328,75.229248046875,3.5868217945098877,18.590551376342773,13.086494445800781,6.702820777893066,2.820206642150879,129.6400146484375,195.37440490722656,24429.76953125
2022-01-14,242.26803588867188,9.053780555725098,6.0584869384765625,7.157434940338135,76.86664581298828,3.5577194690704346,18.498058319091797,13.059922218322754,6.422338485717773,2.805706739425659,127.71598815917969,189.97787475585938,24383.3203125
2022-01-17,238.72264099121094,8.953486442565918,6.124339580535889,6.860706806182861,75.68408966064453,3.506791591644287,17.943119049072266,13.07320785522461,6.350419521331787,2.8274567127227783,126.34175109863281,188.97853088378906,24218.029296875
2022-01-18,236.16209411621094,9.172308921813965,6.157266616821289,6.923648834228516,74.86538696289062,3.528618097305298,17.795133590698242,13.272494316101074,6.400763034820557,2.8782055377960205,125.97525787353516,186.18031311035156,24112.779296875
2022-01-19,231.43492126464844,9.208778381347656,6.209949016571045,6.779781341552734,76.2753677368164,3.6086485385894775,17.499164581298828,13.78399658203125,6.465489387512207,2.914454936981201,122.03565216064453,183.6819305419922,24127.849609375
2022-01-20,234.58639526367188,9.573482513427734,6.13092565536499,6.662888050079346,80.68721771240234,3.732332229614258,17.776636123657227,13.916854858398438,6.465489387512207,2.863706111907959,124.60099792480469,191.87664794921875,24952.349609375
2022-01-21,227.2986297607422,10.011126518249512,6.111169338226318,6.375153541564941,80.77820587158203,3.8123626708984375,17.98011589050293,14.049712181091309,6.6452860832214355,2.8274567127227783,123.6847915649414,207.06689453125,24965.55078125
2022-01-24,221.58663940429688,9.774068832397461,6.157266616821289,6.29422664642334,80.095947265625,3.8050875663757324,17.35118293762207,14.049712181091309,6.523024559020996,2.84195613861084,121.8524398803711,204.86830139160156,24656.4609375
2022-01-25,219.8139190673828,9.664658546447754,6.084827423095703,6.123383045196533,77.63985443115234,3.746882915496826,16.666751861572266,13.651140213012695,6.249732971191406,2.805706739425659,123.59318542480469,198.772216796875,24243.609375
2022-01-26,226.11683654785156,9.774068832397461,6.196776866912842,6.204310417175293,78.04920959472656,3.739607095718384,16.555763244628906,13.651140213012695,6.616518974304199,2.8564560413360596,119.9284439086914,199.67164611816406,24289.900390625
2022-01-27,221.78358459472656,9.427599906921387,6.13092565536499,6.285235404968262,76.63923645019531,3.703230619430542,15.982324600219727,13.485066413879395,6.415146827697754,2.849205732345581,120.29493713378906,199.5717010498047,23807.0
2022-01-28,216.4654998779297,9.190543174743652,6.1506805419921875,6.186326026916504,73.54635620117188,3.710505485534668,15.371888160705566,12.953636169433594,6.206582069396973,2.8274567127227783,115.80562591552734,195.67422485351562,23550.080078125
2022-01-31,217.8442840576172,9.008191108703613,6.170436382293701,6.285235404968262,73.68281555175781,3.797811508178711,15.371888160705566,12.74106502532959,6.2641167640686035,2.8129570484161377,117.27152252197266,200.07138061523438,23802.259765625
2022-02-04,225.72291564941406,9.464071273803711,6.256045341491699,6.3661603927612305,77.32147216796875,3.746882915496826,15.945328712463379,13.28577995300293,6.451105117797852,2.8782055377960205,126.79981231689453,207.8663787841797,24573.2890625
2022-02-07,225.72291564941406,9.44583511352539,6.519457817077637,6.384144306182861,77.36695861816406,3.856015682220459,15.945328712463379,13.584710121154785,6.458297252655029,2.972454071044922,126.25012969970703,211.86380004882812,24579.55078125
2022-02-08,225.72291564941406,9.299954414367676,6.447020053863525,6.80675745010376,78.23114013671875,4.00152587890625,15.593865394592285,14.348645210266113,6.767547130584717,2.994204044342041,121.8524398803711,214.86187744140625,24329.490234375
2022-02-09,232.02584838867188,10.011126518249512,6.493117332458496,6.761797904968262,79.09532165527344,4.037903308868408,15.945328712463379,13.916854858398438,7.17029333114624,2.9869537353515625,123.86804962158203,222.8567352294922,24829.990234375
2022-02-10,234.58639526367188,10.594654083251953,6.493117332458496,6.797763824462891,78.45853424072266,4.154311656951904,16.093311309814453,14.481502532958984,7.58022928237915,2.9652042388916016,125.15070343017578,233.2500457763672,24924.349609375
2022-02-11,232.61671447753906,10.576417922973633,6.552384853363037,7.004575252532959,79.41371154785156,4.117933750152588,15.72335147857666,14.846861839294434,7.5514607429504395,3.001453399658203,123.22669982910156,235.24876403808594,24906.66015625
2022-02-14,231.6318817138672,10.70406436920166,6.558970928192139,6.761797904968262,79.3227310180664,4.1688618659973145,15.186907768249512,14.481502532958984,7.58022928237915,3.081202268600464,122.21890258789062,228.45315551757812,24556.5703125
2022-02-15,229.0713348388672,10.248185157775879,6.38775110244751,6.707847595214844,78.86790466308594,4.161586284637451,15.464375495910645,14.381856918334961,7.522694110870361,2.972454071044922,123.86804962158203,230.6517333984375,24355.7109375
2022-02-16,232.02584838867188,10.521712303161621,6.466775894165039,6.81574821472168,80.32337188720703,4.117933750152588,15.815841674804688,14.614357948303223,7.58022928237915,2.9652042388916016,124.4177474975586,236.84774780273438,24718.900390625
2022-02-17,233.7985076904297,10.868183135986328,6.473361015319824,6.950624942779541,81.2330322265625,4.154311656951904,15.778844833374023,14.68078899383545,7.652148723602295,2.9869537353515625,126.70819091796875,233.84967041015625,24792.76953125
2022-02-18,236.3590850830078,10.849946022033691,6.4997029304504395,6.986591339111328,80.05046081542969,4.1688618659973145,15.408883094787598,14.913288116455078,7.724066257476807,2.9652042388916016,121.8524398803711,232.65045166015625,24327.7109375
2022-02-21,235.76817321777344,10.813477516174316,6.585311412811279,6.914657115936279,80.41433715820312,4.1397600173950195,15.131412506103516,14.946503639221191,7.738449573516846,2.972454071044922,124.78423309326172,227.05404663085938,24170.0703125
2022-02-22,232.61671447753906,10.72230052947998,6.624823093414307,6.608937740325928,77.32147216796875,4.088831424713135,14.465483665466309,14.913288116455078,7.853520393371582,3.0232033729553223,120.38653564453125,220.6581573486328,23520.0
2022-02-23,234.1924285888672,10.357596397399902,6.598482131958008,6.698855876922607,77.18502044677734,4.117933750152588,14.724455833435059,14.514714241027832,7.810368061065674,2.9869537353515625,114.79780578613281,217.85995483398438,23660.279296875
2022-02-24,226.5107879638672,10.375831604003906,6.66433572769165,6.644905090332031,74.41055297851562,3.979698657989502,14.021529197692871,14.381856918334961,7.709683895111084,3.0884525775909424,114.33973693847656,204.66844177246094,22901.560546875
2022-02-25,229.26832580566406,10.211713790893555,6.453605651855469,6.617929458618164,74.13764190673828,4.00152587890625,14.021529197692871,13.684354782104492,7.709683895111084,2.972454071044922,119.1038818359375,207.8663787841797,22767.1796875
2022-02-28,221.78358459472656,10.558183670043945,6.565555095672607,7.058525562286377,73.91023254394531,3.9651482105255127,13.337100982666016,14.282215118408203,7.810368061065674,3.0232033729553223,119.56198120117188,208.86573791503906,22713.01953125
2022-03-01,226.5107879638672,10.357596397399902,6.598482131958008,7.175418853759766,73.77377319335938,3.994250774383545,13.411092758178711,14.481502532958984,7.6089959144592285,2.994204044342041,118.00447845458984,204.06881713867188,22761.7109375
2022-03-02,223.5562744140625,10.79524040222168,6.822382926940918,7.157434940338135,72.36380767822266,3.9287710189819336,13.152120590209961,14.481502532958984,7.982973098754883,3.081202268600464,114.33973693847656,199.5717010498047,22343.919921875
2022-03-03,224.5410919189453,11.12347412109375,7.006771564483643,7.687948703765869,73.45541381835938,3.943321704864502,12.393698692321777,15.112574577331543,8.3281831741333,3.1174521446228027,124.6926040649414,221.05789184570312,22467.33984375
2022-03-04,216.85943603515625,10.995828628540039,6.861894607543945,7.6969404220581055,72.22736358642578,3.914220094680786,12.134727478027344,15.112574577331543,8.141194343566895,3.102952480316162,118.82903289794922,207.26675415039062,21905.2890625
2022-03-07,211.73834228515625,11.287590980529785,7.019941806793213,7.36424446105957,68.3157958984375,3.8341894149780273,11.191327095031738,14.813644409179688,8.270648956298828,3.2407000064849854,114.61457824707031,187.07974243164062,21057.630859375
2022-03-08,198.14768981933594,10.72230052947998,6.703847885131836,6.743814468383789,66.45098114013672,3.732332229614258,10.35891342163086,14.415071487426758,7.450775623321533,3.1319520473480225,117.17989349365234,172.58905029296875,20765.869140625
2022-03-09,197.7537384033203,10.631125450134277,6.66433572769165,6.635913372039795,65.08650207519531,3.6886796951293945,10.858360290527344,14.448287010192871,7.235019683837891,3.0232033729553223,115.62239074707031,180.18417358398438,20627.7109375
2022-03-10,211.93528747558594,10.61288833618164,6.651165008544922,6.617929458618164,68.17935180664062,3.797811508178711,11.006343841552734,14.282215118408203,7.191867828369141,2.90720534324646,118.73741912841797,189.0784454345703,20890.259765625
2022-03-11,196.0795440673828,10.61288833618164,6.447020053863525,6.788774013519287,70.27157592773438,3.710505485534668,10.580889701843262,14.1493558883667,7.220636367797852,2.863706111907959,117.72960662841797,171.88951110839844,20553.7890625
2022-03-14,167.02706909179688,9.792304039001465,6.236289978027344,6.177333831787109,70.54447174072266,3.535893440246582,9.766976356506348,13.352210998535156,6.60932731628418,2.7477076053619385,110.85823059082031,171.28988647460938,19531.66015625
2022-03-15,157.37576293945312,8.707310676574707,5.874098300933838,5.583878040313721,65.99615478515625,3.1575679779052734,9.526500701904297,12.315919876098633,5.775069713592529,2.566460371017456,103.6203842163086,126.11892700195312,18415.080078125
2022-03-16,188.89028930664062,9.391130447387695,6.051901340484619,6.312211036682129,68.2248306274414,3.2666995525360107,10.765870094299316,13.020065307617188,6.256925106048584,2.631709575653076,109.75881958007812,170.89015197753906,20087.5
2022-03-17,193.02658081054688,10.15700912475586,6.269217014312744,6.554986953735352,72.6366958618164,3.448587417602539,10.728875160217285,13.684354782104492,6.89700174331665,2.7477076053619385,121.39434051513672,178.885009765625,21501.23046875
2022-03-18,198.34466552734375,10.211713790893555,6.479946136474609,6.752806663513184,72.68218994140625,3.4922409057617188,11.043340682983398,13.78399658203125,7.24940299987793,2.7912065982818604,121.669189453125,178.4852752685547,21412.400390625
2022-03-21,188.29937744140625,10.193479537963867,6.53262996673584,6.689864635467529,73.5008773803711,3.41221022605896,10.562392234802246,13.850428581237793,7.191867828369141,2.762207508087158,119.19551086425781,172.38917541503906,21221.33984375
2022-03-22,195.1931915283203,10.667593955993652,6.822382926940918,6.896674633026123,74.95635986328125,3.477689743041992,10.895357131958008,14.581146240234375,7.594613552093506,2.8927054405212402,120.11167907714844,187.27960205078125,21889.279296875
2022-03-23,200.1173553466797,10.777006149291992,6.717017650604248,6.7707905769348145,75.72955322265625,3.477689743041992,11.061838150024414,14.448287010192871,7.378856182098389,2.849205732345581,120.11167907714844,190.97723388671875,22154.080078125
2022-03-24,208.58688354492188,11.178179740905762,6.8092122077941895,6.662888050079346,75.32022094726562,3.4995155334472656,11.17282772064209,15.012931823730469,7.853520393371582,2.8999550342559814,119.1038818359375,205.46792602539062,21945.94921875
2022-03-25,194.01141357421875,11.14171028137207,6.756530284881592,6.312211036682129,72.95508575439453,3.41221022605896,10.710375785827637,14.813644409179688,7.6952996253967285,2.914454936981201,114.79780578613281,186.38018798828125,21404.880859375
2022-03-28,197.7537384033203,11.178179740905762,7.006771564483643,6.168342113494873,73.1824951171875,3.448587417602539,10.728875160217285,16.208650588989258,7.637765407562256,2.9797041416168213,113.60677337646484,176.18673706054688,21684.970703125
2022-03-29,197.16285705566406,11.305827140808105,7.191160678863525,6.357169151306152,73.63734436035156,3.4995155334472656,11.209823608398438,16.972585678100586,7.637765407562256,2.994204044342041,116.08047485351562,188.6787109375,21927.630859375
2022-03-30,203.85971069335938,11.032299041748047,7.322866439819336,6.29422664642334,75.04731750488281,3.630474805831909,11.709272384643555,16.441152572631836,7.407623767852783,2.9869537353515625,118.64578247070312,191.27703857421875,22232.029296875
2022-03-31,196.57196044921875,10.995828628540039,7.0726237297058105,6.141366958618164,75.00182342529297,3.6013734340667725,11.431800842285156,16.673656463623047,7.522694110870361,2.9434547424316406,116.26371765136719,188.47885131835938,21996.849609375
2022-04-01,201.2991180419922,11.378767967224121,7.204329967498779,6.743814468383789,75.54763793945312,3.652301788330078,11.450299263000488,17.205087661743164,7.58022928237915,2.8927054405212402,113.88164520263672,186.58006286621094,22039.55078125
2022-04-04,207.99598693847656,11.670531272888184,7.322866439819336,6.617929458618164,76.32084655761719,3.775984525680542,11.524291038513184,16.939369201660156,7.6089959144592285,2.9362049102783203,114.70620727539062,197.97274780273438,22502.310546875
2022-04-06,196.86740112304688,11.451709747314453,7.704814434051514,6.1053996086120605,75.04731750488281,3.710505485534668,11.228322982788086,16.673656463623047,7.5514607429504395,2.994204044342041,106.18569946289062,187.27960205078125,22080.51953125
2022-04-07,193.95852661132812,11.397003173828125,7.480912685394287,5.808671951293945,74.86538696289062,3.681403636932373,10.969348907470703,16.706871032714844,7.450775623321533,2.957954168319702,102.70418548583984,187.5794219970703,21808.98046875
2022-04-08,194.8459930419922,11.852883338928223,7.678474426269531,5.81766414642334,76.77567291259766,3.732332229614258,11.098836898803711,17.072229385375977,7.58022928237915,2.9652042388916016,105.36112976074219,177.28602600097656,21872.009765625
2022-04-11,188.3379669189453,11.561118125915527,7.349207401275635,5.6288371086120605,74.319580078125,3.710505485534668,10.30341911315918,16.8065128326416,7.306938171386719,2.914454936981201,100.87181854248047,166.99266052246094,21208.30078125
2022-04-12,195.93063354492188,11.561118125915527,7.28335428237915,5.700771331787109,73.54635620117188,3.7541584968566895,10.395909309387207,16.8397274017334,7.098373889923096,2.863706111907959,100.5053482055664,175.7869873046875,21319.130859375
2022-04-13,198.593017578125,12.491114616394043,7.546767234802246,5.745729446411133,72.90960693359375,3.6741275787353516,10.377412796020508,17.371158599853516,7.465159893035889,2.9217050075531006,101.32991027832031,180.5839080810547,21374.369140625
2022-04-14,201.35400390625,12.655232429504395,7.612620830535889,5.826655387878418,72.90960693359375,3.8123626708984375,10.913854598999023,17.470802307128906,7.623380184173584,2.957954168319702,101.69639587402344,185.38082885742188,21518.080078125
2022-04-19,198.593017578125,12.363469123840332,7.665302276611328,5.871614933013916,71.27220153808594,3.826914072036743,10.895357131958008,17.238300323486328,7.853520393371582,2.9869537353515625,102.4293441772461,179.88436889648438,21027.759765625
2022-04-20,197.60694885253906,11.378767967224121,7.349207401275635,5.853631019592285,72.40928649902344,3.9578726291656494,11.246821403503418,16.574012756347656,7.6089959144592285,2.8999550342559814,103.89522552490234,176.88629150390625,20944.669921875
2022-04-21,191.49337768554688,11.14171028137207,7.16481876373291,5.6737961769104,72.13639831542969,3.9578726291656494,10.913854598999023,16.374725341796875,7.6952996253967285,2.8564560413360596,105.17790222167969,173.08872985839844,20682.220703125
2022-04-22,187.54910278320312,11.269355773925781,7.243844032287598,5.682787895202637,71.1812515258789,3.943321704864502,10.728875160217285,16.474369049072266,7.781601428985596,2.8347063064575195,103.34554290771484,171.58969116210938,20638.51953125
2022-04-25,173.74424743652344,10.357596397399902,6.717017650604248,5.224207401275635,68.2248306274414,3.8996684551239014,9.988951683044434,15.843293190002441,7.263786792755127,2.711458206176758,95.37471008300781,163.09515380859375,19869.33984375
2022-04-26,187.35189819335938,9.883480072021484,6.453605651855469,5.25118350982666,68.08837890625,3.979698657989502,10.35891342163086,15.610791206359863,6.774740219116211,2.675208806991577,100.87181854248047,164.79405212402344,19934.7109375
2022-04-27,190.80313110351562,10.448772430419922,6.888236045837402,5.529927730560303,69.5893325805664,3.914220094680786,10.710375785827637,15.942936897277832,7.026455402374268,2.7042081356048584,99.86402130126953,165.8933563232422,19946.359375
2022-04-28,201.35400390625,10.448772430419922,7.138477802276611,5.565895080566406,70.86286163330078,4.074280738830566,11.17282772064209,17.337942123413086,7.083991527557373,2.733207941055298,97.66519165039062,172.08937072753906,20276.169921875
2022-04-29,216.1449432373047,10.667593955993652,7.388720512390137,5.601861953735352,70.72640991210938,3.9651482105255127,11.505792617797852,16.8065128326416,7.184676647186279,2.7549571990966797,97.48194885253906,187.07974243164062,21089.390625
2022-05-03,218.7086944580078,10.120538711547852,7.309695243835449,5.799680709838867,70.72640991210938,3.9578726291656494,11.505792617797852,16.972585678100586,7.048029899597168,2.7912065982818604,98.39813232421875,189.7779998779297,21101.890625
2022-05-04,213.7783660888672,10.102303504943848,7.204329967498779,5.790688991546631,69.81672668457031,3.950597047805786,11.542789459228516,16.640439987182617,6.9329609870910645,2.84195613861084,95.83281707763672,184.5813446044922,20869.51953125
2022-05-05,213.18673706054688,10.357596397399902,7.257014751434326,5.790688991546631,69.36190032958984,4.00152587890625,11.487295150756836,16.574012756347656,6.817890644073486,2.8999550342559814,94.45854187011719,181.98301696777344,20793.400390625
2022-05-06,204.50938415527344,9.609951972961426,7.177989959716797,5.565895080566406,67.3151626586914,3.8705663681030273,10.728875160217285,16.241867065429688,6.458297252655029,2.863706111907959,86.716796875,171.98944091796875,20001.9609375
2022-05-10,195.043212890625,9.017308235168457,6.92774772644043,5.583878040313721,66.67840576171875,3.826914072036743,10.321918487548828,15.67722225189209,6.2713093757629395,2.740457534790039,91.25189208984375,162.19573974609375,19633.689453125
2022-05-11,203.3260955810547,9.10848331451416,6.92774772644043,5.51194429397583,65.54133605957031,3.89239239692688,11.024843215942383,15.876508712768555,6.28569221496582,2.7042081356048584,90.3357162475586,163.89463806152344,19824.5703125
2022-05-12,199.9735107421875,8.752899169921875,6.92774772644043,5.269166946411133,65.9051742553711,3.877842426300049,10.913854598999023,15.577579498291016,6.199390411376953,2.689708709716797,87.12907409667969,158.39817810058594,19380.33984375
2022-05-13,196.818115234375,8.807602882385254,7.019941806793213,5.475976943969727,66.63290405273438,3.943321704864502,11.801761627197266,16.275083541870117,6.44391393661499,2.718707799911499,91.70999145507812,158.89785766601562,19898.76953125
2022-05-16,195.93063354492188,8.898778915405273,7.033113479614258,5.431019306182861,67.36064910888672,3.994250774383545,11.598283767700195,16.441152572631836,6.386379241943359,2.689708709716797,92.53455352783203,165.29373168945312,19950.2109375
2022-05-17,198.593017578125,9.518775939941406,7.2306718826293945,5.601861953735352,70.54447174072266,4.110658645629883,12.615676879882812,16.607227325439453,6.6884379386901855,2.7694571018218994,93.26750946044922,171.68963623046875,20602.51953125
2022-05-18,200.76234436035156,9.372896194458008,7.296525955200195,5.682787895202637,71.04479217529297,4.147034645080566,12.726665496826172,16.673656463623047,6.67405366897583,2.783957004547119,98.63408660888672,170.39047241210938,20644.279296875
2022-05-19,197.4097442626953,9.291361808776855,7.125307559967041,5.565895080566406,70.58995056152344,4.103382587432861,12.430696487426758,16.507583618164062,6.6884379386901855,2.776707172393799,91.27816772460938,166.19317626953125,20120.6796875
2022-05-20,200.367919921875,9.664507865905762,7.3360371589660645,5.889598369598389,73.54635620117188,4.1906890869140625,12.65267276763916,17.072229385375977,7.0120720863342285,2.8347063064575195,90.72300720214844,170.59033203125,20717.240234375
2022-05-23,195.24038696289062,9.608536720275879,7.441402435302734,6.114391803741455,71.68156433105469,4.248892307281494,12.615676879882812,16.972585678100586,7.563840866088867,2.8564560413360596,92.38849639892578,167.89207458496094,20470.060546875
2022-05-24,193.95852661132812,9.384648323059082,7.388720512390137,6.0154829025268555,71.06361389160156,4.219790935516357,13.059630393981934,17.005800247192383,7.356927871704102,2.8564560413360596,87.34577178955078,156.6992645263672,20112.099609375
2022-05-25,192.6766357421875,9.459277153015137,7.520426273345947,6.051449775695801,71.15583801269531,4.256168365478516,13.651569366455078,17.238300323486328,7.310946464538574,2.914454936981201,87.25323486328125,154.2008819580078,20171.26953125
2022-05-26,189.42263793945312,9.515249252319336,7.638961315155029,6.087416172027588,71.06361389160156,4.263443946838379,13.411092758178711,17.304729461669922,7.195995330810547,2.928954839706421,87.43829345703125,155.30015563964844,20116.19921875
2022-05-27,191.69058227539062,9.608536720275879,7.902374267578125,6.159350395202637,73.09268188476562,4.307096481323242,13.503583908081055,17.504016876220703,7.24963903427124,2.994204044342041,92.61981201171875,166.2930908203125,20697.359375
2022-05-30,180.05502319335938,9.68316650390625,8.007739067077637,6.150359153747559,74.33780670166016,4.350749969482422,13.485085487365723,17.304729461669922,7.310946464538574,2.9869537353515625,95.95079803466797,172.88885498046875,21123.9296875
2022-05-31,195.83206176757812,9.944368362426758,8.178956985473633,6.249268054962158,74.61449432373047,4.379851818084717,13.873544692993164,17.437585830688477,7.4642157554626465,3.0522029399871826,95.11804962158203,176.18673706054688,21415.19921875
2022-06-01,201.35400390625,9.645852088928223,8.034079551696777,6.321202754974365,74.52226257324219,4.38712739944458,14.095520973205566,17.603660583496094,7.479543209075928,3.0304529666900635,94.28530883789062,174.28794860839844,21294.939453125
2022-06-02,202.73451232910156,9.645852088928223,7.92871618270874,6.285235404968262,73.78440856933594,4.4598822593688965,14.3674898147583,17.437585830688477,7.448889255523682,3.0087037086486816,92.15717315673828,171.18995666503906,21082.130859375
2022-06-06,205.6926727294922,10.261544227600098,8.034079551696777,6.249268054962158,75.95182800292969,4.496259689331055,14.254951477050781,17.437585830688477,7.548515319824219,3.037702798843384,94.10025024414062,181.08358764648438,21653.900390625
2022-06-07,214.56724548339844,10.112284660339355,7.968227386474609,6.492044925689697,74.70671844482422,4.459038257598877,13.973603248596191,17.304729461669922,7.6558027267456055,3.066702365875244,93.54508972167969,178.4852752685547,21531.669921875
2022-06-08,215.3560791015625,10.261544227600098,8.139444351196289,6.438094615936279,75.35233306884766,4.377153396606445,14.217438697814941,18.002233505249023,7.625148296356201,3.1392014026641846,93.17498779296875,188.8785858154297,22014.58984375
2022-06-09,212.98953247070312,10.112284660339355,8.314173698425293,5.943548679351807,75.99795532226562,4.2878241539001465,13.654744148254395,18.267948150634766,7.48720645904541,3.1609513759613037,92.89739227294922,190.87730407714844,21869.05078125
2022-06-10,210.82020568847656,10.00033950805664,8.285052299499512,5.86262321472168,74.61449432373047,4.176161289215088,14.405003547668457,18.068662643432617,7.39524507522583,3.124701976776123,95.0255126953125,181.08358764648438,21806.1796875
2022-06-13,200.76234436035156,9.869739532470703,8.212248802185059,5.72774600982666,72.954345703125,4.176161289215088,13.91733455657959,17.869375228881836,7.127024173736572,3.124701976776123,89.0112533569336,171.88951110839844,21067.580078125
2022-06-14,197.60694885253906,9.720479965209961,8.139445304870605,5.619845390319824,72.4931869506836,4.161273002624512,13.711012840270996,17.769731521606445,7.111696720123291,3.1319520473480225,86.23543548583984,171.38983154296875,21067.990234375
2022-06-15,194.45155334472656,9.776453971862793,8.02295970916748,5.9165730476379395,72.67764282226562,4.220826625823975,14.19868278503418,17.603660583496094,7.111696720123291,3.0739524364471436,82.34928131103516,178.78506469726562,21308.2109375
2022-06-16,187.05609130859375,9.608536720275879,7.717184066772461,5.6737961769104,71.61699676513672,4.153830051422119,13.654744148254395,16.8065128326416,7.104033470153809,2.9652042388916016,79.24961853027344,167.89207458496094,20845.4296875
2022-06-17,185.6756134033203,9.664507865905762,7.658941268920898,5.601861953735352,73.18490600585938,4.183605194091797,13.992361068725586,16.607227325439453,6.897119045257568,2.88545560836792,76.75138092041016,169.8907928466797,21075.0
2022-06-20,189.521240234375,9.24471664428711,7.382287502288818,5.637828826904297,74.15333557128906,4.176161289215088,14.179925918579102,16.075796127319336,6.851137638092041,2.8355424404144287,74.76204681396484,171.68963623046875,21163.91015625
2022-06-21,190.1128692626953,9.347333908081055,7.440530300140381,5.736608982086182,75.26010131835938,4.161273002624512,14.1236572265625,16.507583618164062,7.019733905792236,2.872852087020874,76.61260223388672,179.5845489501953,21559.58984375
2022-06-22,182.9146270751953,9.0394868850708,7.156595230102539,5.472294330596924,72.67764282226562,4.146385192871094,14.705107688903809,16.175437927246094,6.927773475646973,2.7534613609313965,75.40974426269531,179.5845489501953,21008.33984375
2022-06-23,188.53515625,8.908885955810547,7.280362129211426,5.2862958908081055,73.27713775634766,4.153830051422119,15.792985916137695,16.40793800354004,6.782167434692383,2.760923147201538,75.50226593017578,181.18353271484375,21273.869140625
2022-06-24,193.46546936035156,8.69432544708252,7.178437232971191,5.32545280456543,74.33780670166016,4.168717861175537,16.824594497680664,16.275083541870117,6.4986186027526855,2.738537311553955,78.32435607910156,185.38082885742188,21719.060546875
2022-06-27,209.2425079345703,9.048816680908203,7.367727279663086,5.531031131744385,76.41297149658203,4.302712440490723,17.48107147216797,16.972585678100586,6.6748785972595215,2.783308744430542,79.9435806274414,197.572998046875,22229.51953125
2022-06-28,207.4675750732422,9.2167329788208,7.629818916320801,5.697451591491699,78.16535186767578,4.511147975921631,17.874958038330078,17.437585830688477,6.8664655685424805,2.850466251373291,80.82258605957031,230.25198364257812,22418.970703125
2022-06-29,199.9735107421875,8.815598487854004,7.6006975173950195,5.5114521980285645,78.94931030273438,4.511147975921631,16.411951065063477,17.079410552978516,6.705532550811768,2.8206186294555664,75.54853820800781,219.85867309570312,21996.890625
2022-06-30,200.367919921875,8.964856147766113,7.542454719543457,5.36461067199707,78.44205474853516,4.511147975921631,16.730812072753906,16.96630096435547,6.797494411468506,2.7907705307006836,75.73358917236328,221.4576416015625,21859.7890625
2022-07-04,205.1010284423828,8.647683143615723,7.4842119216918945,5.354821681976318,78.62651062011719,4.526035785675049,16.111848831176758,16.96630096435547,6.590580940246582,2.768385171890259,78.8795166015625,221.8573760986328,21830.349609375
2022-07-05,207.07315063476562,8.69432544708252,7.571577072143555,5.4135589599609375,79.31824493408203,4.503704071044922,15.774230003356934,17.230222702026367,6.7438507080078125,2.768385171890259,80.49874114990234,219.45892333984375,21853.0703125
2022-07-06,206.67874145507812,8.42379379272461,7.207557201385498,5.315662860870361,78.02701568603516,4.32504415512085,15.380341529846191,16.4007568359375,6.513946533203125,2.648993730545044,81.00765228271484,204.86830139160156,21586.66015625
2022-07-07,208.05923461914062,8.41446590423584,7.163876056671143,5.589767932891846,78.34982299804688,4.377153396606445,16.411951065063477,16.513866424560547,6.659551620483398,2.6340696811676025,81.37774658203125,205.46792602539062,21643.580078125
2022-07-08,207.27035522460938,8.60103988647461,7.200279235839844,5.668083190917969,78.53428649902344,4.369709014892578,16.29941177368164,16.81549072265625,6.644225120544434,2.6564552783966064,82.30301666259766,209.86509704589844,21725.779296875
2022-07-11,202.9316864013672,8.339837074279785,7.163876056671143,5.648504257202148,76.73579406738281,4.347376823425293,15.755471229553223,16.476163864135742,6.506282806396484,2.6415319442749023,79.8510513305664,196.07395935058594,21124.19921875
2022-07-12,200.76234436035156,8.209235191345215,7.1347551345825195,5.5114521980285645,76.78191375732422,4.317600250244141,15.943037986755371,16.476163864135742,6.4066572189331055,2.648993730545044,78.69446563720703,187.8792266845703,20844.740234375
2022-07-13,201.1567840576172,8.181249618530273,6.974587440490723,5.609346389770508,77.47364807128906,4.377153396606445,15.64293384552002,16.476163864135742,6.2840423583984375,2.6340696811676025,78.69446563720703,194.3750457763672,20797.94921875
2022-07-14,204.11497497558594,7.957359790802002,6.894503116607666,5.6387152671813965,76.41297149658203,4.377153396606445,15.567907333374023,16.62697410583496,6.1690897941589355,2.6191458702087402,78.83324432373047,203.66908264160156,20751.2109375
2022-07-15,201.9456329345703,7.6401848793029785,6.785297870635986,5.521242141723633,75.5829086303711,4.2878241539001465,15.64293384552002,16.6646785736084,5.931522846221924,2.581836223602295,76.38127899169922,195.77413940429688,20297.720703125
2022-07-18,205.29824829101562,8.106618881225586,7.171158313751221,5.75618839263916,77.19693756103516,4.384596824645996,15.792985916137695,17.192520141601562,6.261051654815674,2.69376540184021,81.14643096923828,203.8689422607422,20846.1796875
2022-07-19,204.11497497558594,8.013333320617676,7.251241207122803,5.903029918670654,77.05859375,4.35482120513916,15.47412395477295,17.230222702026367,6.245724201202393,2.7086894512176514,78.5093994140625,201.47048950195312,20661.060546875
2022-07-20,204.7066192626953,8.274537086486816,7.280362129211426,5.883450984954834,76.6896743774414,4.4069294929504395,15.49288272857666,17.192520141601562,6.130772590637207,2.7236132621765137,84.15357208251953,209.46536254882812,20890.220703125
2022-07-21,204.50938415527344,8.106618881225586,7.127475261688232,5.75618839263916,73.04656219482422,4.377153396606445,15.380341529846191,16.363056182861328,6.215070724487305,2.69376540184021,86.14290618896484,208.26611328125,20574.630859375
2022-07-22,203.3260955810547,8.22789192199707,7.171158313751221,5.922609329223633,73.32325744628906,4.392041206359863,15.399099349975586,16.476163864135742,6.05413818359375,2.68630313873291,84.06105041503906,209.0655975341797,20609.140625
2022-07-25,198.98744201660156,8.265205383300781,7.112914085388184,5.579977989196777,73.92276000976562,4.377153396606445,15.023969650268555,16.58927345275879,6.031147480010986,2.663917303085327,83.92225646972656,209.66522216796875,20562.939453125
2022-07-26,202.34007263183594,8.526411056518555,7.280362129211426,5.628925323486328,75.07564544677734,4.414373874664307,15.174020767211914,17.04170799255371,6.238061428070068,2.7310752868652344,82.62686157226562,212.8631591796875,20905.880859375
2022-07-27,200.76234436035156,8.377151489257812,7.236680030822754,5.668083190917969,74.33780670166016,4.4739274978637695,14.61132526397705,17.04170799255371,6.1537628173828125,2.7534613609313965,82.16423034667969,208.86573791503906,20670.0390625
2022-07-28,204.31216430664062,8.647683143615723,7.353166103363037,5.677873134613037,73.69218444824219,4.451594829559326,14.405003547668457,17.079410552978516,6.291706085205078,2.745999336242676,84.52368927001953,207.66650390625,20622.6796875
2022-07-29,198.593017578125,8.573052406311035,7.280362129211426,5.746398448944092,72.86211395263672,4.421818256378174,14.536298751831055,16.702381134033203,6.253387928009033,2.7236132621765137,80.54501342773438,197.97274780273438,20156.509765625
2022-08-01,200.367919921875,8.479765892028809,7.309483051300049,5.5995564460754395,71.20195770263672,4.332489013671875,16.411951065063477,16.740083694458008,6.05413818359375,2.7086894512176514,80.49874114990234,203.0694580078125,20165.83984375
2022-08-02,193.66268920898438,8.181249618530273,7.098352432250977,5.32545280456543,69.21900939941406,4.310156345367432,15.943037986755371,16.4007568359375,5.8395609855651855,2.671379327774048,80.91511535644531,194.2751007080078,19689.2109375
2022-08-03,196.32508850097656,8.209235191345215,7.040110111236572,5.384189605712891,69.03453826904297,4.2878241539001465,16.486976623535156,16.363056182861328,5.923859119415283,2.663917303085327,80.59126281738281,198.2725372314453,19767.08984375
2022-08-04,204.11497497558594,8.246549606323242,7.010989189147949,5.393979549407959,70.78691864013672,4.205938339233398,17.08718490600586,16.438459396362305,5.946849822998047,2.6191458702087402,83.50587463378906,208.86573791503906,20174.0390625
2022-08-05,207.07315063476562,8.489095687866211,6.923624515533447,5.540820121765137,70.83303833007812,4.243157863616943,16.730812072753906,16.174541473388672,6.008158206939697,2.559450387954712,86.97566223144531,212.66329956054688,20201.939453125
2022-08-08,205.29824829101562,8.433123588562012,7.010989189147949,5.717031002044678,71.01749420166016,4.205938339233398,16.674543380737305,16.438459396362305,5.954512596130371,2.559450387954712,85.77279663085938,210.06495666503906,20045.76953125
2022-08-09,203.3260955810547,8.526411056518555,7.032829761505127,5.707241058349609,71.15583801269531,4.176161289215088,16.3931941986084,17.00400161743164,6.023484230041504,2.574374198913574,83.08950805664062,200.67100524902344,20003.439453125
2022-08-10,198.98744201660156,8.479765892028809,6.9673051834106445,5.677873134613037,69.95684814453125,4.101720809936523,15.961795806884766,16.890893936157227,5.854888439178467,2.5669124126434326,80.49874114990234,195.47434997558594,19610.83984375
2022-08-11,202.9316864013672,8.712984085083008,7.10563325881958,5.775766849517822,70.92526245117188,4.101720809936523,16.261898040771484,17.00400161743164,6.061801433563232,2.5967600345611572,89.24256134033203,201.27061462402344,20082.4296875
2022-08-12,202.14285278320312,8.862242698669434,7.280362129211426,5.75618839263916,71.80145263671875,4.064499378204346,16.355680465698242,17.154817581176758,6.360677242279053,2.626607894897461,87.16070556640625,204.46856689453125,20175.619140625
2022-08-15,202.5372772216797,8.582382202148438,7.171158313751221,5.521242141723633,71.15583801269531,4.086832523345947,16.186872482299805,17.11711311340332,6.1690897941589355,2.53706431388855,87.90093231201172,206.8670196533203,20040.859375
2022-08-16,206.0870819091797,8.666339874267578,6.974587440490723,5.5114521980285645,70.74080657958984,4.0421671867370605,16.355680465698242,17.192520141601562,6.0771284103393555,2.4773688316345215,88.54861450195312,205.86766052246094,19830.51953125
2022-08-17,209.83412170410156,8.591711044311523,7.025550365447998,5.570188999176025,70.23353576660156,4.101720809936523,16.280654907226562,17.305627822875977,6.1690897941589355,2.507216215133667,97.52376556396484,209.86509704589844,19922.44921875
2022-08-18,213.7783660888672,8.42379379272461,6.98186731338501,5.472294330596924,69.63404846191406,4.101720809936523,15.774230003356934,17.230222702026367,6.0158209800720215,2.5221405029296875,94.93299102783203,201.27061462402344,19763.91015625
2022-08-19,207.8620147705078,8.433123588562012,7.047389984130859,5.677873134613037,69.54180908203125,4.064499378204346,16.336925506591797,17.720359802246094,5.900868892669678,2.559450387954712,95.76573944091797,206.26739501953125,19773.029296875
2022-08-22,209.2425079345703,8.638354301452637,7.156595230102539,5.717031002044678,69.31124877929688,4.034723281860352,16.168115615844727,18.097389221191406,6.1537628173828125,2.559450387954712,93.26750946044922,205.06817626953125,19656.98046875
2022-08-23,212.59512329101562,8.582382202148438,7.396848201751709,5.648504257202148,69.21900939941406,3.967725992202759,15.155263900756836,18.474416732788086,6.199743747711182,2.6191458702087402,89.24256134033203,210.46470642089844,19503.25
2022-08-24,210.62298583984375,8.293192863464355,7.513333320617676,5.501662731170654,68.38893127441406,3.9156172275543213,14.480030059814453,18.549823760986328,6.199743747711182,2.6788413524627686,88.08596801757812,210.46470642089844,19268.740234375
2022-08-25,195.24038696289062,8.666339874267578,7.877352237701416,5.697451591491699,71.6631088256836,4.057055473327637,14.948943138122559,19.4169864654541,6.544600009918213,2.7236132621765137,90.72300720214844,222.8567352294922,19968.380859375
2022-08-26,197.4097442626953,8.787612915039062,7.7899861335754395,5.619136333465576,72.12425994873047,4.0421671867370605,15.155263900756836,19.266178131103516,6.460301399230957,2.813156843185425,91.37069702148438,223.45635986328125,20170.0390625
2022-08-29,196.9167022705078,8.545066833496094,7.906473636627197,5.501662731170654,71.52476501464844,4.079733848571777,15.417856216430664,19.266178131103516,6.184416770935059,2.828080415725708,86.32796478271484,224.85545349121094,20023.220703125
2022-08-30,204.7066192626953,8.41446590423584,7.92103385925293,5.8540825843811035,70.5102310180664,4.057193756103516,15.24904727935791,18.889148712158203,5.893205642700195,2.8206186294555664,88.85189819335938,212.8631591796875,19949.029296875
2022-08-31,204.50938415527344,8.339837074279785,7.746305465698242,5.765977382659912,70.049072265625,4.0271406173706055,14.911429405212402,18.625228881835938,5.870214462280273,2.768385171890259,87.12252807617188,206.06753540039062,19954.390625
2022-09-01,207.27035522460938,8.050646781921387,7.702622890472412,5.433136940002441,69.4034652709961,3.9595210552215576,14.480030059814453,18.813743591308594,5.609657287597656,2.738537311553955,86.5616455078125,197.872802734375,19597.310546875
2022-09-02,206.0870819091797,7.826759338378906,7.629818916320801,5.207979679107666,68.34281158447266,3.9219539165496826,14.19868278503418,18.700634002685547,5.379753112792969,2.738537311553955,85.95403289794922,198.172607421875,19452.08984375
2022-09-05,210.42575073242188,7.864074230194092,7.819108486175537,5.1492438316345215,69.31124877929688,3.952007293701172,13.20458698272705,19.4169864654541,5.563676357269287,2.7907705307006836,84.64533233642578,195.37440490722656,19225.69921875
2022-09-06,211.60903930664062,8.171918869018555,7.881413459777832,5.1002960205078125,68.66561126708984,3.9069268703460693,13.635986328125,19.643205642700195,5.66330099105835,2.805694818496704,84.64533233642578,200.47113037109375,19202.73046875
2022-09-07,202.5372772216797,8.115946769714355,7.7334418296813965,5.041560173034668,67.37439727783203,3.952007293701172,13.392152786254883,19.4169864654541,5.770589828491211,2.7907705307006836,84.4583740234375,197.872802734375,19044.30078125
2022-09-08,203.5233154296875,8.274537086486816,7.453073501586914,4.943665504455566,66.45209503173828,3.8543341159820557,12.979508399963379,19.039960861206055,5.732272624969482,2.738537311553955,86.5149154663086,194.0752410888672,18854.619140625
2022-09-09,209.43971252441406,8.647683143615723,7.608834266662598,4.992612361907959,69.32990264892578,3.9069268703460693,13.27961254119873,19.379287719726562,5.977503776550293,2.7890429496765137,90.16060638427734,201.27061462402344,19362.25
2022-09-13,212.20068359375,8.675668716430664,7.74122953414917,5.041560173034668,68.17054748535156,4.072220325469971,13.260856628417969,19.45469093322754,6.0158209800720215,2.797011613845825,92.54431915283203,205.46792602539062,19326.859375
2022-09-14,213.3839569091797,8.451780319213867,7.912564754486084,5.08071756362915,66.3155517578125,4.0421671867370605,12.82945728302002,19.379287719726562,6.008158206939697,2.781074047088623,83.28988647460938,201.07073974609375,18847.099609375
2022-09-15,212.79232788085938,8.442451477050781,8.037171363830566,4.973033428192139,66.3155517578125,4.0271406173706055,12.54810905456543,19.379287719726562,5.969840049743652,2.7890429496765137,83.00946044921875,205.46792602539062,18930.380859375
2022-09-16,215.3560791015625,8.181249618530273,7.850260257720947,4.845770835876465,66.03731536865234,4.049680233001709,12.248004913330078,18.51211929321289,5.854888439178467,2.733262062072754,84.83230590820312,203.66908264160156,18761.689453125
2022-09-19,205.1010284423828,8.013333320617676,7.787957191467285,4.669561386108398,66.03731536865234,3.9745471477508545,12.060439109802246,18.51211929321289,5.770589828491211,2.693418502807617,80.76594543457031,196.4737091064453,18565.970703125
2022-09-20,205.49546813964844,8.115946769714355,7.850260257720947,4.752771377563477,66.45468139648438,4.079733848571777,12.210491180419922,18.587526321411133,5.724608898162842,2.6854498386383057,83.75729370117188,206.8670196533203,18781.419921875
2022-09-21,202.5372772216797,8.041318893432617,8.02159595489502,4.8017191886901855,66.13006591796875,4.0421671867370605,11.647795677185059,18.474416732788086,5.732272624969482,2.7173244953155518,82.86923217773438,205.86766052246094,18444.619140625
2022-09-22,193.07106018066406,7.98534631729126,7.959292411804199,4.67935037612915,64.55332946777344,4.1097869873046875,11.5540132522583,18.662933349609375,5.66330099105835,2.7013871669769287,80.76594543457031,196.57363891601562,18147.94921875
2022-09-23,192.38082885742188,7.817431449890137,7.959292411804199,4.488456726074219,64.04320526123047,3.944493532180786,11.385205268859863,18.02198028564453,5.525359630584717,2.7412307262420654,79.6441879272461,206.66714477539062,17933.26953125
2022-09-26,191.09893798828125,7.1177802085876465,7.515379428863525,4.3611931800842285,63.39396667480469,3.8543341159820557,11.385205268859863,17.531845092773438,5.157512664794922,2.6057629585266113,79.45723724365234,217.6600799560547,17855.140625
2022-09-27,191.5919647216797,7.155094623565674,7.4608635902404785,4.439509391784668,62.97659683227539,3.9219539165496826,11.366449356079102,17.60725212097168,5.272464752197266,2.6057629585266113,75.5778579711914,224.6555938720703,17860.310546875
2022-09-28,190.40869140625,6.716646671295166,7.312891960144043,4.380772590637207,60.84335708618164,3.7341203689575195,10.634943962097168,17.11711311340332,4.835647106170654,2.5499820709228516,71.09088134765625,213.86251831054688,17250.880859375
2022-09-29,188.3379669189453,6.987177848815918,7.242799758911133,4.341615200042725,59.96225357055664,3.6890413761138916,10.278570175170898,17.381032943725586,4.774339199066162,2.5499820709228516,70.81043243408203,212.2635498046875,17165.869140625
2022-09-30,185.6756134033203,7.13643741607666,7.328466415405273,4.508034706115723,60.70424270629883,3.71909499168396,10.1472749710083,17.68265724182129,4.981252670288086,2.5659196376800537,70.90389251708984,210.66458129882812,17222.830078125
2022-10-03,188.83099365234375,7.211066722869873,7.3829827308654785,4.493350982666016,60.61149215698242,3.658987522125244,10.091005325317383,17.60725212097168,4.950598239898682,2.5659196376800537,74.03546142578125,216.860595703125,17079.509765625
2022-10-05,199.3818817138672,7.761458873748779,7.608834266662598,4.669561386108398,65.10981750488281,3.9069268703460693,10.784996032714844,17.946575164794922,5.157512664794922,2.6854498386383057,75.5778579711914,230.25198364257812,18087.970703125
2022-10-06,196.1278533935547,7.789444446563721,7.7022905349731445,4.601034641265869,64.970703125,3.8468210697174072,10.372352600097656,18.05968475341797,5.111532688140869,2.693418502807617,75.85831451416016,240.6453094482422,18012.150390625
2022-10-07,193.66268920898438,7.574884414672852,7.710076332092285,4.532508373260498,65.34169006347656,3.8393077850341797,10.22230052947998,17.908872604370117,5.04256010055542,2.693418502807617,75.20394134521484,229.45249938964844,17740.05078125
2022-10-10,185.37977600097656,7.267038822174072,7.6555609703063965,4.380772590637207,63.99684143066406,3.8092548847198486,9.622092247009277,17.7580623626709,4.8203206062316895,2.7173244953155518,70.99739074707031,213.66265869140625,17216.66015625
2022-10-11,178.4773406982422,7.127108573913574,7.5387420654296875,4.454194068908691,62.420108795166016,3.764174699783325,9.584579467773438,17.68265724182129,4.835647106170654,2.7013871669769287,73.52132415771484,201.87022399902344,16832.359375
2022-10-12,176.11077880859375,7.267038822174072,7.4608635902404785,4.424825191497803,63.579463958740234,3.6965537071228027,9.547065734863281,17.68265724182129,5.019570350646973,2.661543369293213,71.88543701171875,190.67742919921875,16701.029296875
2022-10-13,174.63169860839844,7.108450889587402,7.414135456085205,4.370983123779297,61.817230224609375,3.6139073371887207,9.20944881439209,17.569547653198242,4.935271739959717,2.629668951034546,71.09088134765625,187.27960205078125,16389.109375
2022-10-14,178.87176513671875,7.220395088195801,7.523166656494141,4.468877792358398,62.93022155761719,3.5688278675079346,9.453283309936523,17.98427963256836,5.027233123779297,2.629668951034546,70.57672882080078,193.97531127929688,16587.689453125
2022-10-17,174.73028564453125,7.313682556152344,7.663349628448486,4.454194068908691,62.74472427368164,3.6139073371887207,9.256340026855469,17.908872604370117,4.9582624435424805,2.6376373767852783,71.04412841796875,190.17774963378906,16612.900390625
2022-10-18,183.99929809570312,7.229723930358887,7.7022905349731445,4.449299335479736,63.39396667480469,3.5688278675079346,9.659605979919434,17.98427963256836,4.965926170349121,2.661543369293213,70.57672882080078,196.973388671875,16914.580078125
2022-10-19,177.58990478515625,7.099123001098633,7.671139240264893,4.449299335479736,63.06934356689453,3.5312609672546387,9.200071334838867,18.05968475341797,4.8203206062316895,2.645606517791748,70.52999114990234,189.7779998779297,16511.279296875
2022-10-20,172.5609588623047,7.155094623565674,7.694500923156738,4.346508979797363,62.18822479248047,3.456127643585205,8.749914169311523,17.83346939086914,4.5597615242004395,2.6854498386383057,70.3897705078125,181.78314208984375,16280.2197265625
2022-10-21,169.1097412109375,7.211066722869873,7.749016284942627,4.4835615158081055,61.16798782348633,3.5087215900421143,8.796805381774902,17.946575164794922,4.5597615242004395,2.7093558311462402,69.50172424316406,184.28152465820312,16211.1201171875
2022-10-24,152.2480926513672,7.0338215827941895,7.601046085357666,4.292667388916016,55.371177673339844,3.3509414196014404,8.2247314453125,16.853191375732422,4.314531326293945,2.645606517791748,71.09088134765625,168.09194946289062,15180.6904296875
2022-10-25,138.739013671875,7.127108573913574,7.601046085357666,4.4199299812316895,53.88718795776367,3.3809947967529297,8.299757957458496,17.267925262451172,4.268550872802734,2.6376373767852783,71.51152038574219,169.69091796875,15165.58984375
2022-10-26,138.5417938232422,7.080464839935303,7.577682971954346,4.4199299812316895,54.81467819213867,3.2006754875183105,8.318514823913574,17.04170799255371,4.4371466636657715,2.6376373767852783,74.12893676757812,178.18545532226562,15317.669921875
2022-10-27,143.76792907714844,7.518913745880127,7.632198333740234,4.4101409912109375,56.20591354370117,3.170621633529663,8.449810981750488,16.96630096435547,4.636396884918213,2.629668951034546,74.03546142578125,186.08038330078125,15427.9404296875
2022-10-28,132.62542724609375,7.295024394989014,7.608834266662598,4.302456855773926,53.74806213378906,3.0128421783447266,7.896492958068848,16.513866424560547,4.460137844085693,2.6057629585266113,72.25935363769531,174.4878387451172,14863.0595703125
2022-10-31,130.06166076660156,6.996507167816162,7.289527416229248,4.145826816558838,55.139305114746094,2.982788562774658,7.915249347686768,15.571293830871582,4.268550872802734,2.390608072280884,69.50172424316406,173.08872985839844,14687.01953125
2022-11-01,139.82369995117188,7.323010444641113,7.530954360961914,4.317141532897949,58.80289077758789,3.0278685092926025,8.459188461303711,15.948323249816895,4.659387111663818,2.422482967376709,73.381103515625,193.7754364013672,15455.26953125
2022-11-02,145.4442138671875,7.518913745880127,7.694500923156738,4.263298511505127,59.266632080078125,3.1030023097991943,8.8999662399292,16.061431884765625,4.812657356262207,2.470294952392578,72.63327026367188,206.8670196533203,15827.169921875
2022-11-03,136.86549377441406,7.323010444641113,7.569895267486572,4.116457939147949,58.15364456176758,3.0128421783447266,8.534214973449707,16.061431884765625,4.575088977813721,2.4782638549804688,70.15607452392578,199.17196655273438,15339.490234375
2022-11-04,143.9651336669922,7.546898365020752,7.694500923156738,4.297562122344971,60.796993255615234,3.208188056945801,9.622092247009277,16.702381134033203,4.804993629455566,2.5340447425842285,73.381103515625,223.05661010742188,16161.1396484375
2022-11-07,150.86758422851562,8.321179389953613,7.896988868713379,4.571666717529297,62.79108810424805,3.2682948112487793,10.1472749710083,17.00400161743164,5.088541507720947,2.6376373767852783,76.6996078491211,216.4608612060547,16595.91015625
2022-11-08,148.69825744628906,8.3305082321167,7.943716049194336,4.586350440979004,63.71858215332031,3.26078200340271,10.297327041625977,17.079410552978516,5.065550804138184,2.6535749435424805,77.12026977539062,212.4634246826172,16557.310546875
2022-11-09,147.5149688720703,8.573052406311035,7.928141117095947,4.6255083084106445,63.115726470947266,3.2006754875183105,9.678361892700195,16.928598403930664,5.134521961212158,2.629668951034546,77.35395812988281,208.26611328125,16358.51953125
2022-11-10,145.1484375,8.470438957214355,7.865837097167969,4.615718841552734,62.28097915649414,3.208188056945801,9.13442325592041,17.230222702026367,5.085544109344482,2.5898256301879883,74.31588745117188,200.07138061523438,16081.0400390625
2022-11-11,156.882568359375,9.403306007385254,8.037171363830566,4.752771377563477,67.753173828125,3.4335880279541016,9.659605979919434,17.230222702026367,5.363085746765137,2.6376373767852783,84.97250366210938,234.649169921875,17325.66015625
2022-11-14,168.02505493164062,9.421961784362793,8.037171363830566,4.8017191886901855,70.21101379394531,3.373481035232544,9.884683609008789,16.890893936157227,5.599812984466553,2.677480697631836,88.52471923828125,220.8580322265625,17619.7109375
2022-11-15,174.92750549316406,9.645852088928223,8.161778450012207,4.8115081787109375,70.30377960205078,3.4335880279541016,10.709970474243164,16.928598403930664,5.763072967529297,2.7013871669769287,90.20733642578125,228.25326538085938,18343.119140625
2022-11-16,171.96932983398438,9.589879035949707,8.130626678466797,4.772349834442139,70.53564453125,3.3584539890289307,10.203544616699219,17.00400161743164,5.950821399688721,2.7252933979034424,91.42256927490234,230.05210876464844,18256.48046875
2022-11-17,169.50416564941406,9.17941665649414,8.083900451660156,4.684244632720947,70.86026000976562,3.3584539890289307,10.091005325317383,16.58927345275879,5.7793989181518555,2.693418502807617,86.65513610839844,233.44993591308594,18045.66015625
2022-11-18,169.60276794433594,9.1514310836792,7.943716049194336,4.552087306976318,70.5820083618164,3.253268003463745,9.790901184082031,16.6646785736084,5.583487510681152,2.677480697631836,86.5616455078125,225.65493774414062,17992.5390625
2022-11-21,162.99615478515625,8.815598487854004,7.819108486175537,4.576561450958252,69.09803009033203,3.26078200340271,9.659605979919434,16.551570892333984,5.436553001403809,2.645606517791748,84.5518569946289,221.05789184570312,17655.91015625
2022-11-22,166.74319458007812,8.871570587158203,7.912564754486084,4.8261919021606445,68.7734146118164,3.26078200340271,9.453283309936523,16.777788162231445,5.436553001403809,2.7093558311462402,84.03772735595703,213.66265869140625,17424.41015625
2022-11-23,172.95538330078125,8.992843627929688,7.990444660186768,4.835981845855713,69.1907730102539,3.290834665298462,9.397014617919922,17.079410552978516,5.412064552307129,2.733262062072754,84.5518569946289,212.8631591796875,17523.810546875
2022-11-24,178.0829315185547,9.188746452331543,7.943716049194336,4.806613445281982,69.51539611816406,3.2983481884002686,9.368879318237305,17.11711311340332,5.526345729827881,2.7252933979034424,83.75729370117188,208.26611328125,17660.900390625
2022-11-25,175.026123046875,9.28203296661377,7.974867820739746,4.985752105712891,69.1444091796875,3.3133742809295654,9.087532043457031,17.795764923095703,5.616138935089111,2.749199628829956,81.74746704101562,204.86830139160156,17573.580078125
2022-11-28,176.50521850585938,9.086130142211914,7.8346848487854,4.985752105712891,67.05755615234375,3.3284013271331787,9.068775177001953,17.305627822875977,5.542672157287598,2.7013871669769287,82.35509490966797,205.26803588867188,17297.939453125
2022-11-29,189.02821350097656,9.328675270080566,7.928141117095947,5.0299859046936035,70.67476654052734,3.3809947967529297,9.622092247009277,17.418737411499023,5.7793989181518555,2.7731053829193115,83.1029281616211,227.65365600585938,18204.6796875
2022-11-30,191.00035095214844,9.459277153015137,7.943716049194336,5.326982498168945,72.80799102783203,3.4335880279541016,10.672456741333008,18.097389221191406,5.901843547821045,2.8209173679351807,86.74861907958984,235.4486541748047,18597.23046875
2022-12-01,193.16966247558594,9.888397216796875,7.865837097167969,5.15004825592041,74.52384948730469,3.3809947967529297,10.878779411315918,17.644954681396484,5.958984851837158,2.7890429496765137,90.30081939697266,246.24169921875,18736.439453125
2022-12-02,191.49337768554688,9.869739532470703,7.76459264755249,5.124771595001221,73.87459564208984,3.3960213661193848,10.86002254486084,17.00400161743164,5.738584041595459,2.8448233604431152,90.8616943359375,248.4403076171875,18675.349609375
2022-12-05,200.1707305908203,10.24288558959961,7.8346848487854,5.289068222045898,77.35269927978516,3.3809947967529297,11.347692489624023,17.456438064575195,6.195711612701416,2.868729591369629,93.4791030883789,262.63116455078125,19518.2890625
2022-12-06,196.52230834960938,10.205571174621582,7.819108486175537,5.200600624084473,78.09468841552734,3.441101312637329,11.59152603149414,17.494142532348633,6.097755432128906,2.852792263031006,93.4791030883789,261.2320556640625,19441.1796875
2022-12-07,194.64877319335938,9.739137649536133,7.74122953414917,5.124771595001221,74.01374053955078,3.3509414196014404,11.385205268859863,17.04170799255371,5.861028671264648,2.781074047088623,88.10406494140625,248.24041748046875,18814.8203125
2022-12-08,201.1567840576172,9.96302604675293,7.639985084533691,5.2069196701049805,77.67732238769531,3.3960213661193848,11.83536148071289,16.853191375732422,5.926332950592041,2.7571680545806885,87.16927337646484,261.43194580078125,19450.23046875
2022-12-09,202.9316864013672,10.504090309143066,7.6477742195129395,5.251153945922852,79.30043029785156,3.478667974472046,11.760334968566895,17.11711311340332,6.130407810211182,2.76513671875,88.38449096679688,266.2288513183594,19900.869140625
2022-12-12,199.9735107421875,9.981682777404785,7.671139240264893,5.219558238983154,78.83667755126953,3.493694543838501,11.272665977478027,16.96630096435547,5.967147350311279,2.7890429496765137,88.80516052246094,259.23333740234375,19463.630859375
2022-12-13,201.1567840576172,10.00033950805664,7.787957191467285,5.169005870819092,80.50615692138672,3.478667974472046,11.422718048095703,16.928598403930664,6.016125679016113,2.7731053829193115,86.04752349853516,265.6292419433594,19596.19921875
2022-12-14,204.31216430664062,10.130941390991211,7.8346848487854,5.067900657653809,78.00193786621094,3.426074743270874,11.310178756713867,17.11711311340332,6.138570308685303,2.8209173679351807,89.9736328125,259.03350830078125,19673.44921875
2022-12-15,203.91775512695312,10.018998146057129,7.780169486999512,5.0236663818359375,78.5120620727539,3.3809947967529297,11.25390911102295,17.04170799255371,6.114081382751465,2.8368546962738037,87.02904510498047,268.2275695800781,19368.58984375
2022-12-16,207.27035522460938,9.981682777404785,7.787957191467285,5.276430130004883,78.46568298339844,3.478667974472046,11.59152603149414,17.11711311340332,6.122244834899902,2.828886032104492,85.01924896240234,278.8207702636719,19450.669921875
2022-12-19,207.07315063476562,9.888397216796875,7.749016284942627,5.0236663818359375,77.49181365966797,3.373481035232544,11.366449356079102,16.928598403930664,6.024289131164551,2.797011613845825,82.35509490966797,273.224365234375,19352.810546875
2022-12-20,206.87594604492188,9.664507865905762,7.686713695526123,5.067900657653809,78.5120620727539,3.373481035232544,10.897536277770996,16.81549072265625,5.861028671264648,2.781074047088623,83.66380310058594,264.6298828125,19094.80078125
2022-12-21,206.48150634765625,9.981682777404785,7.6477742195129395,5.074219703674316,78.18743896484375,3.3584539890289307,10.841265678405762,16.928598403930664,5.926332950592041,2.7890429496765137,81.88770294189453,271.425537109375,19160.490234375
2022-12-22,211.0174102783203,9.925713539123535,7.639985084533691,5.1310906410217285,77.81643676757812,3.441101312637329,11.21639633178711,16.96630096435547,5.967147350311279,2.828886032104492,83.28988647460938,278.22113037109375,19679.220703125
2022-12-23,206.48150634765625,9.757795333862305,7.639985084533691,5.15004825592041,80.41341400146484,3.3960213661193848,10.93504810333252,16.96630096435547,5.950821399688721,2.8049802780151367,82.49530792236328,277.0219421386719,19593.060546875
2022-12-28,209.6369171142578,10.018998146057129,7.7723822593688965,5.099495887756348,80.59891510009766,3.478667974472046,10.65369987487793,17.267925262451172,6.130407810211182,2.8766982555389404,83.1029281616211,284.8169250488281,19898.91015625
2022-12-29,205.49546813964844,9.795110702514648,7.74122953414917,4.992071151733398,78.9294204711914,3.4185616970062256,10.65369987487793,16.96630096435547,6.032451152801514,2.8368546962738037,81.74746704101562,267.4281005859375,19741.140625
2022-12-30,208.65084838867188,9.869739532470703,7.7723822593688965,5.0299859046936035,80.50615692138672,3.4110476970672607,10.691213607788086,17.00400161743164,6.016125679016113,2.8448233604431152,81.4203109741211,273.42425537109375,19781.41015625
2023-01-03,213.5811767578125,10.485431671142578,7.865837097167969,5.017347812652588,81.89739990234375,3.5012075901031494,11.122612953186035,17.381032943725586,6.138570308685303,2.868729591369629,82.58879089355469,271.6253662109375,20145.2890625
2023-01-04,216.93377685546875,10.392146110534668,7.819108486175537,4.998390197753906,84.72624206542969,3.5312609672546387,11.291421890258789,17.192520141601562,6.05694055557251,2.868729591369629,82.86923217773438,294.21087646484375,20793.109375
2023-01-05,217.52542114257812,10.578719139099121,7.76459264755249,4.941519260406494,82.63938903808594,3.5162339210510254,11.610282897949219,17.267925262451172,6.1875481605529785,2.852792263031006,84.17794036865234,297.00909423828125,21052.169921875
2023-01-06,212.79232788085938,10.578719139099121,7.787957191467285,4.93519926071167,81.80464172363281,3.5387747287750244,11.197639465332031,17.230222702026367,6.154896259307861,2.8607606887817383,82.72901916503906,290.81304931640625,20991.640625
2023-01-09,215.75051879882812,11.660844802856445,7.749016284942627,5.074219703674316,80.96990966796875,3.5838544368743896,10.93504810333252,17.34333038330078,6.514068603515625,2.868729591369629,87.54318237304688,304.00457763671875,21388.33984375
2023-01-10,215.1588592529297,11.586215019226074,7.749016284942627,5.042623996734619,80.08879089355469,3.6665008068084717,11.59152603149414,17.531845092773438,6.661001682281494,2.852792263031006,88.38449096679688,293.411376953125,21331.4609375
2023-01-11,217.52542114257812,11.623531341552734,7.865837097167969,5.011028289794922,79.53229522705078,3.6214213371276855,11.272665977478027,18.361309051513672,6.6365132331848145,2.8766982555389404,89.78668975830078,288.2147216796875,21436.05078125
2023-01-12,215.94772338867188,11.623531341552734,8.05274772644043,5.048943042755127,81.99015045166016,3.67401385307312,11.478986740112305,18.474416732788086,6.758957386016846,2.98826003074646,89.73994445800781,284.8169250488281,21514.099609375
2023-01-13,219.69476318359375,11.64218807220459,8.14620304107666,5.0236663818359375,81.5727767944336,3.6890413761138916,11.366449356079102,18.625228881835938,6.873239994049072,3.0520098209381104,91.18888092041016,291.6125183105469,21738.66015625
2023-01-16,224.03341674804688,11.64218807220459,8.177355766296387,4.998390197753906,81.5727767944336,3.67401385307312,10.991318702697754,18.700634002685547,6.8895649909973145,3.091853618621826,96.8443603515625,291.6125183105469,21746.720703125
2023-01-17,218.90591430664062,11.306354522705078,8.177355766296387,4.973114490509033,79.3931655883789,3.5538012981414795,10.784996032714844,18.738338470458984,7.060987949371338,3.0838842391967773,92.8714828491211,292.0122985839844,21577.640625
2023-01-18,219.8919677734375,11.455613136291504,8.442145347595215,4.916242599487305,80.45978546142578,3.5387747287750244,10.953804969787598,18.662933349609375,7.10996675491333,3.123727798461914,97.49871063232422,283.2179260253906,21678.0
2023-01-19,219.69476318359375,11.735474586486816,8.410994529724121,5.0236663818359375,81.10902404785156,3.5237479209899902,11.122612953186035,18.474416732788086,7.069151401519775,3.091853618621826,92.26387786865234,289.8136901855469,21650.98046875
2023-01-20,222.06129455566406,12.145936012268066,8.862695693969727,5.1184539794921875,81.24815368652344,3.576341390609741,11.291421890258789,18.92685317993164,7.305878639221191,3.2034146785736084,89.9736328125,303.40496826171875,22044.650390625
2023-01-26,226.39999389648438,12.463111877441406,8.94057559967041,5.0299859046936035,83.47412872314453,3.658987522125244,12.060439109802246,18.700634002685547,7.4446492195129395,3.3229451179504395,89.88017272949219,310.4004821777344,22566.779296875
2023-01-27,228.96376037597656,12.537739753723145,9.065181732177734,5.011028289794922,82.54663848876953,3.6890413761138916,12.229248046875,18.813743591308594,7.460975646972656,3.346851110458374,92.73127746582031,313.79827880859375,22688.900390625
2023-01-30,217.91986083984375,11.903390884399414,8.862695693969727,4.966795444488525,82.87125396728516,3.6890413761138916,12.060439109802246,18.28590202331543,7.273226261138916,3.330913782119751,92.45085144042969,292.41204833984375,22069.73046875
2023-01-31,217.72264099121094,12.033992767333984,8.847118377685547,5.1184539794921875,82.1292724609375,3.6214213371276855,11.854118347167969,18.361309051513672,7.395671367645264,3.3229451179504395,94.03997802734375,289.01422119140625,21842.330078125
2023-02-01,226.20277404785156,12.500426292419434,9.03403091430664,5.440725326538086,80.64529418945312,3.67401385307312,12.454326629638672,18.135089874267578,7.591583728790283,3.362788438796997,99.27481079101562,292.61187744140625,22072.1796875
2023-02-02,225.61114501953125,12.18325138092041,8.987302780151367,5.383854389190674,79.16130828857422,3.658987522125244,12.041682243347168,18.323606491088867,7.575257301330566,3.3548197746276855,99.9291763305664,290.413330078125,21958.359375
2023-02-03,226.39999389648438,12.052648544311523,8.769240379333496,5.358577251434326,78.7903060913086,3.6139073371887207,11.854118347167969,18.097389221191406,7.248737812042236,3.2671642303466797,102.26614379882812,282.6183166503906,21660.470703125
2023-02-06,217.91986083984375,11.436956405639648,8.691360473632812,5.31434440612793,79.3931655883789,3.561314105987549,11.403960227966309,18.02198028564453,6.922216892242432,3.2432587146759033,98.34001922607422,280.2198486328125,21222.16015625
2023-02-07,217.52542114257812,11.492928504943848,8.878271102905273,5.308024883270264,79.20767211914062,3.5162339210510254,11.328935623168945,18.02198028564453,6.995683670043945,3.2671642303466797,96.8443603515625,288.8143310546875,21298.69921875
2023-02-08,218.51148986816406,11.325013160705566,9.002878189086914,5.440725326538086,79.48592376708984,3.561314105987549,11.028831481933594,17.98427963256836,7.085477828979492,3.2831015586853027,97.12479400634766,291.6125183105469,21283.51953125
2023-02-09,220.68081665039062,11.343669891357422,8.924999237060547,5.466002464294434,81.48001861572266,3.5688278675079346,11.272665977478027,17.98427963256836,7.142618656158447,3.2831015586853027,97.77915954589844,295.8098449707031,21624.359375
2023-02-10,215.94772338867188,11.10112476348877,8.80039119720459,5.421768665313721,79.94966888427734,3.5387747287750244,10.897536277770996,17.7580623626709,6.987521648406982,3.2671642303466797,96.93782806396484,288.0148620605469,21190.419921875
2023-02-13,217.1309814453125,11.194412231445312,8.878271102905273,5.364896774291992,79.81053924560547,3.5237479209899902,11.0100736618042,17.68265724182129,6.946707248687744,3.2910706996917725,97.87261962890625,291.2127990722656,21164.419921875
2023-02-14,208.45362854003906,11.604873657226562,8.924999237060547,5.326982498168945,80.04242706298828,3.5387747287750244,10.97256088256836,17.68265724182129,6.930380821228027,3.2910706996917725,100.20960998535156,291.4126892089844,21113.759765625
2023-02-15,202.14285278320312,11.455613136291504,8.847118377685547,5.257472038269043,78.00193786621094,3.5087215900421143,10.897536277770996,17.456438064575195,6.807936191558838,3.2671642303466797,94.6943359375,291.2127990722656,20812.169921875
2023-02-16,200.367919921875,11.269039154052734,8.862695693969727,5.308024883270264,79.02217102050781,3.4711546897888184,10.97256088256836,17.418737411499023,6.522231101989746,3.2831015586853027,96.37696838378906,297.8085632324219,20987.669921875
2023-02-17,195.83206176757812,11.343669891357422,8.847118377685547,5.251153945922852,77.5845718383789,3.5162339210510254,10.841265678405762,17.68265724182129,6.758957386016846,3.2910706996917725,94.22694396972656,290.413330078125,20719.810546875
2023-02-20,193.07106018066406,11.567557334899902,8.862695693969727,5.22587776184082,77.21357727050781,3.561314105987549,10.803752899169922,17.7580623626709,7.428323268890381,3.3229451179504395,95.06825256347656,289.8136901855469,20886.9609375
2023-02-21,188.23934936523438,11.959362030029297,9.049606323242188,5.270111083984375,76.51795959472656,3.5462870597839355,10.822508811950684,18.02198028564453,7.509953498840332,3.3388824462890625,92.91824340820312,284.0174255371094,20529.490234375
2023-02-22,192.57803344726562,11.847418785095215,8.97172737121582,5.289068222045898,76.42521667480469,3.5312609672546387,10.672456741333008,18.02198028564453,7.354856491088867,3.3070077896118164,86.46817779541016,282.41845703125,20423.83984375
2023-02-23,190.31007385253906,11.847418785095215,8.94057559967041,5.289068222045898,75.2194595336914,3.5538012981414795,10.709970474243164,18.21049690246582,7.22424840927124,3.2910706996917725,70.06259155273438,290.413330078125,20351.349609375
2023-02-24,189.2254180908203,11.380985260009766,8.862695693969727,5.251153945922852,75.31221771240234,3.5312609672546387,10.128519058227539,18.135089874267578,7.069151401519775,3.2831015586853027,73.14740753173828,278.02130126953125,20010.0390625
2023-02-27,187.1547088623047,11.045153617858887,8.691360473632812,5.219558238983154,76.1933364868164,3.5087215900421143,10.053492546081543,18.05968475341797,6.848751544952393,3.2512271404266357,73.84849548339844,275.622802734375,19943.509765625
2023-02-28,185.37977600097656,11.045153617858887,8.582329750061035,5.1437296867370605,77.21357727050781,3.426074743270874,9.547065734863281,17.795764923095703,6.848751544952393,3.2034146785736084,72.96044158935547,277.4216613769531,19785.939453125
2023-03-01,194.15573120117188,11.698160171508789,8.769240379333496,5.371216297149658,79.30043029785156,3.576341390609741,9.959710121154785,18.097389221191406,7.248737812042236,3.2751331329345703,75.0169906616211,291.6125183105469,20619.7109375
2023-03-02,187.9435577392578,11.884733200073242,8.831543922424316,5.592383861541748,79.9032974243164,3.6214213371276855,9.828413963317871,18.399011611938477,7.199759483337402,3.3070077896118164,77.86809539794922,296.60931396484375,20429.4609375
2023-03-03,190.31007385253906,11.847418785095215,9.018453598022461,5.636617660522461,79.94966888427734,3.5688278675079346,9.959710121154785,18.436716079711914,7.1752705574035645,3.402631998062134,77.63440704345703,296.2095947265625,20567.5390625
2023-03-06,193.46546936035156,11.828761100769043,9.329972267150879,5.598702430725098,80.36703491210938,3.591367721557617,9.940953254699707,18.587526321411133,7.1752705574035645,3.434506893157959,78.38224029541016,309.80084228515625,20603.189453125
2023-03-07,198.3957977294922,11.698160171508789,9.641491889953613,5.5418314933776855,80.27429962158203,3.5988805294036865,10.034735679626465,18.889148712158203,7.183434009552002,3.585911750793457,77.30722045898438,314.1980285644531,20534.48046875
2023-03-08,195.043212890625,11.455613136291504,9.376701354980469,5.484959602355957,78.60479736328125,3.4636411666870117,9.603336334228516,18.474416732788086,7.101803779602051,3.569974899291992,74.78328704833984,297.20892333984375,20051.25
2023-03-09,195.043212890625,11.119781494140625,9.532459259033203,5.516554832458496,79.30043029785156,3.4486145973205566,9.397014617919922,18.28590202331543,6.865077018737793,3.522162437438965,78.89637756347656,283.2179260253906,19925.740234375
2023-03-10,191.7891845703125,10.970523834228516,8.878271102905273,5.3964924812316895,75.63685607910156,3.3584539890289307,8.881210327148438,18.21049690246582,6.685490608215332,3.4424760341644287,79.4104995727539,279.82012939453125,19319.919921875
2023-03-13,202.5372772216797,11.754133224487305,9.407852172851562,5.409131050109863,78.32655334472656,3.4486145973205566,8.703022956848145,18.964553833007812,6.783447265625,3.5779435634613037,79.31702423095703,294.0110168457031,19695.970703125
2023-03-14,197.60694885253906,11.77278995513916,9.127487182617188,5.232195854187012,74.89485168457031,3.426074743270874,8.35602855682373,18.889148712158203,6.620186805725098,3.4424760341644287,78.56918334960938,293.2115173339844,19247.9609375
2023-03-15,204.31216430664062,11.586215019226074,9.205364227294922,5.586064338684082,74.66297149658203,3.4335880279541016,8.552970886230469,19.341583251953125,6.628349781036377,3.4743504524230957,78.80288696289062,296.4094543457031,19539.869140625
2023-03-16,201.5511932373047,11.10112476348877,8.753662109375,5.447044372558594,70.86026000976562,3.343427896499634,8.590484619140625,18.700634002685547,6.342645168304443,3.3388824462890625,78.66266632080078,288.2147216796875,19203.91015625
2023-03-17,217.52542114257812,11.231727600097656,9.03403091430664,5.636617660522461,73.2253646850586,3.3960213661193848,8.721779823303223,19.077661514282227,6.554883003234863,3.498256206512451,80.39202880859375,299.0078125,19518.58984375
2023-03-20,217.91986083984375,11.679502487182617,8.80039119720459,5.5418314933776855,70.1646499633789,3.3208882808685303,8.58110523223877,18.92685317993164,6.448764324188232,3.402631998062134,79.08332061767578,281.2192077636719,19000.7109375
2023-03-21,217.91986083984375,11.604873657226562,8.784815788269043,5.573427200317383,72.20511627197266,3.3208882808685303,8.909344673156738,19.039960861206055,6.522231101989746,3.3866946697235107,79.6909408569336,291.012939453125,19258.759765625
2023-03-22,222.25851440429688,11.548900604248047,8.878271102905273,5.497597694396973,74.8021011352539,3.3359148502349854,9.153180122375488,19.077661514282227,6.38346004486084,3.4424760341644287,80.43877410888672,299.8072814941406,19591.4296875
2023-03-23,222.25851440429688,12.18325138092041,8.956151008605957,5.845147132873535,75.2194595336914,3.373481035232544,9.472040176391602,19.4169864654541,6.554883003234863,3.4743504524230957,80.90617370605469,299.6073913574219,20049.640625
2023-03-24,224.03341674804688,11.940705299377441,8.831543922424316,5.81355094909668,75.63685607910156,3.3509414196014404,9.397014617919922,19.22847557067871,6.563046455383301,3.3866946697235107,79.73768615722656,293.8111267089844,19915.6796875
2023-03-27,217.3282012939453,11.754133224487305,8.769240379333496,5.718765735626221,74.70935821533203,3.3659677505493164,9.17193603515625,18.21049690246582,6.032451152801514,3.3946640491485596,78.70941162109375,281.4190979003906,19567.689453125
2023-03-28,220.48361206054688,12.015334129333496,8.924999237060547,5.775637626647949,75.91509246826172,3.3584539890289307,9.350123405456543,18.135089874267578,5.950821399688721,3.4265384674072266,78.70941162109375,282.21856689453125,19784.650390625
2023-03-29,222.8501739501953,11.996676445007324,9.143062591552734,5.737722396850586,77.07444763183594,3.3659677505493164,9.331365585327148,18.097389221191406,5.967147350311279,3.4584133625030518,80.67247772216797,281.61895751953125,20192.400390625
2023-03-30,223.44180297851562,12.145936012268066,9.143062591552734,5.920976161956787,76.98170471191406,3.4185616970062256,9.350123405456543,18.51211929321289,6.065103054046631,3.729348659515381,80.48551177978516,283.81756591796875,20309.130859375
2023-03-31,220.87803649902344,12.239222526550293,9.080758094787598,5.579746246337891,76.65707397460938,3.5162339210510254,9.472040176391602,18.625228881835938,6.138570308685303,3.7054426670074463,79.31702423095703,293.6112365722656,20400.109375
2023-04-03,223.44180297851562,11.884733200073242,9.298820495605469,5.377535820007324,77.53819274902344,3.5087215900421143,9.434528350830078,18.399011611938477,5.910006046295166,3.761223793029785,81.09312438964844,294.4107360839844,20409.1796875
2023-04-04,223.2146453857422,11.978020668029785,9.579187393188477,5.383854389190674,77.44544219970703,3.5538012981414795,9.13442325592041,18.662933349609375,5.958984851837158,3.840909957885742,80.2985610961914,293.8111267089844,20274.58984375
2023-04-06,221.63433837890625,12.612370491027832,9.501307487487793,5.440725326538086,77.63093566894531,3.6063945293426514,9.14380168914795,18.399011611938477,5.942658424377441,3.817004442214966,77.77461242675781,293.2115173339844,20331.19921875
2023-04-11,223.01710510253906,13.116118431091309,9.548036575317383,5.529192924499512,78.37294006347656,3.5312609672546387,9.350123405456543,18.248199462890625,6.301830291748047,3.8887226581573486,78.70941162109375,297.00909423828125,20485.240234375
2023-04-12,221.8319091796875,13.153433799743652,9.594762802124023,5.592383861541748,79.43955993652344,3.5538012981414795,9.237584114074707,18.323606491088867,6.293666839599609,3.968409538269043,76.2789535522461,287.0155029296875,20309.859375
2023-04-13,224.0047607421875,13.19074821472168,9.750523567199707,5.8009138107299805,78.60479736328125,3.5312609672546387,9.153180122375488,18.474416732788086,6.375297546386719,3.9923155307769775,76.74635314941406,282.6183166503906,20344.48046875
2023-04-14,223.01710510253906,13.563895225524902,9.828400611877441,5.9272942543029785,78.4193115234375,3.5087215900421143,9.509553909301758,18.700634002685547,6.750795364379883,4.048096656799316,77.2137451171875,281.4190979003906,20438.810546875
2023-04-17,225.98011779785156,13.414636611938477,10.093192100524902,6.047357082366943,79.67142486572266,3.5012075901031494,9.865927696228027,19.266178131103516,6.897728443145752,4.247313976287842,77.7278823852539,287.0155029296875,20782.44921875
2023-04-18,223.2146453857422,13.395977973937988,9.984160423278809,6.129505157470703,79.53229522705078,3.5237479209899902,9.734631538391113,19.379287719726562,6.987521648406982,4.2313761711120605,77.91484832763672,288.2147216796875,20650.509765625
2023-04-19,222.42446899414062,13.32135009765625,9.828400611877441,6.173739910125732,78.83667755126953,3.456127643585205,9.368879318237305,19.45469093322754,6.979358673095703,4.135752201080322,77.40071105957031,293.8111267089844,20367.759765625
2023-04-20,224.794921875,13.060147285461426,9.734946250915527,6.186377048492432,77.67732238769531,3.478667974472046,9.256340026855469,19.190773010253906,6.971195697784424,4.167627334594727,78.47571563720703,291.4126892089844,20396.970703125
2023-04-21,221.4368133544922,12.593711853027344,9.65706729888916,6.034719467163086,76.79620361328125,3.4486145973205566,9.078152656555176,19.266178131103516,6.628349781036377,4.167627334594727,77.44744873046875,286.4158935546875,20075.73046875
2023-04-24,218.47378540039062,12.276537895202637,9.625914573669434,6.028400421142578,76.47157287597656,3.4185616970062256,9.040640830993652,19.039960861206055,6.546720027923584,4.1596574783325195,76.6996078491211,284.21728515625,19959.939453125
2023-04-25,218.6713104248047,12.164593696594238,9.672642707824707,5.9083380699157715,76.74981689453125,3.343427896499634,8.974992752075195,18.964553833007812,6.391622543334961,4.247313976287842,74.50286102294922,273.823974609375,19617.880859375
2023-04-26,217.8811798095703,12.108620643615723,9.734946250915527,5.864104270935059,77.77007293701172,3.3284013271331787,9.14380168914795,19.115365982055664,6.285504341125488,4.247313976287842,75.53112030029297,278.6208801269531,19757.26953125
2023-04-27,214.32553100585938,12.295194625854492,9.672642707824707,5.769318580627441,79.02217102050781,3.2682948112487793,9.13442325592041,19.15306854248047,6.26101541519165,4.255282402038574,75.9985122680664,276.42230224609375,19840.279296875
2023-04-28,212.1526641845703,12.332509994506836,9.968585014343262,5.737722396850586,78.7903060913086,3.275808572769165,9.050018310546875,19.605504989624023,6.277341365814209,4.327000617980957,78.89637756347656,274.6234436035156,19894.5703125
2023-05-02,215.31321716308594,12.463111877441406,9.843976974487305,5.731403350830078,79.2540512084961,3.305861711502075,8.909344673156738,19.643205642700195,6.277341365814209,4.311062335968018,79.45723724365234,273.42425537109375,19933.810546875
2023-05-03,210.57237243652344,12.705656051635742,9.51688289642334,5.67453145980835,78.37294006347656,3.26078200340271,8.815561294555664,19.53009796142578,6.195711612701416,4.119814395904541,77.58766174316406,268.4274597167969,19699.16015625
2023-05-04,211.75758361816406,12.761629104614258,9.641491889953613,5.7250847816467285,78.32655334472656,3.3359148502349854,8.993748664855957,19.79401969909668,6.277341365814209,4.223407745361328,78.47571563720703,259.6330871582031,19948.73046875
2023-05-05,211.36253356933594,12.705656051635742,9.61033821105957,5.699808597564697,75.63685607910156,3.3284013271331787,9.05939769744873,20.17104721069336,6.277341365814209,4.1995015144348145,79.6909408569336,260.2326965332031,20049.310546875
2023-05-08,216.4984588623047,12.537739753723145,10.171072006225586,5.97152853012085,77.9092025756836,3.343427896499634,9.200071334838867,20.96280860900879,6.489579200744629,4.366844177246094,79.55072784423828,260.83233642578125,20297.029296875
2023-05-09,214.32553100585938,12.127279281616211,10.077616691589355,6.059995651245117,75.03397369384766,3.2833218574523926,9.040640830993652,21.377540588378906,6.252851963043213,4.374812602996826,78.10179901123047,251.0386199951172,19867.580078125
2023-05-10,217.28855895996094,11.884733200073242,10.093192100524902,6.110548496246338,75.12671661376953,3.245755434036255,9.218827247619629,21.11362075805664,6.228363037109375,4.382781505584717,76.88656616210938,254.0366973876953,19762.19921875
2023-05-11,222.42446899414062,11.586215019226074,9.984160423278809,6.186377048492432,75.08033752441406,3.2006754875183105,9.256340026855469,21.075918197631836,6.016125679016113,4.319032192230225,75.06372833251953,253.83682250976562,19743.7890625
2023-05-12,219.4614715576172,10.59737491607666,9.828400611877441,6.123186111450195,73.96736145019531,3.1631081104278564,9.162557601928711,20.698888778686523,5.599812984466553,4.2791876792907715,73.61479949951172,257.2346496582031,19627.240234375
2023-05-15,224.5973663330078,10.802606582641602,10.030888557434082,6.129505157470703,76.14695739746094,3.2307279109954834,9.218827247619629,20.849700927734375,5.558997631072998,4.319032192230225,77.35395812988281,263.23077392578125,19971.130859375
2023-05-16,222.42446899414062,10.933208465576172,10.077616691589355,6.034719467163086,75.31221771240234,3.2006754875183105,9.125043869018555,21.000511169433594,5.575323581695557,4.374812602996826,78.33548736572266,263.8304138183594,19978.25
2023-05-17,216.3009033203125,10.616033554077148,9.890706062316895,5.870423316955566,73.45722961425781,3.1631081104278564,8.881210327148438,20.585777282714844,5.452878952026367,4.255282402038574,74.41399383544922,259.03350830078125,19560.5703125
2023-05-18,231.9061737060547,10.634690284729004,9.984160423278809,5.883060932159424,73.50360870361328,3.170621633529663,8.871832847595215,20.88740348815918,5.387575149536133,4.398718357086182,74.8392105102539,269.42681884765625,19727.25
2023-05-19,228.1529998779297,10.56006145477295,9.953009605407715,5.946252822875977,73.17899322509766,3.155594825744629,8.834319114685059,20.81199836730957,5.314108371734619,4.303094863891602,74.41399383544922,258.63372802734375,19450.5703125
2023-05-22,225.7825927734375,10.504090309143066,10.046464920043945,5.984167098999023,74.1528549194336,3.245755434036255,9.021883964538574,20.81199836730957,5.2732930183410645,4.319032192230225,74.74472045898438,264.4300231933594,19678.169921875
2023-05-23,221.04173278808594,10.317516326904297,9.968585014343262,5.965209007263184,73.66738891601562,3.253268003463745,9.078152656555176,20.81199836730957,5.066009998321533,4.303094863891602,73.32730865478516,261.43194580078125,19431.25
2023-05-24,218.07872009277344,10.37348747253418,9.890706062316895,5.781955718994141,72.49134063720703,3.2307279109954834,8.993748664855957,20.62348175048828,5.024552822113037,4.247313976287842,72.61860656738281,252.83746337890625,19115.9296875
2023-05-25,214.5230712890625,10.093626022338867,9.719369888305664,5.6934895515441895,71.973876953125,3.140568256378174,8.703022956848145,20.2464542388916,4.908474445343018,4.1596574783325195,72.61860656738281,243.84324645996094,18746.919921875
2023-05-29,210.7698974609375,10.130941390991211,9.65706729888916,5.554469108581543,72.06796264648438,3.1105148792266846,8.60923957824707,19.71861457824707,4.858726501464844,4.255282402038574,69.1695785522461,247.24105834960938,18551.109375
2023-05-30,210.57237243652344,10.076412200927734,9.579187393188477,5.560658931732178,71.973876953125,3.118028163909912,8.665510177612305,19.53009796142578,4.80897855758667,4.263251304626465,68.60260772705078,246.04183959960938,18595.779296875
2023-05-31,195.3621826171875,10.114507675170898,9.174212455749512,5.292213439941406,70.65670013427734,3.072948455810547,8.54359245300293,18.662933349609375,4.609986305236816,4.032158851623535,68.64986419677734,251.0386199951172,18234.26953125
2023-06-01,195.9547882080078,10.32403564453125,9.205364227294922,5.330562591552734,70.75078582763672,2.9978153705596924,8.449810981750488,18.436716079711914,4.70119047164917,4.127783298492432,70.72872924804688,241.44479370117188,18216.91015625
2023-06-02,202.47344970703125,10.895476341247559,9.454580307006836,5.437941074371338,73.3851318359375,3.1255416870117188,8.909344673156738,19.15306854248047,5.223545551300049,4.247313976287842,69.68930053710938,256.635009765625,18949.939453125
2023-06-05,205.04141235351562,10.762142181396484,9.501307487487793,5.445610523223877,75.1727294921875,3.133054733276367,8.995656967163086,19.15306854248047,5.024552822113037,4.2791876792907715,69.87828826904297,268.0277099609375,19108.5
2023-06-06,206.8192138671875,10.857380867004395,9.51688289642334,5.445610523223877,74.79637908935547,3.155594825744629,9.05319881439209,19.379287719726562,5.115757465362549,4.390749931335449,66.57099151611328,269.8265380859375,19099.279296875
2023-06-07,209.38717651367188,10.895476341247559,9.501307487487793,5.499300003051758,75.21975708007812,3.170621633529663,9.149101257324219,19.4169864654541,4.8670172691345215,4.390749931335449,70.35074615478516,268.4274597167969,19252.0
2023-06-08,210.9674530029297,10.952620506286621,9.77514362335205,5.698716640472412,76.48988342285156,3.2157020568847656,9.014837265014648,19.71861457824707,4.933348178863525,4.478405475616455,70.7759780883789,282.21856689453125,19299.1796875
2023-06-09,212.5477294921875,11.066909790039062,9.858125686645508,5.591338157653809,75.9724349975586,3.271557331085205,9.149101257324219,19.643205642700195,5.007969856262207,4.597936153411865,70.35074615478516,284.6170349121094,19389.94921875
2023-06-12,208.7945556640625,11.028813362121582,9.692164421081543,5.4916300773620605,76.72511291503906,3.3034749031066895,9.149101257324219,19.831722259521484,5.090883731842041,4.534187316894531,71.1067123413086,292.0122985839844,19404.310546875
2023-06-13,210.9674530029297,11.066909790039062,9.36023998260498,5.514639854431152,77.71297454833984,3.351351499557495,9.273775100708008,19.71861457824707,5.115757465362549,4.438562393188477,74.13050842285156,297.00909423828125,19521.419921875
2023-06-14,209.584716796875,11.257389068603516,9.327046394348145,5.422601222991943,77.28959655761719,3.3114542961120605,9.331315040588379,19.605504989624023,5.157214164733887,4.478405475616455,77.10707092285156,281.4190979003906,19408.419921875
2023-06-15,216.3009033203125,11.409774780273438,9.260663032531738,5.453280925750732,76.58397674560547,3.3673102855682373,9.523120880126953,19.907127380371094,5.323040962219238,4.5421552658081055,79.13870239257812,281.61895751953125,19828.919921875
2023-06-16,212.9428253173828,11.733590126037598,9.327046394348145,5.506969928741455,76.91326904296875,3.4391255378723145,9.532711029052734,20.17104721069336,5.3893723487854,4.621842384338379,79.32768249511719,282.0187072753906,20040.369140625
2023-06-19,212.5477294921875,11.52406120300293,9.410029411315918,5.468620777130127,77.2425537109375,3.39922833442688,9.57107162475586,20.133344650268555,5.339623928070068,4.566061973571777,80.08362579345703,281.2192077636719,19912.890625
2023-06-20,206.62167358398438,11.409774780273438,9.327046394348145,5.453280925750732,76.53692626953125,3.3752899169921875,9.331315040588379,19.831722259521484,5.2401275634765625,4.510118007659912,78.00476837158203,278.02130126953125,19607.080078125
2023-06-21,199.7079620361328,11.333581924438477,9.260663032531738,5.361241817474365,75.50201416015625,3.359330892562866,9.187461853027344,20.00891876220703,5.182088851928711,4.568366050720215,78.38273620605469,274.423583984375,19218.349609375
2023-06-23,196.15234375,11.238341331481934,9.161086082458496,5.2692036628723145,73.52625274658203,3.351351499557495,8.851802825927734,19.5426082611084,5.074300765991211,4.526759624481201,76.68185424804688,275.22308349609375,18889.970703125
2023-06-26,196.0535430908203,11.14310073852539,9.161086082458496,5.353571891784668,72.53838348388672,3.335392713546753,8.870984077453613,19.415433883666992,5.024552822113037,4.510118007659912,79.84739685058594,267.6279602050781,18794.130859375
2023-06-27,201.28823852539062,11.333581924438477,9.327046394348145,5.506969928741455,74.37300872802734,3.3673102855682373,9.014837265014648,19.839351654052734,5.256711006164551,4.5850090980529785,81.50104522705078,271.0257873535156,19148.130859375
2023-06-28,197.13999938964844,11.257389068603516,9.327046394348145,5.430271148681641,74.70230102539062,3.3832693099975586,8.986066818237305,19.96652603149414,5.314749717712402,4.6099724769592285,83.15469360351562,274.2237243652344,19172.05078125
2023-06-29,193.28807067871094,10.990716934204102,9.244067192077637,5.345902442932129,74.98455047607422,3.2875163555145264,8.91893482208252,19.924135208129883,5.173797130584717,4.510118007659912,81.17031860351562,273.0245056152344,18934.359375
2023-06-30,194.07821655273438,10.952620506286621,9.293856620788574,5.414931297302246,74.42005920410156,3.3114542961120605,9.168282508850098,20.305660247802734,5.2732930183410645,4.510118007659912,80.46160888671875,272.4248962402344,18916.4296875
2023-07-03,198.127685546875,11.447872161865234,9.47641372680664,5.675707817077637,76.20763397216797,3.327413320541382,9.743696212768555,20.60240364074707,5.513741970062256,4.709827899932861,82.44597625732422,279.82012939453125,19306.58984375
2023-07-04,193.78187561035156,11.409774780273438,9.625779151916504,5.9058027267456055,76.72511291503906,3.335392713546753,9.724516868591309,20.47522735595703,5.5469069480896,4.726469993591309,82.58772277832031,283.81756591796875,19415.6796875
2023-07-05,192.0040740966797,11.42882251739502,9.675567626953125,5.974832057952881,75.64314270019531,3.2875163555145264,9.494349479675293,20.390443801879883,5.530325412750244,4.6515793800354,81.26481628417969,275.22308349609375,19110.380859375
2023-07-06,190.22625732421875,11.066909790039062,9.609182357788086,5.921143054962158,72.63246154785156,3.183784246444702,9.379266738891602,20.178483963012695,5.347915172576904,4.543402671813965,79.9891357421875,269.62664794921875,18533.05078125
2023-07-07,191.80654907226562,10.914525032043457,9.609182357788086,5.990171432495117,72.02091979980469,3.175804615020752,9.245004653930664,19.924135208129883,5.331332206726074,4.485153675079346,76.87084197998047,262.2314147949219,18365.69921875
2023-07-10,191.41148376464844,10.895476341247559,9.642374992370605,5.959492206573486,72.1150131225586,3.31943416595459,9.206643104553223,20.00891876220703,5.256711006164551,4.476832389831543,77.62679290771484,267.4281005859375,18479.720703125
2023-07-11,195.06588745117188,11.238341331481934,9.77514362335205,5.951822757720947,72.91472625732422,3.263577938079834,9.321725845336914,20.00891876220703,5.35620641708374,4.526759624481201,80.7923355102539,277.4216613769531,18659.830078125
2023-07-12,202.86851501464844,11.409774780273438,10.007492065429688,5.9364824295043945,73.94963073730469,3.2316603660583496,9.379266738891602,20.09370231628418,5.339623928070068,4.6099724769592285,80.17813110351562,284.8169250488281,18860.94921875
2023-07-13,207.41180419921875,12.019311904907227,10.123663902282715,5.982502460479736,76.20763397216797,3.3114542961120605,9.446399688720703,20.348052978515625,5.530325412750244,4.826325416564941,81.12306213378906,294.0110168457031,19350.619140625
2023-07-14,209.78225708007812,12.190743446350098,10.173453330993652,6.036191463470459,75.73722839355469,3.2954964637756348,9.369677543640137,20.348052978515625,5.679568767547607,4.876253128051758,82.25700378417969,291.6125183105469,19413.779296875
2023-07-18,206.62167358398438,12.05740737915039,10.057279586791992,6.112889289855957,74.93750762939453,3.2316603660583496,9.331315040588379,19.669784545898438,5.555198669433594,4.809682846069336,84.14688110351562,288.6144714355469,19015.720703125
2023-07-19,206.8192138671875,12.038359642028809,10.173453330993652,6.235608100891113,73.85555267333984,3.2157018184661865,9.292954444885254,19.627391815185547,5.497159957885742,4.884573459625244,82.63497161865234,285.8162536621094,18952.310546875
2023-07-20,200.69561767578125,12.133599281311035,10.173453330993652,6.204928398132324,72.82063293457031,3.2077224254608154,9.235413551330566,19.58500099182129,5.596654891967773,4.842967510223389,83.20193481445312,288.0148620605469,18928.01953125
2023-07-21,200.4980926513672,12.133599281311035,10.156855583190918,6.2202677726745605,73.94963073730469,3.2077224254608154,9.168282508850098,19.669784545898438,5.50545072555542,4.867931365966797,81.40654754638672,289.2140808105469,19075.259765625
2023-07-24,198.127685546875,11.88597583770752,10.007492065429688,6.143569469451904,71.22120666503906,3.1678249835968018,8.986066818237305,19.288259506225586,5.2981672286987305,4.7930402755737305,78.90245819091797,283.2179260253906,18668.150390625
2023-07-25,204.84385681152344,12.51456069946289,10.239836692810059,6.143569469451904,72.39724731445312,3.263577938079834,9.686155319213867,19.754568099975586,5.704442977905273,4.784718990325928,79.84739685058594,296.4094543457031,19434.400390625
2023-07-26,205.43646240234375,12.838375091552734,10.223240852355957,6.112889289855957,72.49134063720703,3.2795369625091553,9.62861442565918,19.881744384765625,5.737608432769775,4.751434326171875,81.7372817993164,295.8098449707031,19365.140625
2023-07-27,210.7698974609375,12.685993194580078,10.273030281066895,6.097549915313721,73.57329559326172,3.335392713546753,10.453375816345215,19.712175369262695,5.712734222412109,4.743112087249756,82.63497161865234,301.00653076171875,19639.109375
2023-07-28,208.7945556640625,12.343128204345703,10.306221961975098,6.296966552734375,73.33809661865234,3.351351499557495,10.49173641204834,19.5426082611084,5.903435230255127,4.718149185180664,83.1074447631836,307.40240478515625,19916.560546875
2023-07-31,211.9551239013672,12.724088668823242,10.438992500305176,6.3123064041137695,72.82063293457031,3.3673102855682373,10.798624992370605,19.754568099975586,6.210214138031006,4.7347917556762695,83.20193481445312,311.199951171875,20078.939453125
2023-08-01,207.60934448242188,12.685993194580078,10.555166244506836,6.2202677726745605,72.5854263305664,3.31943416595459,10.530097007751465,19.796960830688477,6.235088348388672,4.801361560821533,85.32804870605469,317.79571533203125,20011.119140625
2023-08-02,203.06607055664062,12.362174987792969,10.273030281066895,6.197258472442627,70.79783630371094,3.271557331085205,10.376653671264648,19.330650329589844,6.052679538726807,4.659900188446045,87.9266357421875,310.000732421875,19517.380859375
2023-08-03,204.05372619628906,12.114551544189453,10.107068061828613,6.143569469451904,70.84488677978516,3.247619390487671,10.319111824035645,19.203474044799805,6.011222839355469,4.56004524230957,91.61188507080078,305.20379638671875,19420.869140625
2023-08-04,206.8192138671875,12.28598403930664,10.190048217773438,6.105219841003418,69.66883087158203,3.2396395206451416,10.357473373413086,18.821949005126953,6.1024274826049805,4.6099724769592285,91.28115844726562,314.1980285644531,19539.4609375
2023-08-07,205.2389373779297,12.190743446350098,10.455587387084961,6.1205596923828125,69.62179565429688,3.2795369625091553,10.26156997680664,19.161083221435547,6.135592460632324,4.693185329437256,91.94263458251953,314.7976379394531,19537.919921875
2023-08-08,203.06607055664062,12.305031776428223,10.488779067993164,6.089880466461182,68.21054077148438,3.2236809730529785,9.954682350158691,19.076297760009766,6.3677496910095215,4.768075942993164,90.09999084472656,314.5977478027344,19184.169921875
2023-08-09,205.04141235351562,12.324079513549805,10.60495376586914,6.097549915313721,67.45787811279297,3.2316603660583496,9.897140502929688,19.203474044799805,6.293128490447998,4.818004131317139,89.9110107421875,317.5958251953125,19246.029296875
2023-08-10,203.85617065429688,12.266935348510742,10.787510871887207,6.12822961807251,69.38658905029297,3.271557331085205,9.839599609375,19.415433883666992,6.301419734954834,4.917858600616455,74.60297393798828,326.1903076171875,19248.259765625
2023-08-11,198.91781616210938,12.019311904907227,10.85389518737793,6.051530361175537,68.58687591552734,3.2157018184661865,9.561482429504395,19.076297760009766,6.168758392333984,4.884573459625244,77.57955169677734,319.79443359375,19075.189453125
2023-08-14,196.15234375,11.847879409790039,10.787510871887207,5.951822757720947,67.64604949951172,3.2157018184661865,9.369677543640137,18.94912338256836,6.152175426483154,4.801361560821533,76.77633666992188,314.5977478027344,18773.55078125
2023-08-15,197.04122924804688,11.695493698120117,10.621548652648926,5.9058027267456055,66.61111450195312,3.1997432708740234,9.273775100708008,18.864341735839844,5.969765663146973,4.776398181915283,78.42998504638672,313.79827880859375,18581.109375
2023-08-16,196.0535430908203,11.543109893798828,10.472182273864746,5.752405643463135,65.71733093261719,3.1438870429992676,9.177871704101562,18.6099910736084,5.961474418640137,4.701506614685059,77.20156860351562,314.39788818359375,18329.30078125
2023-08-17,196.44862365722656,11.600255012512207,10.571760177612305,5.775415420532227,66.37592315673828,3.1678249835968018,9.312135696411133,18.6099910736084,5.953183174133301,4.668221473693848,76.11488342285156,311.0000915527344,18326.630859375
2023-08-18,191.2139434814453,11.37167739868164,10.588356971740723,5.760076522827148,65.52915954589844,3.1279282569885254,9.072380065917969,18.525205612182617,5.911726474761963,4.668221473693848,74.22500610351562,299.40753173828125,17950.849609375
2023-08-21,177.38650512695312,11.200246810913086,10.538568496704102,5.629687786102295,63.41228485107422,3.1279282569885254,8.861393928527832,18.228464126586914,6.019514083862305,4.593330383300781,74.27225494384766,294.0110168457031,17623.2890625
2023-08-22,182.028564453125,11.657398223876953,10.555166244506836,5.698716640472412,64.21199035644531,3.1518666744232178,8.91893482208252,18.6099910736084,6.152175426483154,4.6099724769592285,76.58735656738281,298.6080322265625,17791.009765625
2023-08-23,183.3125457763672,11.52406120300293,10.555166244506836,5.721726417541504,65.81140899658203,3.1279282569885254,8.82303237915039,18.9067325592041,6.060970783233643,4.684863567352295,74.74472045898438,303.8047180175781,17845.919921875
2023-08-24,189.73243713378906,11.88597583770752,10.721126556396484,5.859784126281738,65.5761947631836,3.1678249835968018,9.062788963317871,18.864341735839844,6.160466194152832,4.67654275894165,72.94933319091797,317.5958251953125,18212.169921875
2023-08-25,187.65830993652344,11.657398223876953,10.770915031433105,5.737066268920898,63.64749526977539,3.1678249835968018,9.120330810546875,18.779556274414062,6.25167179107666,4.643257141113281,72.76034545898438,311.39984130859375,18119.390625
2023-08-28,189.6336669921875,11.409774780273438,10.704529762268066,5.813764572143555,64.35311126708984,3.256718397140503,9.15869140625,19.118688583374023,6.235088348388672,4.693185329437256,73.42180633544922,308.60162353515625,18130.740234375
2023-08-29,189.43614196777344,11.505013465881348,10.85389518737793,5.9058027267456055,66.28182220458984,3.3536925315856934,9.417628288269043,19.330650329589844,6.38433313369751,4.718149185180664,75.47857666015625,310.2005920410156,18484.029296875
2023-08-30,182.22608947753906,11.771685600280762,10.953472137451172,6.166578769683838,66.98745727539062,3.3536925315856934,9.427218437194824,19.245866775512695,6.583325386047363,4.67654275894165,75.28724670410156,306.6029052734375,18482.859375
2023-08-31,188.1521453857422,11.752639770507812,11.102838516235352,6.174248695373535,66.98745727539062,3.2647995948791504,9.340906143188477,19.373043060302734,6.483829021453857,4.709827899932861,74.13928985595703,309.20123291015625,18382.060546875
2023-09-04,194.7695770263672,12.705039978027344,11.484548568725586,6.158909320831299,67.69308471679688,3.3375303745269775,9.666975021362305,20.051311492919922,6.8983964920043945,4.884573459625244,76.19606018066406,329.5881042480469,18844.16015625
2023-09-05,192.0040740966797,12.362174987792969,11.368375778198242,6.18958854675293,65.2939682006836,3.272881031036377,9.446399688720703,19.924135208129883,6.724277496337891,4.859610557556152,75.62207794189453,303.8047180175781,18456.91015625
2023-09-06,195.3621826171875,12.400272369384766,11.61732006072998,6.089880466461182,64.72946166992188,3.280961751937866,9.417628288269043,19.881744384765625,6.657947063446045,4.867931365966797,73.56531524658203,302.005859375,18449.98046875
2023-09-07,189.9299774169922,12.114551544189453,11.677962303161621,6.166578769683838,63.97677993774414,3.2890431880950928,9.264184951782227,20.051311492919922,6.583325386047363,5.009392261505127,72.51300811767578,290.6131591796875,18202.0703125
2023-09-11,187.85585021972656,12.1716947555542,11.55667781829834,6.174248695373535,62.76771926879883,3.272881031036377,9.3888578414917,20.136093139648438,6.558450698852539,4.992750644683838,74.71327209472656,288.0148620605469,18096.44921875
2023-09-12,183.5100555419922,11.981215476989746,11.366086959838867,6.18958854675293,63.0044059753418,3.280961751937866,9.446399688720703,19.796960830688477,6.434081077575684,4.749701499938965,75.19158935546875,283.81756591796875,18025.890625
2023-09-13,183.80638122558594,11.924071311950684,11.383414268493652,6.212599277496338,63.47776794433594,3.2647995948791504,9.302544593811035,20.136093139648438,6.425789833068848,4.749701499938965,73.99578857421875,285.4165344238281,18009.220703125
2023-09-14,189.43614196777344,12.190743446350098,11.955183029174805,6.296966552734375,62.057682037353516,3.2890431880950928,9.254593849182129,20.899145126342773,6.5335774421691895,5.026551723480225,71.98686218261719,281.2192077636719,18047.919921875
2023-09-15,200.8931427001953,12.533608436584473,11.903204917907715,6.342986583709717,63.0044059753418,3.3213679790496826,9.245004653930664,20.941537857055664,6.707695484161377,5.026551723480225,73.03915405273438,284.21728515625,18182.890625
2023-09-18,193.68313598632812,12.324079513549805,11.903204917907715,6.235608100891113,61.915672302246094,3.2890431880950928,9.340906143188477,20.899145126342773,6.591616153717041,4.974642753601074,72.6086654663086,282.41845703125,17930.55078125
2023-09-19,191.31272888183594,12.590752601623535,11.937856674194336,6.327646255493164,61.773658752441406,3.329448938369751,9.254593849182129,21.450237274169922,6.666238784790039,4.965991020202637,75.5742416381836,283.01806640625,17997.169921875
2023-09-20,189.3373565673828,12.552656173706055,11.989835739135742,6.373666286468506,62.057682037353516,3.313286542892456,9.091558456420898,21.323062896728516,6.682821273803711,5.026551723480225,75.66990661621094,279.4203796386719,17885.599609375
2023-09-21,188.74476623535156,12.247886657714844,11.868552207946777,6.304636478424072,61.110958099365234,3.297123908996582,8.976476669311523,21.15349769592285,6.434081077575684,4.991945743560791,74.66544342041016,280.2198486328125,17655.41015625
2023-09-22,190.52256774902344,12.209790229797363,11.885878562927246,6.281627178192139,61.86833572387695,3.3536925315856934,9.129920959472656,21.323062896728516,6.4506635665893555,5.026551723480225,75.90906524658203,287.2153625488281,18057.44921875
2023-09-25,184.69529724121094,12.000265121459961,11.764594078063965,6.281627178192139,60.21156692504883,3.3213679790496826,8.928525924682617,21.19588851928711,6.334585189819336,5.0005974769592285,74.37844848632812,275.0232238769531,17729.2890625
2023-09-26,185.48544311523438,11.790735244750977,11.60865592956543,6.18958854675293,58.36545944213867,3.280961751937866,8.765491485595703,20.983930587768555,6.309711456298828,4.965991020202637,74.23494720458984,275.622802734375,17466.900390625
2023-09-27,186.67063903808594,11.543109893798828,11.781920433044434,6.028521537780762,60.63759994506836,3.2890431880950928,8.775080680847168,21.11110496520996,6.094135761260986,5.035203456878662,73.70880126953125,277.4216613769531,17611.869140625
2023-09-28,185.8804931640625,11.257389068603516,11.955183029174805,6.105219841003418,59.54886245727539,3.256718397140503,8.698358535766602,21.238279342651367,6.127301216125488,5.1044158935546875,71.41287231445312,272.025146484375,17373.029296875
2023-09-29,188.1521453857422,11.409774780273438,11.937856674194336,6.158909320831299,60.448246002197266,3.3213679790496826,8.861393928527832,21.53502082824707,6.359459400177002,5.1044158935546875,72.70433807373047,279.0206604003906,17809.66015625
2023-10-03,183.5100555419922,10.990716934204102,11.574003219604492,5.9364824295043945,60.96894836425781,3.2647995948791504,8.64081859588623,20.68718719482422,6.185340404510498,4.844869136810303,72.08251190185547,269.0270690917969,17331.220703125
2023-10-04,182.22608947753906,10.857380867004395,11.41806697845459,5.875123500823975,61.915672302246094,3.2324748039245605,8.516144752502441,20.60240364074707,6.060970783233643,4.7410502433776855,71.36504364013672,258.8336181640625,17195.83984375
2023-10-05,182.71995544433594,10.74309253692627,11.366086959838867,5.852113723754883,62.436370849609375,3.3375303745269775,8.496964454650879,20.60240364074707,6.060970783233643,4.7410502433776855,69.30827331542969,257.43450927734375,17213.869140625
2023-10-06,187.1644744873047,10.838332176208496,11.348761558532715,6.0208516120910645,63.90379333496094,3.3860175609588623,8.544915199279785,20.771970748901367,6.052679538726807,4.758353233337402,70.312744140625,260.4325866699219,17485.98046875
2023-10-09,189.6336669921875,11.238341331481934,11.60865592956543,6.0208516120910645,63.6671142578125,3.3536925315856934,8.602457046508789,21.19588851928711,6.0443878173828125,4.879475116729736,69.93008422851562,259.6330871582031,17517.400390625
2023-10-10,189.3373565673828,11.352629661560059,11.712615013122559,5.790755748748779,63.714447021484375,3.369854688644409,8.669589042663574,21.026321411132812,5.903435230255127,4.931384563446045,71.31722259521484,261.6318054199219,17664.73046875
2023-10-11,189.83119201660156,11.333581924438477,11.83389949798584,5.790755748748779,65.13452911376953,3.4829916954040527,8.727129936218262,20.941537857055664,5.737608432769775,4.948687553405762,71.12588500976562,265.6292419433594,17893.099609375
2023-10-12,189.3373565673828,11.447872161865234,11.712615013122559,5.928812503814697,66.27059173583984,3.5314788818359375,9.062788963317871,20.983930587768555,5.704442977905273,4.8621721267700195,73.37397766113281,271.6253662109375,18238.2109375
2023-10-13,184.39898681640625,11.257389068603516,11.712615013122559,5.875123500823975,64.66116333007812,3.507235288619995,8.938115119934082,20.856754302978516,5.530325412750244,4.870823860168457,70.5997314453125,261.6318054199219,17813.44921875
2023-10-16,184.00392150878906,11.200246810913086,11.729941368103027,5.913473606109619,64.66116333007812,3.4991533756256104,8.832623481750488,21.15349769592285,5.3893723487854,4.896778106689453,68.01681518554688,255.43580627441406,17640.359375
2023-10-17,183.5100555419922,11.257389068603516,11.729941368103027,5.898133277893066,65.70256805419922,3.4749104976654053,8.880575180053711,20.983930587768555,5.331332206726074,4.931384563446045,67.34716796875,258.63372802734375,17773.33984375
2023-10-18,183.5100555419922,11.238341331481934,11.903204917907715,5.997842311859131,65.56055450439453,3.507235288619995,8.947705268859863,20.983930587768555,5.43082857131958,4.983294486999512,65.52955627441406,258.0341491699219,17732.51953125
2023-10-19,181.73223876953125,11.14310073852539,11.677962303161621,5.890463352203369,63.193748474121094,3.523397445678711,8.535324096679688,20.517620086669922,5.314749717712402,4.879475116729736,64.85991668701172,253.636962890625,17295.890625
2023-10-20,179.55938720703125,11.066909790039062,11.643308639526367,5.9058027267456055,63.383087158203125,3.5153164863586426,8.40106201171875,20.47522735595703,5.3893723487854,4.8621721267700195,65.6252212524414,252.43772888183594,17172.130859375
2023-10-24,179.26307678222656,11.009765625,11.625983238220215,5.813764572143555,63.05173110961914,3.5880472660064697,8.34351921081543,20.47522735595703,5.596654891967773,4.784307956695557,65.91221618652344,258.4338684082031,16991.529296875
2023-10-25,181.13966369628906,11.257389068603516,11.296781539916992,5.990171432495117,63.43042755126953,3.507235288619995,8.420242309570312,20.432836532592773,5.861978530883789,4.5939741134643555,67.2993392944336,265.8291015625,17085.330078125
2023-10-26,183.114990234375,11.14310073852539,11.47004508972168,5.951822757720947,64.09312438964844,3.636533737182617,8.439422607421875,20.47522735595703,5.911726474761963,4.602626323699951,66.29486846923828,269.2269287109375,17044.609375
2023-10-27,182.5224151611328,11.257389068603516,11.539350509643555,6.089880466461182,65.03984832763672,3.701183557510376,8.554505348205566,20.68718719482422,6.036097049713135,4.61992883682251,68.16030883789062,277.0219421386719,17398.73046875
2023-10-30,182.91748046875,11.676445960998535,11.14084529876709,6.105219841003418,65.03984832763672,3.7658326625823975,8.631227493286133,20.390443801879883,6.160466194152832,4.464200496673584,69.69092559814453,279.4203796386719,17406.359375
2023-10-31,180.84335327148438,11.581206321716309,10.984908103942871,6.097549915313721,64.23514556884766,3.7739148139953613,8.506553649902344,20.348052978515625,6.0692620277404785,4.412291526794434,68.20814514160156,268.6273193359375,17112.48046875
2023-11-01,180.5470428466797,11.37167739868164,11.175497055053711,6.0208516120910645,63.80912399291992,3.7981579303741455,8.487374305725098,20.390443801879883,6.0692620277404785,4.464200496673584,67.92115020751953,262.03155517578125,17101.779296875
2023-11-02,181.83102416992188,11.42882251739502,11.227476119995117,6.097549915313721,64.66116333007812,3.822401285171509,8.81344223022461,20.517620086669922,6.027805328369141,4.4901556968688965,68.16030883789062,260.4325866699219,17230.58984375
2023-11-03,186.1768035888672,11.409774780273438,11.435392379760742,6.166578769683838,67.12265014648438,3.7981579303741455,9.091558456420898,20.814361572265625,5.969765663146973,4.533412933349609,71.22154235839844,260.0328674316406,17664.119140625
2023-11-06,189.6336669921875,11.314534187316895,11.088866233825684,5.88279390335083,68.68473815917969,3.838563919067383,9.39844799041748,20.178483963012695,5.795647621154785,4.377685546875,72.0346908569336,268.6273193359375,17966.58984375
2023-11-07,187.55955505371094,11.37167739868164,11.106192588806152,5.8674540519714355,66.64928436279297,3.7496705055236816,9.369677543640137,20.305660247802734,5.953183174133301,4.403640270233154,71.36504364013672,265.2294921875,17670.16015625
2023-11-08,184.4977569580078,11.105005264282227,10.828970909118652,5.88279390335083,65.7499008178711,3.7658326625823975,9.168282508850098,20.305660247802734,5.795647621154785,4.308473110198975,70.5997314453125,261.6318054199219,17568.4609375
2023-11-09,184.39898681640625,11.181197166442871,10.898276329040527,5.9364824295043945,66.27059173583984,3.7658326625823975,9.15869140625,20.56001091003418,5.845396041870117,4.2911696434021,70.88672637939453,262.2314147949219,17511.2890625
2023-11-10,181.73223876953125,10.952620506286621,10.915602684020996,5.967162609100342,65.65522766113281,3.733508348464966,8.890164375305176,20.68718719482422,5.853687286376953,4.273866653442383,68.87779235839844,260.4325866699219,17203.259765625
2023-11-13,185.5841827392578,11.105005264282227,11.175497055053711,5.959492206573486,66.74395751953125,3.7577521800994873,8.909344673156738,20.68718719482422,5.870269775390625,4.369034290313721,70.5997314453125,269.0270690917969,17426.2109375
2023-11-14,183.0162353515625,10.971668243408203,11.106192588806152,6.043861389160156,67.50133514404297,3.7981579303741455,8.91893482208252,20.517620086669922,5.936600685119629,4.394988536834717,70.79106140136719,271.82525634765625,17396.859375
2023-11-15,188.54721069335938,11.543109893798828,11.41806697845459,6.1205596923828125,69.86814880371094,3.8304824829101562,9.292954444885254,21.068714141845703,6.0775532722473145,4.507458209991455,78.20498657226562,278.02130126953125,18079.0
2023-11-16,184.69529724121094,11.409774780273438,11.262128829956055,6.105219841003418,68.77941131591797,3.8062386512756348,9.15869140625,21.365455627441406,6.0688581466674805,4.498806476593018,78.20498657226562,273.224365234375,17832.8203125
2023-11-17,176.7938690185547,11.219292640686035,11.019560813903809,5.967162609100342,69.0160903930664,3.790076971054077,9.15869140625,21.068714141845703,5.92104959487915,4.420943260192871,77.63101196289062,273.823974609375,17454.189453125
2023-11-20,170.76907348632812,11.314534187316895,11.244802474975586,6.029088020324707,69.34745025634766,3.862807512283325,9.168282508850098,21.492630004882812,5.903660297393799,4.481503963470459,77.48751068115234,280.2198486328125,17778.0703125
2023-11-21,168.3986358642578,11.52406120300293,11.210149765014648,6.0703840255737305,68.7320785522461,3.91129469871521,9.062788963317871,21.280672073364258,5.851492881774902,4.481503963470459,78.20498657226562,275.4229431152344,17733.890625
2023-11-22,168.9912567138672,11.600255012512207,11.19282341003418,5.946497917175293,69.11076354980469,3.87896990776062,8.957296371459961,21.365455627441406,5.86018705368042,4.507458209991455,77.72666931152344,264.2301330566406,17734.599609375
2023-11-23,172.74440002441406,11.4669189453125,11.244802474975586,6.037347316741943,69.53678131103516,3.91129469871521,9.139510154724121,21.66219711303711,5.738461971282959,4.4901556968688965,75.19158935546875,276.6221618652344,17910.83984375
2023-11-24,171.85549926757812,11.27643871307373,11.14084529876709,5.98779296875,67.59601593017578,3.87896990776062,8.794261932373047,21.407846450805664,5.599348068237305,4.455549240112305,74.71327209472656,275.82269287109375,17559.419921875
2023-11-27,168.79368591308594,11.257389068603516,11.19282341003418,5.929980278015137,66.64928436279297,3.895132541656494,8.727129936218262,21.492630004882812,5.599348068237305,4.455549240112305,76.19606018066406,279.4203796386719,17525.060546875
2023-11-28,171.65797424316406,11.238341331481934,11.123518943786621,5.913461685180664,66.41259765625,3.87896990776062,8.679179191589355,21.238279342651367,5.495012283325195,4.420943260192871,77.29619598388672,274.8233337402344,17354.140625
2023-11-29,170.2752227783203,11.638350486755371,11.14084529876709,5.814353942871094,65.51322174072266,3.967862606048584,8.40106201171875,21.450237274169922,5.373286724090576,4.386336803436279,76.48304748535156,272.6247253417969,16993.439453125
2023-11-30,172.64566040039062,11.790735244750977,11.314108848571777,5.946497917175293,63.80912399291992,4.056755542755127,8.16130542755127,21.66219711303711,5.538485050201416,4.438246250152588,75.86123657226562,274.423583984375,17042.880859375
2023-12-01,168.89248657226562,11.562158584594727,11.106192588806152,5.9712748527526855,63.28841018676758,4.008268356323242,7.883187770843506,21.280672073364258,5.329814434051514,4.420943260192871,75.19158935546875,269.0270690917969,16830.30078125
2023-12-04,169.28753662109375,12.000265121459961,11.14084529876709,6.0043110847473145,62.67304229736328,4.056755542755127,7.82564640045166,21.70458984375,5.225478649139404,4.42959451675415,76.33955383300781,263.8304138183594,16646.05078125
2023-12-05,167.11465454101562,11.600255012512207,11.123518943786621,5.880425453186035,60.16423034667969,3.9436192512512207,7.72015380859375,21.280672073364258,5.121142387390137,4.351730823516846,74.04363250732422,257.8342590332031,16327.8603515625
2023-12-06,166.52206420898438,11.600255012512207,11.088866233825684,5.839130878448486,59.832881927490234,3.951700448989868,7.7776947021484375,21.11110496520996,5.155921459197998,4.299821376800537,76.00473022460938,257.43450927734375,16463.259765625
2023-12-07,165.92947387695312,11.42882251739502,10.794318199157715,5.715245723724365,59.31218338012695,3.91129469871521,7.633841514587402,20.983930587768555,5.008112907409668,4.204654693603516,74.76110076904297,256.0354309082031,16345.8896484375
2023-12-08,162.0775146484375,11.085956573486328,10.86362361907959,5.764799118041992,60.448246002197266,3.895132541656494,7.509167671203613,20.899145126342773,4.921165943145752,4.204654693603516,74.18711853027344,260.6324462890625,16334.3701171875
2023-12-11,162.37384033203125,11.105005264282227,10.72501277923584,5.7730584144592285,60.16423034667969,3.8304824829101562,7.413265705108643,21.068714141845703,4.825524806976318,4.196002960205078,75.19158935546875,257.43450927734375,16201.490234375
2023-12-12,162.0775146484375,11.119300842285156,10.759665489196777,5.880425453186035,59.50152587890625,3.862807512283325,7.547529220581055,20.899145126342773,5.042891502380371,4.213305473327637,76.91353607177734,264.82977294921875,16374.5
2023-12-13,159.7071075439453,10.94705581665039,10.44779109954834,5.748281478881836,59.73820877075195,3.862807512283325,7.576299667358398,20.814361572265625,4.8689985275268555,4.170048236846924,75.81340026855469,264.6298828125,16228.75
2023-12-14,156.64529418945312,10.85136604309082,10.378485679626465,5.806094646453857,61.86833572387695,4.016350269317627,7.653021812438965,20.72957992553711,4.982028484344482,4.178699493408203,83.37081909179688,261.0322265625,16402.189453125
2023-12-15,156.84283447265625,11.387235641479492,10.621053695678711,5.929980278015137,64.28248596191406,4.072917938232422,7.748924255371094,21.11110496520996,5.242867946624756,4.265214920043945,84.85360717773438,266.4287414550781,16792.189453125
2023-12-18,151.608154296875,11.406373977661133,10.621053695678711,6.375967502593994,63.47776794433594,4.048675060272217,7.614660739898682,21.407846450805664,5.164616107940674,4.256563663482666,87.91485595703125,262.63116455078125,16629.23046875
2023-12-19,154.0773468017578,11.425511360168457,10.707685470581055,6.301636219024658,62.90972137451172,4.048675060272217,7.576299667358398,21.280672073364258,5.199394226074219,4.2306084632873535,87.77134704589844,264.4300231933594,16505.0
2023-12-20,150.9167938232422,11.770000457763672,10.77699089050293,6.285118103027344,63.714447021484375,3.9921064376831055,7.614660739898682,21.450237274169922,5.355897903442383,4.2306084632873535,89.44546508789062,265.42938232421875,16613.810546875
2023-12-21,155.36131286621094,11.770000457763672,10.690360069274902,6.557666778564453,62.72037887573242,3.967862606048584,7.566709518432617,21.492630004882812,5.390676498413086,4.239260673522949,87.34086608886719,266.8284606933594,16621.130859375
2023-12-22,151.1143341064453,11.865690231323242,10.759665489196777,6.656774520874023,63.09907913208008,4.024430751800537,7.470807075500488,22.001333236694336,5.468928337097168,4.282517910003662,88.48883056640625,263.4306640625,16340.41015625
2023-12-27,153.68228149414062,12.152764320373535,11.106192588806152,6.458558082580566,63.28841018676758,4.008268356323242,7.595480442047119,22.29807472229004,5.425455093383789,4.438246250152588,89.06281280517578,265.6292419433594,16624.83984375
2023-12-28,157.9292755126953,12.248455047607422,11.244802474975586,6.458558082580566,64.4718246459961,4.016350269317627,8.103763580322266,22.34046745300293,5.564569473266602,4.464200496673584,89.44546508789062,276.42230224609375,17043.529296875
2023-12-29,160.00338745117188,12.171902656555176,11.262128829956055,6.483335018157959,64.42449188232422,4.072917938232422,8.238027572631836,22.67959976196289,5.555874824523926,4.464200496673584,89.01498413085938,277.4216613769531,17047.390625
2024-01-02,160.79354858398438,12.305869102478027,11.435392379760742,6.549407005310059,62.1523551940918,4.008268356323242,8.007861137390137,23.31547737121582,5.495012283325195,4.498806476593018,88.68014526367188,280.02001953125,16788.55078125
2024-01-03,159.90463256835938,12.1910400390625,11.262128829956055,6.565924644470215,61.39496994018555,4.008268356323242,7.959909915924072,23.44265365600586,5.390676498413086,4.52476167678833,85.04493713378906,281.4190979003906,16646.41015625
2024-01-04,161.1885986328125,12.09535026550293,11.574003219604492,6.838472843170166,60.82693862915039,4.064837455749512,7.988680839538574,23.90896224975586,5.251562118530273,4.645883560180664,83.84915161132812,286.81561279296875,16645.98046875
2024-01-05,158.02806091308594,12.057074546813965,11.764594078063965,6.830214023590088,60.96894836425781,4.040594100952148,8.074993133544922,23.82417869567871,5.173310279846191,4.70644474029541,83.03600311279297,295.0103759765625,16535.330078125
2024-01-08,150.62049865722656,11.92310619354248,11.851225852966309,6.805436611175537,59.64353942871094,3.935537576675415,7.796875476837158,23.90896224975586,5.042891502380371,4.689141750335693,81.45755004882812,289.6138000488281,16224.4501953125
2024-01-09,149.33651733398438,11.961381912231445,11.69528865814209,6.623738765716553,60.21156692504883,3.967862606048584,7.816055774688721,24.163311004638672,5.025501728057861,4.654535293579102,82.31852722167969,296.2095947265625,16190.01953125
2024-01-10,148.74391174316406,11.884828567504883,11.574003219604492,6.276859283447266,59.122840881347656,3.9921064376831055,7.748924255371094,24.29048728942871,5.086364269256592,4.61992883682251,84.08831024169922,296.60931396484375,16097.2802734375
2024-01-11,148.54637145996094,11.69344711303711,11.452719688415527,6.301636219024658,59.69086837768555,4.040594100952148,7.816055774688721,23.569828033447266,5.095058917999268,4.533412933349609,83.22732543945312,293.411376953125,16302.0400390625
2024-01-12,146.37347412109375,11.789137840270996,11.660635948181152,6.499852657318115,60.06956481933594,4.129486083984375,7.748924255371094,24.078529357910156,5.2167840003967285,4.576671123504639,82.55768585205078,295.41009521484375,16244.580078125
2024-01-15,146.37347412109375,11.827413558959961,11.764594078063965,6.706328392028809,60.11689758300781,4.129486083984375,7.700972557067871,24.20570182800293,5.225478649139404,4.568019866943359,82.55768585205078,294.610595703125,16216.330078125
2024-01-16,143.5092315673828,11.616894721984863,11.69528865814209,6.631997585296631,59.217506408691406,4.048675060272217,7.662611961364746,24.120922088623047,5.112448215484619,4.516109943389893,81.02706146240234,289.8136901855469,15865.919921875
2024-01-17,135.21273803710938,10.927918434143066,11.41806697845459,6.433780193328857,56.424678802490234,3.9436192512512207,7.384494304656982,23.569828033447266,4.808135509490967,4.369034290313721,79.87909698486328,278.4210205078125,15276.900390625
2024-01-18,138.5708465576172,10.927918434143066,11.504697799682617,6.508111953735352,56.093326568603516,3.8466455936431885,7.49957799911499,23.569828033447266,4.903776168823242,4.308473110198975,79.49644470214844,283.01806640625,15391.7900390625
2024-01-19,135.11399841308594,10.966195106506348,11.435392379760742,6.483335018157959,57.229393005371094,3.8547263145446777,7.528348445892334,22.891559600830078,4.808135509490967,4.299821376800537,80.97923278808594,278.6208801269531,15308.6904296875
2024-01-22,129.68177795410156,10.602568626403809,11.348761558532715,6.458558082580566,55.95132064819336,3.8143200874328613,7.192689418792725,22.594816207885742,4.590770244598389,4.239260673522949,78.82679748535156,268.8271789550781,14961.1796875
2024-01-23,131.16331481933594,10.564292907714844,11.487372398376465,6.549407005310059,57.98677444458008,3.8304824829101562,7.470807075500488,23.01873207092285,4.712494850158691,4.282517910003662,84.47095489501953,275.22308349609375,15353.98046875
2024-01-24,135.31150817871094,11.06188678741455,11.937856674194336,6.788918972015381,59.54886245727539,3.9436192512512207,7.595480442047119,24.163311004638672,4.955944538116455,4.542064666748047,85.33192443847656,285.2166442871094,15899.8701171875
2024-01-25,134.9164581298828,11.827413558959961,12.509626388549805,6.92106294631958,61.584320068359375,3.9193763732910156,7.614660739898682,25.053539276123047,5.129837512969971,4.905429840087891,85.14059448242188,290.0135803222656,16211.9599609375
2024-01-26,131.36082458496094,11.502066612243652,12.630910873413086,6.9375810623168945,61.489646911621094,3.7658326625823975,7.451626777648926,25.138322830200195,5.060280799865723,4.940036773681641,85.14059448242188,290.0135803222656,15952.23046875
2024-01-29,131.75587463378906,11.578617095947266,12.734868049621582,6.970616817474365,61.34764099121094,3.838563919067383,7.403675079345703,25.265499114990234,5.086364269256592,5.009248733520508,84.85360717773438,298.4081726074219,16077.240234375
2024-01-30,127.80518341064453,11.21499252319336,12.561605453491211,6.838472843170166,58.69681167602539,3.7496705055236816,7.17350959777832,24.544837951660156,5.025501728057861,4.931384563446045,81.55320739746094,281.81884765625,15703.4501953125
2024-01-31,125.23723602294922,11.081024169921875,12.526952743530273,6.7806596755981445,57.702754974365234,3.717345714569092,7.077607154846191,25.053539276123047,4.973333835601807,4.888127326965332,79.59210968017578,280.2198486328125,15485.0703125
2024-02-01,126.42243957519531,11.272405624389648,12.405668258666992,6.863250732421875,57.8921012878418,3.7092647552490234,7.03924560546875,24.84157943725586,4.955944538116455,4.836217403411865,81.36189270019531,289.01422119140625,15566.2099609375
2024-02-02,125.13846588134766,11.368098258972168,12.457647323608398,6.731105327606201,56.566688537597656,3.7254273891448975,7.346133708953857,25.223108291625977,4.921165943145752,4.957339286804199,82.36634826660156,291.2127990722656,15533.5595703125
2024-02-05,124.54586029052734,11.06188678741455,12.457647323608398,6.731105327606201,57.0400505065918,3.68502140045166,7.307772636413574,25.223108291625977,4.816830158233643,4.965991020202637,80.26175689697266,290.413330078125,15510.009765625
2024-02-06,132.74354553222656,11.176715850830078,12.734868049621582,6.871508598327637,58.980831146240234,3.7496705055236816,7.854416847229004,25.4350643157959,4.982028484344482,4.948687553405762,80.54874420166016,306.2031555175781,16136.8701171875
2024-02-07,136.2991943359375,11.176715850830078,12.648238182067871,6.846731662750244,59.832881927490234,3.822401285171509,7.7105631828308105,25.858983993530273,5.034196376800537,4.931384563446045,82.1750259399414,300.806640625,16081.8896484375
2024-02-08,136.79302978515625,11.100162506103516,12.682889938354492,6.82195520401001,59.54886245727539,3.7658326625823975,7.7105631828308105,25.39267349243164,5.051585674285889,4.870823860168457,80.5965805053711,304.00457763671875,15878.0703125
2024-02-09,131.558349609375,10.966195106506348,12.544279098510742,6.367708206176758,59.45418930053711,3.733508348464966,7.547529220581055,25.35028076171875,4.903776168823242,4.879475116729736,79.44861602783203,304.4043273925781,15746.580078125
2024-02-14,135.31150817871094,10.908780097961426,12.578932762145996,6.557666778564453,59.359519958496094,3.7092647552490234,7.672202110290527,25.223108291625977,4.877693176269531,4.85352087020874,80.93140411376953,316.9962463378906,15879.3798828125
2024-02-15,138.47207641601562,10.927918434143066,12.596258163452148,6.648515224456787,59.92755126953125,3.7092647552490234,7.748924255371094,25.35028076171875,4.808135509490967,4.844869136810303,80.78790283203125,317.99560546875,15944.6298828125
2024-02-16,142.32403564453125,11.234129905700684,12.665563583374023,6.879767894744873,60.87428283691406,3.8304824829101562,7.950319766998291,25.35028076171875,5.034196376800537,4.905429840087891,81.02706146240234,324.79119873046875,16339.9599609375
2024-02-19,140.24989318847656,11.808277130126953,13.064069747924805,6.92106294631958,60.779598236083984,3.7981579303741455,7.7681050300598145,26.410078048706055,5.173310279846191,5.035203456878662,78.77896881103516,327.1896667480469,16155.6103515625
2024-02-20,142.5215606689453,11.865690231323242,13.497227668762207,6.9375810623168945,60.35357666015625,3.838563919067383,7.758514881134033,26.240510940551758,5.260257244110107,5.1044158935546875,79.49644470214844,326.98980712890625,16247.509765625
2024-02-21,151.21310424804688,12.1910400390625,13.323966026306152,7.044948577880859,61.72632598876953,3.895132541656494,7.883187770843506,26.070941925048828,5.355897903442383,5.139021873474121,83.22732543945312,331.1871032714844,16503.099609375
2024-02-22,148.54637145996094,12.478113174438477,14.103652000427246,7.267942428588867,61.915672302246094,3.9436192512512207,8.007861137390137,27.385087966918945,5.477623462677002,5.4331746101379395,81.79236602783203,355.3715515136719,16742.94921875
2024-02-23,147.06484985351562,12.841739654541016,14.172957420349121,7.259682655334473,61.300296783447266,3.91129469871521,7.94072961807251,26.791603088378906,5.451539039611816,5.415871620178223,81.74453735351562,366.16461181640625,16725.859375
2024-02-26,148.2500457763672,12.535529136657715,14.554136276245117,7.152315139770508,60.400917053222656,3.9032132625579834,8.074993133544922,26.452468872070312,5.329814434051514,5.355310440063477,82.89250183105469,370.76165771484375,16634.740234375
2024-02-27,148.9414520263672,12.535529136657715,14.536809921264648,7.061466693878174,60.448246002197266,3.87896990776062,8.276389122009277,26.49485969543457,5.381982326507568,5.363961696624756,81.31404876708984,361.7674560546875,16790.80078125
2024-02-28,147.06484985351562,12.171902656555176,14.24226188659668,6.970616817474365,59.880218505859375,3.8547263145446777,8.094173431396484,26.49485969543457,5.260257244110107,5.329356670379639,80.4052505493164,349.175537109375,16536.849609375
2024-02-29,148.84266662597656,12.114487648010254,13.930388450622559,6.970616817474365,60.21156692504883,3.8143200874328613,8.209257125854492,25.647024154663086,5.2950358390808105,5.338007926940918,81.07489013671875,356.5707702636719,16511.439453125
2024-03-01,153.08966064453125,12.286731719970703,13.999692916870117,6.978876113891602,59.217506408691406,3.838563919067383,8.285979270935059,25.90137481689453,5.425455093383789,5.286098003387451,78.97029876708984,354.9718322753906,16589.439453125
2024-03-04,163.36148071289062,12.535529136657715,14.467503547668457,7.036689758300781,59.880218505859375,3.9193763732910156,8.218846321105957,26.49485969543457,5.442844390869141,5.381265163421631,86.52771759033203,347.976318359375,16595.970703125
2024-03-05,156.9416046142578,12.707772254943848,14.432851791381836,7.003652572631836,57.56074523925781,3.8304824829101562,7.959909915924072,26.11333465576172,5.329814434051514,5.251492500305176,83.46648406982422,332.3863525390625,16162.6396484375
2024-03-06,158.02806091308594,13.492439270019531,14.502156257629395,6.978876113891602,57.0400505065918,3.8304824829101562,8.13253402709961,26.452468872070312,5.651515960693359,5.251492500305176,88.24967193603516,337.9827575683594,16438.08984375
2024-03-07,158.02806091308594,13.932618141174316,14.900665283203125,6.978876113891602,56.51934814453125,3.9032132625579834,8.0270414352417,26.537250518798828,5.834103107452393,5.3120527267456055,89.58895874023438,337.5829772949219,16229.7802734375
2024-03-08,157.6329803466797,14.047447204589844,15.559063911437988,7.168834209442139,58.22344970703125,4.056755542755127,8.094173431396484,26.410078048706055,6.129721164703369,5.355310440063477,90.30643463134766,341.98016357421875,16353.3896484375
2024-03-11,156.64529418945312,13.970894813537598,15.004620552062988,7.160574436187744,58.933494567871094,4.14564847946167,8.247617721557617,25.35028076171875,6.051469326019287,5.415871620178223,95.23310089111328,346.57720947265625,16587.5703125
2024-03-12,165.3368377685547,13.817789077758789,15.056599617004395,7.0945024490356445,61.063621520996094,4.210298538208008,8.477784156799316,25.647024154663086,6.051469326019287,5.389916896820068,94.13298034667969,346.7770690917969,17093.5
2024-03-13,170.37399291992188,14.296242713928223,15.229863166809082,6.970616817474365,61.39496994018555,4.307272911071777,8.458602905273438,25.90137481689453,6.147110462188721,5.389916896820068,95.04178619384766,347.77642822265625,17082.109375
2024-03-14,171.75672912597656,14.793837547302246,15.351147651672363,7.127539157867432,58.933494567871094,4.371921539306641,8.439422607421875,25.943767547607422,6.181889057159424,5.502387523651123,95.95059204101562,347.77642822265625,16961.66015625
2024-03-15,167.70729064941406,15.17660140991211,15.143232345581055,7.044948577880859,57.750091552734375,4.323435306549072,8.353110313415527,25.47745704650879,6.216667175292969,5.57159948348999,98.05518341064453,343.9788818359375,16720.890625
2024-03-18,171.26290893554688,14.927803993225098,15.125904083251953,7.036689758300781,55.90398025512695,4.202217102050781,8.487374305725098,25.01114845275879,6.277529716491699,5.4764323234558105,98.15084075927734,343.9788818359375,16737.119140625
2024-03-19,166.62083435058594,14.69814682006836,15.351147651672363,6.772400379180908,54.34189224243164,4.177974224090576,8.506553649902344,25.223108291625977,6.199278354644775,5.536993503570557,97.67252349853516,341.5804138183594,16529.48046875
2024-03-20,177.97909545898438,14.583316802978516,15.6630220413208,6.830214023590088,53.016475677490234,4.194136142730713,8.468194007873535,25.095932006835938,6.260140419006348,5.562947750091553,96.9072265625,345.37799072265625,16543.0703125
2024-03-21,174.0283966064453,14.966080665588379,15.784307479858398,6.863250732421875,54.010536193847656,4.234541893005371,8.909344673156738,25.98615837097168,6.625315189361572,5.6840691566467285,99.96846008300781,353.7725830078125,16863.099609375
2024-03-22,162.37384033203125,14.564179420471191,15.351147651672363,6.623738765716553,52.96914291381836,4.169892311096191,8.82303237915039,25.51984977722168,6.425338268280029,5.545644760131836,99.39447784423828,354.5720520019531,16499.470703125
2024-03-25,164.84300231933594,14.774699211120605,15.611044883728027,6.615479469299316,51.880409240722656,4.13756799697876,8.516144752502441,25.858983993530273,7.286108016967773,5.588902950286865,100.15977478027344,353.7725830078125,16473.640625
2024-03-26,163.95408630371094,14.391934394836426,15.559063911437988,6.582442760467529,51.35971450805664,4.161811828613281,8.81344223022461,25.604633331298828,7.286108016967773,5.623508930206299,103.31668853759766,353.7725830078125,16618.3203125
2024-03-27,162.96641540527344,14.679008483886719,15.247190475463867,6.6898112297058105,49.750282287597656,4.258785247802734,8.746310234069824,25.774200439453125,7.3643598556518555,5.5975542068481445,104.36898040771484,347.17681884765625,16392.83984375
2024-03-28,167.70729064941406,14.946942329406738,15.697677612304688,6.797177314758301,49.750282287597656,4.169892311096191,8.861393928527832,26.070941925048828,7.6512837409973145,5.787888526916504,101.49906921386719,344.9782409667969,16541.419921875
2024-04-02,169.78140258789062,15.521087646484375,16.59864616394043,6.970616817474365,50.933685302734375,4.339597702026367,9.062788963317871,26.791603088378906,7.781702041625977,6.177208423614502,100.25545501708984,376.7578125,16931.51953125
2024-04-03,168.1023406982422,16.09523582458496,16.581317901611328,7.061466693878174,50.17630386352539,4.258785247802734,8.890164375305176,26.791603088378906,8.190350532531738,6.203162670135498,98.05518341064453,378.1568908691406,16725.099609375
2024-04-05,163.4602508544922,16.05695915222168,16.719928741455078,7.020171642303467,50.79167556762695,4.161811828613281,9.014837265014648,26.57964324951172,8.14687728881836,6.159904956817627,99.96846008300781,374.3593444824219,16723.919921875
2024-04-08,163.4602508544922,16.037822723388672,16.563993453979492,7.119279384613037,49.51360321044922,4.283029556274414,9.024428367614746,27.04595184326172,8.503357887268066,6.237769603729248,101.30775451660156,375.35870361328125,16732.849609375
2024-04-09,158.72142028808594,16.076095581054688,16.3387508392334,7.13579797744751,49.4189338684082,4.39616584777832,9.187461853027344,27.003562927246094,8.390327453613281,6.203162670135498,104.17765808105469,381.5547180175781,16828.0703125
2024-04-10,161.69561767578125,16.91817855834961,16.59864616394043,7.185351848602295,49.22958755493164,4.444653034210205,9.417628288269043,27.63943862915039,8.477273941040039,6.384845733642578,105.32562255859375,384.1530456542969,17139.169921875
2024-04-11,160.7042236328125,16.994731903076172,16.771907806396484,7.234906196594238,48.850894927978516,4.549708366394043,9.3888578414917,27.893789291381836,8.764196395874023,6.402148723602295,105.4212875366211,385.15240478515625,17095.029296875
2024-04-12,155.6481170654297,17.0712833404541,16.546669006347656,7.185351848602295,46.01072311401367,4.460814952850342,9.072380065917969,27.385087966918945,8.903310775756836,6.332935810089111,105.9952621459961,389.3497314453125,16721.689453125
2024-04-15,152.9713592529297,16.975595474243164,16.789234161376953,7.177093029022217,44.73265075683594,4.371921539306641,8.880575180053711,27.72422218322754,8.938089370727539,6.47136116027832,104.27332305908203,391.94805908203125,16600.4609375
2024-04-16,150.98858642578125,16.59282875061035,16.460033416748047,7.0532073974609375,43.549251556396484,4.331516265869141,8.564096450805664,27.766613006591797,8.5989990234375,6.51461935043335,99.68146514892578,381.15496826171875,16248.9697265625
2024-04-17,151.97996520996094,16.611967086791992,16.304096221923828,7.13579797744751,44.3066291809082,4.380003452301025,8.544915199279785,27.63943862915039,8.65986156463623,6.428102970123291,98.9161605834961,382.75396728515625,16251.83984375
2024-04-18,153.46707153320312,16.937318801879883,15.9402437210083,7.13579797744751,45.30068588256836,4.371921539306641,8.679179191589355,27.72422218322754,8.49466323852539,6.332935810089111,99.58580017089844,384.55279541015625,16385.869140625
2024-04-19,153.9627685546875,16.975595474243164,16.130834579467773,7.350532531738281,44.68531799316406,4.355759620666504,8.449013710021973,27.851394653320312,8.477273941040039,6.4800124168396,97.09854888916016,379.15625,16224.1396484375
2024-04-22,158.42401123046875,16.133512496948242,15.732328414916992,7.523971080780029,45.58470916748047,4.428491115570068,8.477784156799316,26.833993911743164,8.485969543457031,6.306981086730957,98.34217834472656,379.95574951171875,16511.689453125
2024-04-23,158.62228393554688,15.635918617248535,15.957571983337402,7.548749923706055,46.15273666381836,4.687088489532471,8.544915199279785,26.749210357666016,8.43380069732666,6.263723373413086,100.44678497314453,391.34844970703125,16828.9296875
2024-04-24,162.68698120117188,16.248340606689453,16.217464447021484,7.6395978927612305,47.76216506958008,4.711332321166992,8.727129936218262,26.876386642456055,9.025036811828613,6.28967809677124,102.07305908203125,399.7430419921875,17201.26953125
2024-04-25,165.26458740234375,16.324892044067383,16.460033416748047,7.7717437744140625,48.803558349609375,4.687088489532471,8.82303237915039,27.215518951416016,9.372821807861328,6.367542266845703,101.88172912597656,394.34649658203125,17284.5390625
2024-04-26,169.52757263183594,16.86076545715332,17.049129486083984,7.846074104309082,51.12303161621094,4.711332321166992,9.005248069763184,27.08834457397461,9.616271018981934,6.523270606994629,104.08200073242188,406.33880615234375,17651.150390625
2024-04-29,167.04910278320312,16.707658767700195,17.118436813354492,7.870850086212158,54.247215270996094,4.711332321166992,9.15869140625,27.25791358947754,9.303263664245605,6.3156328201293945,100.82942962646484,386.1517639160156,17746.91015625
2024-04-30,165.36373901367188,16.55455207824707,17.58624839782715,8.391169548034668,54.720577239990234,4.622438430786133,9.139510154724121,27.72422218322754,9.477156639099121,6.384845733642578,104.6559829711914,385.15240478515625,17763.029296875
2024-05-02,167.04910278320312,16.669384002685547,17.499618530273438,8.44072437286377,56.1879997253418,4.6143574714660645,9.455989837646484,27.63943862915039,9.755386352539062,6.14260196685791,101.21208190917969,388.7500915527344,18207.130859375
2024-05-03,168.53616333007812,16.49713706970215,17.58624839782715,8.63893985748291,58.08143997192383,4.573951244354248,9.57107162475586,28.14813995361328,9.737997055053711,6.151253700256348,101.11642456054688,402.1414794921875,18475.919921875
2024-05-06,167.54478454589844,16.535415649414062,17.083782196044922,8.605904579162598,59.17017364501953,4.743656635284424,9.50394058227539,28.44487953186035,10.016225814819336,6.1945109367370605,104.75164031982422,418.93072509765625,18578.30078125
2024-05-07,162.68698120117188,16.51627540588379,17.17041778564453,8.75456714630127,57.98677444458008,4.646682262420654,9.475170135498047,28.741626739501953,9.946667671203613,6.263723373413086,106.95189666748047,415.5328674316406,18479.369140625
2024-05-08,158.91970825195312,16.4588623046875,17.17041778564453,8.820638656616211,57.98677444458008,4.598195552825928,9.340906143188477,29.207935333251953,9.668439865112305,6.298329830169678,103.60368347167969,411.9352111816406,18313.859375
2024-05-09,163.4801025390625,16.8033504486084,17.257047653198242,9.431806564331055,59.45418930053711,4.598195552825928,9.465579986572266,29.165544509887695,10.085783004760742,6.3502397537231445,106.66490173339844,409.7366027832031,18537.810546875
2024-05-10,163.5792236328125,17.33922004699707,17.759511947631836,9.663060188293457,60.779598236083984,4.638600826263428,9.484760284423828,30.945995330810547,10.155338287353516,6.6443915367126465,107.14322662353516,420.5296630859375,18963.6796875
2024-05-13,164.8680419921875,17.358356475830078,17.326351165771484,10.208154678344727,60.96894836425781,4.711332321166992,9.532711029052734,30.649253845214844,10.277064323425293,6.592482089996338,109.2478256225586,420.9294128417969,19115.060546875
2024-05-14,172.1051788330078,17.588014602661133,16.927846908569336,10.373336791992188,59.54886245727539,4.804207801818848,9.801239013671875,30.140554428100586,10.259675025939941,6.523270606994629,108.19551849365234,421.92877197265625,19073.7109375
2024-05-16,187.0751495361328,17.664567947387695,16.737255096435547,10.356818199157715,59.832881927490234,4.686002731323242,9.801239013671875,30.352510452270508,10.36401081085205,6.462709426879883,102.38623809814453,430.5232238769531,19376.529296875
2024-05-17,185.29066467285156,17.932504653930664,16.771907806396484,10.472443580627441,61.82100296020508,4.7535481452941895,9.801239013671875,30.3949031829834,10.346620559692383,6.549225330352783,103.35124206542969,438.11834716796875,19553.609375
2024-05-20,189.0579376220703,18.812862396240234,17.03180503845215,10.571552276611328,61.678993225097656,4.745105266571045,10.20403003692627,30.73403549194336,10.711795806884766,6.678997993469238,104.21973419189453,436.11962890625,19636.220703125
2024-05-21,191.43727111816406,17.9224853515625,16.650623321533203,10.389853477478027,59.31218338012695,4.7282185554504395,9.820419311523438,31.242738723754883,10.53790283203125,6.678997993469238,99.00875091552734,439.71734619140625,19220.619140625
2024-05-22,194.01487731933594,17.554744720458984,16.494686126708984,10.307262420654297,58.980831146240234,4.745105266571045,9.954682350158691,30.903606414794922,10.5468111038208,6.627089023590088,98.14025115966797,430.5232238769531,19195.599609375
2024-05-23,190.9415740966797,16.916038513183594,16.6159725189209,10.307262420654297,58.36545944213867,4.7535481452941895,9.62861442565918,31.07317352294922,10.172683715820312,6.635740756988525,95.92076110839844,418.1311950683594,18868.7109375
2024-05-24,189.25621032714844,16.916038513183594,16.99715232849121,10.373336791992188,57.229393005371094,4.7535481452941895,9.484760284423828,30.73403549194336,10.457733154296875,6.635740756988525,95.14875793457031,405.7391662597656,18608.939453125
2024-05-27,190.1484832763672,17.477325439453125,17.716196060180664,10.885396003723145,58.46013259887695,4.7788777351379395,9.561482429504395,31.242738723754883,10.903121948242188,6.869332313537598,95.67951202392578,415.7327575683594,18827.349609375
2024-05-28,188.56224060058594,17.419260025024414,17.84614372253418,11.232274055480957,58.36545944213867,4.787321090698242,9.609434127807617,31.92100715637207,11.045645713806152,7.016408443450928,95.92076110839844,412.3349304199219,18821.16015625
2024-05-29,186.5794677734375,17.380550384521484,18.149354934692383,11.298346519470215,58.30821990966797,4.6269001960754395,9.484760284423828,32.3873176574707,11.366326332092285,7.016408443450928,93.07402038574219,398.14404296875,18477.009765625
2024-05-30,183.307861328125,16.43216896057129,17.716196060180664,10.835841178894043,57.7289924621582,4.550910472869873,9.254593849182129,31.793834686279297,11.437588691711426,6.8866353034973145,92.06076049804688,398.34393310546875,18230.189453125
2024-05-31,178.25180053710938,16.006366729736328,18.106037139892578,10.998026847839355,58.356483459472656,4.49180793762207,9.08197021484375,32.17536163330078,11.491035461425781,6.895286560058594,92.35026550292969,391.34844970703125,18079.609375
2024-06-03,180.7302703857422,16.219268798828125,18.235984802246094,11.68856143951416,57.777259826660156,4.49180793762207,9.39844799041748,32.30253219604492,11.633560180664062,6.95584774017334,92.54326629638672,405.7391662597656,18403.0390625
2024-06-04,182.7130584716797,16.161205291748047,17.88945770263672,11.856985092163086,56.860164642333984,4.534023761749268,9.302544593811035,31.92100715637207,11.918608665466309,6.834726333618164,92.832763671875,407.9377746582031,18444.109375
2024-06-05,182.3164825439453,15.870882034301758,17.58624839782715,11.7896146774292,57.101505279541016,4.601570129394531,9.427218437194824,32.2601432800293,11.41977310180664,6.696300983428955,92.73626708984375,400.14276123046875,18424.9609375
2024-06-06,182.11819458007812,16.490236282348633,18.279300689697266,12.29488468170166,57.004966735839844,4.534023761749268,9.408039093017578,33.27754592895508,11.473220825195312,6.756862163543701,96.30675506591797,407.1382751464844,18476.80078125
2024-06-07,186.28204345703125,16.935392379760742,18.409250259399414,12.665414810180664,56.32920837402344,4.49180793762207,9.350496292114258,33.74385452270508,11.473220825195312,6.704952716827393,93.65301513671875,398.7436828613281,18366.94921875
2024-06-11,180.7302703857422,16.103137969970703,18.452564239501953,11.031712532043457,55.21903610229492,4.356715679168701,9.173887252807617,32.72644805908203,10.707151412963867,6.635740756988525,91.96427154541016,402.94097900390625,18176.33984375
2024-06-12,175.3767547607422,16.161205291748047,18.885725021362305,11.08223819732666,54.3502082824707,4.280726432800293,8.732362747192383,33.57428741455078,10.742782592773438,6.635740756988525,91.09577178955078,392.1479187011719,17937.83984375
2024-06-13,174.18710327148438,15.851527214050293,19.117998123168945,11.065396308898926,54.63981628417969,4.365159034729004,8.879537582397461,33.57428741455078,10.493363380432129,6.653043270111084,94.90750885009766,393.14727783203125,18112.630859375
2024-06-14,175.07936096191406,16.006366729736328,19.028661727905273,11.38539981842041,53.57790756225586,4.365159034729004,8.722551345825195,33.57428741455078,10.600257873535156,6.583831310272217,92.25376892089844,395.74560546875,17941.779296875
2024-06-17,173.69140625,15.793462753295898,18.849990844726562,11.115922927856445,53.57790756225586,4.415818691253662,8.70292854309082,32.8536262512207,10.51117992401123,6.47136116027832,92.9775161743164,391.34844970703125,17936.119140625
2024-06-18,172.1051788330078,15.561206817626953,19.162668228149414,11.722246170043945,53.288307189941406,4.458034515380859,8.712739944458008,32.980804443359375,10.974384307861328,6.527656555175781,92.6397705078125,385.5521545410156,17915.55078125
2024-06-19,171.7086181640625,16.006366729736328,20.279373168945312,11.80645751953125,54.3502082824707,4.449591636657715,9.056146621704102,33.82863998413086,11.081276893615723,6.823146820068359,93.26701354980469,395.74560546875,18430.390625
2024-06-20,167.54478454589844,16.122493743896484,20.994064331054688,12.29488468170166,54.0123291015625,4.390488147735596,8.977653503417969,34.16777420043945,11.22380256652832,6.984323978424072,90.6615219116211,392.5476379394531,18335.3203125
2024-06-21,164.27320861816406,15.909591674804688,20.32404136657715,11.87382698059082,53.86751937866211,4.280726432800293,8.74217414855957,33.53189468383789,10.885306358337402,6.876872539520264,88.87627410888672,384.9525451660156,18028.51953125
2024-06-24,164.174072265625,16.219268798828125,20.145366668701172,11.80645751953125,53.52964401245117,4.407375335693359,8.644059181213379,33.53189468383789,11.027831077575684,6.885826587677002,89.5517807006836,377.357421875,18027.7109375
2024-06-25,169.03187561035156,16.083786010742188,20.279373168945312,11.772772789001465,53.0952262878418,4.373602390289307,8.79123306274414,33.489505767822266,10.974384307861328,6.939552307128906,90.0342788696289,381.9544677734375,18072.900390625
2024-06-26,168.0404815673828,15.870882034301758,20.145366668701172,11.67171859741211,52.564273834228516,4.348272800445557,8.977653503417969,33.65907287597656,10.724966049194336,6.912689685821533,88.10427856445312,380.7552490234375,18089.9296875
2024-06-27,163.77749633789062,15.445079803466797,19.43067741394043,11.250661849975586,51.40583801269531,4.289170265197754,8.732362747192383,31.796510696411133,10.404287338256836,6.778375625610352,89.69651794433594,373.1601257324219,17716.470703125
2024-06-28,162.7861328125,15.948301315307617,20.011363983154297,11.5032958984375,51.16448974609375,4.3398284912109375,8.624435424804688,32.52018356323242,10.5289945602417,7.073866367340088,86.07777404785156,374.3593444824219,17718.609375
2024-07-02,159.7128143310547,16.083786010742188,20.904727935791016,12.025406837463379,50.63353729248047,4.331386089324951,8.320273399353027,33.56046676635742,10.386470794677734,7.369356632232666,85.88478088378906,371.1614074707031,17769.140625
2024-07-03,160.50592041015625,16.374107360839844,20.904727935791016,11.705403327941895,51.30929946899414,4.407375335693359,8.457636833190918,33.69615936279297,10.386470794677734,7.530533313751221,87.67002868652344,378.75653076171875,17978.5703125
2024-07-04,156.044677734375,16.761199951171875,20.904727935791016,11.68856143951416,50.97141647338867,4.424262046813965,8.53612995147705,34.10322570800781,10.493363380432129,7.646939277648926,87.67002868652344,395.3458557128906,18028.279296875
2024-07-05,156.14381408691406,17.09023094177246,20.770723342895508,11.334874153137207,49.95778274536133,4.297613620758057,8.27121639251709,33.786617279052734,10.47554874420166,7.5573954582214355,87.52527618408203,384.9525451660156,17799.609375
2024-07-08,153.46707153320312,16.954750061035156,20.681386947631836,10.42538833618164,49.185489654541016,4.27228307723999,8.10441780090332,33.51523971557617,10.422101974487305,7.530533313751221,84.43728637695312,386.9512634277344,17524.060546875
2024-07-09,157.1352081298828,17.264423370361328,20.502714157104492,10.54328441619873,49.66817092895508,4.230067729949951,7.996489524841309,32.882022857666016,10.938753128051758,7.387265682220459,86.3672866821289,388.7500915527344,17523.23046875
2024-07-10,155.0532684326172,16.70313835144043,19.788022994995117,10.35801887512207,50.199127197265625,4.154077529907227,8.01611328125,31.253751754760742,10.190499305725098,7.17236328125,85.20928192138672,391.34844970703125,17471.669921875
2024-07-11,156.5403594970703,17.051523208618164,20.19003677368164,10.038015365600586,52.3712043762207,4.204737186431885,8.143664360046387,31.118064880371094,10.27957820892334,7.235043048858643,85.93303680419922,392.3477783203125,17832.330078125
2024-07-12,158.62228393554688,17.0128116607666,20.41337776184082,9.684327125549316,53.67444610595703,4.424262046813965,8.261404037475586,30.982372283935547,9.958897590637207,7.1813178062438965,91.916015625,395.3458557128906,18293.380859375
2024-07-15,157.53175354003906,17.109586715698242,20.10070037841797,9.600114822387695,53.48137664794922,4.415818691253662,8.074982643127441,31.796510696411133,9.56695556640625,7.145500183105469,92.4950180053711,388.1504821777344,18015.939453125
2024-07-16,152.87222290039062,17.206361770629883,19.922025680541992,9.465376853942871,51.743709564208984,4.550910472869873,8.055359840393066,30.982372283935547,9.477877616882324,7.091774940490723,92.10901641845703,373.5598449707031,17727.98046875
2024-07-17,155.6481170654297,16.41281509399414,18.894657135009766,9.296954154968262,52.66081237792969,4.517137050628662,8.074982643127441,30.484848022460938,9.032488822937012,6.6798787117004395,96.49976348876953,370.561767578125,17739.41015625
2024-07-18,155.84640502929688,16.41281509399414,19.252002716064453,9.195899963378906,52.66081237792969,4.550910472869873,8.01611328125,30.7562255859375,9.353168487548828,6.6798787117004395,95.43826293945312,358.9692687988281,17778.41015625
2024-07-19,151.6825714111328,15.793462753295898,18.3139705657959,8.943265914916992,52.27466583251953,4.415818691253662,7.917996406555176,29.942087173461914,8.800886154174805,6.366479873657227,93.50826263427734,343.9788818359375,17417.6796875
2024-07-22,156.3420867919922,15.677336692810059,18.269302368164062,9.094846725463867,51.93678665161133,4.424262046813965,7.859127044677734,30.07777976989746,8.863241195678711,6.330662727355957,94.66625213623047,361.56756591796875,17635.880859375
2024-07-23,156.044677734375,15.232176780700684,18.179967880249023,9.094846725463867,51.84025192260742,4.474921226501465,7.81988000869751,29.987319946289062,8.62273120880127,6.303799629211426,92.59151458740234,360.7680969238281,17469.359375
2024-07-24,149.6997833251953,15.193466186523438,18.40330696105957,9.111687660217285,49.8129768371582,4.415818691253662,7.741386890411377,30.53007698059082,8.613822937011719,6.339616775512695,91.77127075195312,358.36962890625,17311.05078125
2024-07-25,149.6997833251953,14.419278144836426,17.688615798950195,9.061161994934082,49.088951110839844,4.331386089324951,7.643270492553711,29.85163116455078,8.400035858154297,6.10680627822876,90.13077545166016,347.5765686035156,17021.91015625
2024-07-26,147.2213134765625,14.748308181762695,17.777952194213867,9.044319152832031,49.909515380859375,4.19629430770874,7.692328929901123,29.580251693725586,8.5871000289917,6.097851753234863,90.61327362060547,339.7815856933594,17021.310546875
2024-07-29,147.81614685058594,14.999919891357422,18.40330696105957,9.26326847076416,50.68180847167969,4.27228307723999,7.741386890411377,29.761171340942383,8.5871000289917,6.187394618988037,93.99076080322266,336.5836181640625,17238.33984375
2024-07-30,144.74282836914062,14.728954315185547,17.795820236206055,9.061161994934082,50.82661437988281,4.187850475311279,7.662893772125244,28.901805877685547,8.275327682495117,5.990400314331055,92.44676971435547,331.1871032714844,17002.91015625
2024-07-31,147.915283203125,15.34830379486084,18.3139705657959,9.381165504455566,50.68180847167969,4.289170265197754,7.810068607330322,29.444562911987305,8.676177024841309,6.097851753234863,96.59625244140625,337.5829772949219,17344.599609375
2024-08-01,149.30323791503906,15.532943725585938,18.671316146850586,9.583273887634277,51.06795883178711,4.2385101318359375,7.849315166473389,29.037492752075195,8.81870174407959,6.214257717132568,98.42974853515625,327.7892761230469,17304.9609375
2024-08-02,142.9583282470703,15.16264820098877,18.224634170532227,9.381165504455566,49.8129768371582,4.213180065155029,7.574588775634766,29.037492752075195,8.498022079467773,6.097851753234863,94.47325897216797,314.9975280761719,16945.509765625
2024-08-05,145.43679809570312,14.81184196472168,17.063261032104492,9.010634422302246,50.73007583618164,4.3398284912109375,7.4176025390625,27.90675163269043,8.186249732971191,5.766543865203857,90.46852111816406,310.000732421875,16698.359375
2024-08-06,151.97996520996094,14.422056198120117,16.848852157592773,8.909581184387207,49.52336883544922,4.398931980133057,7.348921298980713,28.04244041442871,8.088263511657715,5.730727195739746,88.34552764892578,315.7969970703125,16647.33984375
2024-08-07,153.7644805908203,14.675415992736816,17.188331604003906,9.094846725463867,50.29566192626953,4.458034515380859,7.32929801940918,28.72088623046875,8.489113807678223,5.882949352264404,91.43351745605469,331.1871032714844,16877.859375
2024-08-08,153.367919921875,14.558480262756348,17.545677185058594,8.741157531738281,50.199127197265625,4.407375335693359,7.3881683349609375,28.63042640686035,8.364404678344727,5.847132205963135,94.28026580810547,319.59454345703125,16891.830078125
2024-08-09,154.65672302246094,14.81184196472168,17.777952194213867,8.757999420166016,50.778343200683594,4.441148281097412,7.466660976409912,28.766115188598633,8.720715522766113,5.972492218017578,93.41177368164062,328.78863525390625,17090.23046875
2024-08-12,154.0618896484375,14.90928840637207,17.6350154876709,8.926423072814941,50.10258865356445,4.441148281097412,7.486284255981445,29.218412399291992,8.836517333984375,5.972492218017578,93.17051696777344,330.58746337890625,17111.650390625
2024-08-13,154.35931396484375,15.006732940673828,17.911956787109375,9.094846725463867,50.82661437988281,4.432704925537109,7.515718936920166,29.308874130249023,8.85433292388916,6.026217460632324,94.03900909423828,331.5868225097656,17174.060546875
2024-08-14,151.5834197998047,14.967754364013672,17.849422454833984,8.892738342285156,49.95778274536133,4.804207801818848,7.525530815124512,29.39933204650879,8.774163246154785,6.017263412475586,94.13551330566406,325.3908386230469,17113.359375
2024-08-15,151.2860107421875,14.967754364013672,17.795820236206055,9.027477264404297,49.76470947265625,4.7535481452941895,7.554965496063232,30.394386291503906,8.996857643127441,6.044126510620117,96.11375427246094,322.39276123046875,17109.140625
2024-08-16,152.57481384277344,15.377030372619629,18.40330696105957,9.280111312866211,50.199127197265625,4.7535481452941895,7.61383581161499,30.575305938720703,9.192828178405762,6.160531520843506,100.26325225830078,333.9853210449219,17430.16015625
2024-08-19,153.8636016845703,15.649879455566406,18.3586368560791,9.111687660217285,50.150856018066406,4.694446086883545,7.741386890411377,30.303926467895508,9.228459358215332,6.178440570831299,99.78075408935547,331.7867126464844,17569.5703125
2024-08-20,157.33346557617188,15.591411590576172,18.001293182373047,8.976949691772461,50.29566192626953,4.7028889656066895,7.721763610839844,30.032548904418945,9.388799667358398,6.035171985626221,99.68424987792969,330.187744140625,17511.080078125
2024-08-21,159.8119659423828,15.591411590576172,18.179967880249023,8.960107803344727,49.619903564453125,4.6775593757629395,7.7315754890441895,29.761171340942383,9.56695556640625,6.035171985626221,100.3597412109375,330.58746337890625,17391.009765625
2024-08-22,164.07492065429688,15.630391120910645,18.09063148498535,9.21274185180664,52.564273834228516,4.6437859535217285,7.839503288269043,29.942087173461914,9.424429893493652,6.0799431800842285,102.38623809814453,339.3818359375,17641.0
2024-08-23,160.10935974121094,15.571921348571777,18.269302368164062,8.825368881225586,52.61254119873047,4.7028889656066895,7.898373603820801,30.258697509765625,9.228459358215332,6.053081035614014,101.32474517822266,330.98724365234375,17612.099609375
2024-08-26,157.92832946777344,15.903240203857422,18.492643356323242,9.061161994934082,53.24003601074219,4.7028889656066895,8.055359840393066,30.34915542602539,9.442246437072754,6.151576995849609,102.000244140625,335.7841491699219,17798.73046875
2024-08-27,159.8119659423828,15.78630542755127,19.117998123168945,9.179057121276855,53.72271728515625,4.771670341491699,8.438014030456543,31.163293838500977,9.424429893493652,6.402296543121338,102.38623809814453,366.16461181640625,17874.669921875
2024-08-28,159.8119659423828,15.396519660949707,19.028661727905273,9.078003883361816,53.288307189941406,4.685693264007568,8.418390274047852,30.982372283935547,9.192828178405762,6.35752534866333,101.03524017333984,364.1658935546875,17692.44921875
2024-08-29,162.98440551757812,15.571921348571777,18.939327239990234,8.943265914916992,53.77098846435547,4.788865089416504,8.467449188232422,30.846683502197266,9.281906127929688,6.303799629211426,101.90373992919922,366.76422119140625,17786.3203125
2024-08-30,169.72586059570312,15.416008949279785,19.252002716064453,9.010634422302246,53.52964401245117,4.883438587188721,8.65386962890625,30.484848022460938,9.53132438659668,6.330662727355957,101.4212417602539,369.9621887207031,17989.0703125
2024-09-02,170.61810302734375,15.182137489318848,18.894657135009766,9.044319152832031,53.19176483154297,4.866243362426758,8.65386962890625,30.07777976989746,9.299721717834473,6.2948455810546875,101.32474517822266,370.9615478515625,17691.970703125
2024-09-03,173.59226989746094,14.889798164367676,18.98399543762207,8.808526992797852,52.853885650634766,4.814657688140869,8.761797904968262,29.39933204650879,9.139382362365723,6.205302715301514,101.98776245117188,368.762939453125,17651.490234375
2024-09-04,172.6008758544922,13.97380256652832,17.777952194213867,8.791685104370117,52.3712043762207,4.857645511627197,8.810855865478516,28.85657501220703,8.82761001586914,5.829224109649658,100.23271942138672,373.3599853515625,17457.33984375
2024-09-05,167.54478454589844,13.97380256652832,17.72435188293457,8.522208213806152,53.0952262878418,4.909231185913086,8.751986503601074,28.539966583251953,8.907779693603516,5.659093379974365,100.23271942138672,373.3599853515625,17444.30078125
2024-09-09,166.50167846679688,13.467081069946289,17.045392990112305,8.23588752746582,52.55508041381836,4.909231185913086,8.712739944458008,27.22830581665039,8.676177024841309,5.309876441955566,100.62272644042969,368.36322021484375,17196.9609375
2024-09-10,168.3892364501953,13.467081069946289,17.116863250732422,8.193782806396484,52.068458557128906,4.935024261474609,8.624435424804688,27.047386169433594,8.5871000289917,5.309876441955566,101.98776245117188,370.16204833984375,17234.08984375
2024-09-11,169.58135986328125,13.42810344696045,16.723779678344727,8.084307670593262,51.776485443115234,4.943621635437012,8.761797904968262,26.86646842956543,8.453482627868652,5.235525131225586,101.01273345947266,370.16204833984375,17108.7109375
2024-09-12,167.49513244628906,13.603507041931152,16.891206741333008,8.328521728515625,53.67430877685547,4.9522199630737305,8.850103378295898,27.273534774780273,8.69399356842041,5.226192474365234,101.69525909423828,367.9634704589844,17240.390625
2024-09-13,170.87283325195312,14.129716873168945,17.1888484954834,8.640104293823242,53.3823356628418,5.0381951332092285,8.918784141540527,27.499683380126953,8.898871421813965,5.263522148132324,102.37777709960938,369.3625793457031,17369.08984375
2024-09-16,171.8662872314453,14.363588333129883,17.133041381835938,8.825368881225586,53.28500747680664,5.05539083480835,8.850103378295898,27.499683380126953,8.996857643127441,5.263522148132324,106.18038177490234,371.5611267089844,17422.119140625
2024-09-17,171.8662872314453,14.714395523071289,17.46788787841797,8.825368881225586,53.5283203125,5.089780807495117,8.899160385131836,27.68060302734375,8.943410873413086,5.366179943084717,105.98536682128906,367.7635803222656,17660.01953125
2024-09-19,173.75381469726562,15.084691047668457,17.48649024963379,9.195899963378906,54.93952560424805,5.132768630981445,9.144452095031738,28.178129196166992,9.49569320678711,5.366179943084717,108.61795043945312,373.7597351074219,18013.16015625
2024-09-20,172.0649871826172,15.513455390930176,17.579504013061523,9.465376853942871,56.69136047363281,5.167159557342529,9.782209396362305,28.72088623046875,9.816372871398926,5.468837261199951,113.88308715820312,381.3548583984375,18258.5703125
2024-09-23,167.49513244628906,15.591411590576172,17.653915405273438,9.633798599243164,56.545372009277344,5.210147380828857,9.988253593444824,29.12795639038086,9.620401382446289,5.552829265594482,111.44551849365234,384.1530456542969,18247.109375
2024-09-24,174.8466339111328,16.312515258789062,18.379417419433594,10.021172523498535,58.053897857666016,5.270330905914307,10.40034294128418,30.846683502197266,10.172683715820312,5.804806232452393,109.69047546386719,399.9429016113281,19000.560546875
2024-09-25,167.59446716308594,16.604854583740234,18.305007934570312,10.105384826660156,59.02714157104492,5.261732578277588,10.321849822998047,31.525131225585938,9.994528770446777,5.944793701171875,111.25051879882812,398.7436828613281,19129.099609375
2024-09-26,181.20468139648438,17.15055274963379,17.114437103271484,10.526442527770996,61.89820098876953,5.433685302734375,10.930171966552734,32.06788635253906,10.618073463439941,5.8234710693359375,114.95561218261719,420.72955322265625,19924.580078125
2024-09-27,187.46339416503906,17.15055274963379,17.281862258911133,10.812761306762695,66.52111053466797,5.287526607513428,11.656232833862305,32.294036865234375,11.41977310180664,5.879467010498047,117.88069915771484,473.69549560546875,20632.30078125
2024-09-30,194.6162109375,17.209020614624023,18.063173294067383,10.981184959411621,67.78631591796875,5.296123504638672,11.950582504272461,31.7060489654541,11.544482231140137,5.916796684265137,115.15061950683594,490.6845703125,21133.6796875
2024-10-02,210.01463317871094,17.93012237548828,18.974702835083008,11.166449546813965,70.26808166503906,5.476673126220703,12.814007759094238,31.977426528930664,11.936424255371094,6.206103801727295,118.75822448730469,514.1694946289062,22443.73046875
2024-10-03,208.62380981445312,17.559829711914062,19.439767837524414,11.065396308898926,69.83013153076172,5.373501777648926,12.284178733825684,32.02265930175781,11.882977485656738,6.112778663635254,117.39318084716797,507.1739807128906,22113.509765625
2024-10-04,213.98843383789062,18.086036682128906,20.044353485107422,10.256965637207031,72.55520629882812,5.468075752258301,12.75513744354248,33.0177116394043,12.203658103942871,6.308761119842529,118.75822448730469,542.6511840820312,22736.869140625
2024-10-07,209.81593322753906,17.988590240478516,20.50942039489746,10.72854995727539,70.21942901611328,5.536856174468994,13.638184547424316,33.470008850097656,12.150211334228516,6.420750617980957,115.63813781738281,539.653076171875,23099.779296875
2024-10-08,194.1195068359375,16.74127769470215,18.928197860717773,10.842375755310059,62.96876907348633,5.270330905914307,11.950582504272461,30.53007698059082,11.366326332092285,5.935461521148682,108.13043212890625,482.689697265625,20926.7890625
2024-10-09,196.90115356445312,16.098133087158203,17.951557159423828,9.996142387390137,63.35806655883789,5.313318729400635,11.55811595916748,29.8064022064209,10.95656967163086,5.748811721801758,110.17798614501953,465.70062255859375,20637.240234375
2024-10-10,203.25921630859375,16.507408142089844,18.695663452148438,10.436888694763184,65.30455017089844,5.3305134773254395,12.637397766113281,31.525131225585938,11.66919231414795,5.9727911949157715,113.39557647705078,505.1752624511719,21251.98046875
2024-10-14,201.27232360839844,16.838726043701172,18.742168426513672,10.472148895263672,64.28265380859375,5.210147380828857,12.519658088684082,31.479900360107422,12.09676456451416,5.982123374938965,111.93303680419922,500.178466796875,21092.869140625
2024-10-15,193.92080688476562,16.078643798828125,17.951557159423828,10.190071105957031,61.946868896484375,5.106976509094238,11.773972511291504,31.389442443847656,11.437588691711426,5.795474052429199,110.56800079345703,466.1003723144531,20318.7890625
2024-10-16,194.9142608642578,16.448938369750977,17.765531539916992,10.172440528869629,61.508907318115234,5.158562183380127,11.872089385986328,31.434669494628906,11.972055435180664,5.702149391174316,110.37298583984375,457.3060302734375,20286.849609375
2024-10-17,191.4371795654297,16.137109756469727,17.7097225189209,9.960882186889648,60.82763671875,5.17575740814209,11.754348754882812,30.891916275024414,11.847347259521484,5.590158939361572,108.81295013427734,453.1087341308594,20079.099609375
2024-10-18,197.5965576171875,16.76076889038086,17.691120147705078,10.31347942352295,61.70355987548828,5.244537830352783,12.362671852111816,31.660818099975586,11.918608665466309,5.692816734313965,113.59058380126953,484.8883056640625,20804.109375
2024-10-21,193.424072265625,16.955659866333008,17.44928550720215,10.278220176696777,60.34101486206055,5.304721355438232,12.50003433227539,30.891916275024414,12.13239574432373,5.599491596221924,111.44551849365234,467.29962158203125,20478.4609375
2024-10-22,192.72866821289062,16.76076889038086,17.44928550720215,10.560297012329102,59.75707244873047,5.304721355438232,13.383082389831543,31.163293838500977,12.274919509887695,5.636821746826172,110.95801544189453,469.09844970703125,20498.94921875
2024-10-23,194.21884155273438,16.897193908691406,17.523696899414062,10.542668342590332,59.708404541015625,5.321916103363037,14.266130447387695,30.53007698059082,12.292736053466797,5.67415189743042,110.95801544189453,479.2919006347656,20760.150390625
2024-10-24,191.53652954101562,16.468427658081055,17.72832489013672,10.525036811828613,60.24369430541992,5.390697002410889,13.638184547424316,30.7562255859375,12.488707542419434,5.655486583709717,109.8854751586914,480.6910095214844,20489.619140625
2024-10-25,182.99288940429688,16.40995979309082,17.598108291625977,10.507408142089844,61.168270111083984,5.399294853210449,14.756712913513184,30.394386291503906,11.918608665466309,5.6274895668029785,111.93303680419922,483.0894470214844,20590.150390625
2024-10-28,186.96665954589844,16.254047393798828,17.393478393554688,10.348738670349121,60.92496109008789,5.41649055480957,14.619349479675293,30.846683502197266,11.776084899902344,5.543497085571289,111.54302215576172,487.8863830566406,20599.359375
2024-10-29,184.1850128173828,16.42945098876953,17.133041381835938,10.295849800109863,60.82763671875,5.399294853210449,14.580102920532227,30.6657657623291,11.295064926147461,5.422174453735352,112.4205551147461,502.6768493652344,20701.140625
2024-10-30,179.41648864746094,16.21506690979004,16.760988235473633,9.996142387390137,59.56242370605469,5.4852705001831055,14.148390769958496,29.987319946289062,10.99220085144043,5.403509616851807,110.37298583984375,494.88189697265625,20380.640625
2024-10-31,178.5223846435547,16.156599044799805,16.909809112548828,10.172440528869629,59.80573654174805,5.210147380828857,13.402705192565918,30.439619064331055,11.170355796813965,5.450171947479248,109.39796447753906,500.67816162109375,20317.330078125
2024-11-01,180.50927734375,16.487916946411133,17.095834732055664,10.983414649963379,60.584327697753906,5.244537830352783,13.579315185546875,31.02760124206543,11.562296867370605,5.506167411804199,109.78797912597656,496.880615234375,20506.4296875
2024-11-04,173.455810546875,16.390472412109375,16.854001998901367,11.018674850463867,60.2923583984375,5.235940456390381,14.207260131835938,30.620532989501953,11.66919231414795,5.4968342781066895,110.66549682617188,520.665283203125,20567.51953125
2024-11-05,178.125,16.780256271362305,17.114437103271484,11.142084121704102,61.02228546142578,5.167159557342529,14.697842597961426,31.02760124206543,12.203658103942871,5.580826759338379,111.05551147460938,536.1553344726562,21006.970703125
2024-11-06,174.15121459960938,16.23455810546875,16.68657875061035,10.754226684570312,59.319114685058594,5.124171257019043,14.266130447387695,30.484848022460938,12.13239574432373,5.403509616851807,107.35041046142578,525.1624145507812,20538.380859375
2024-11-07,175.64138793945312,15.961708068847656,16.779590606689453,10.771856307983398,60.14636993408203,5.296123504638672,14.069897651672363,31.208524703979492,12.934096336364746,5.431507110595703,105.5953598022461,524.6627197265625,20953.33984375
2024-11-08,172.95907592773438,16.000686645507812,16.519153594970703,10.771856307983398,60.2923583984375,5.3477091789245605,14.462363243103027,30.303926467895508,12.916280746459961,5.33818244934082,106.8628921508789,526.6614379882812,20728.189453125
2024-11-11,170.0780792236328,15.416008949279785,16.091291427612305,10.525036811828613,58.929813385009766,5.296123504638672,14.325000762939453,29.67070960998535,12.702493667602539,5.282186985015869,105.3028564453125,517.667236328125,20426.9296875
2024-11-12,167.0977325439453,14.73388385772705,15.75644588470459,10.154810905456543,57.42129135131836,5.22734260559082,14.030651092529297,29.263641357421875,11.597929000854492,5.16086483001709,104.5228271484375,503.67620849609375,19846.880859375
2024-11-13,165.90560913085938,14.597458839416504,15.830856323242188,10.295849800109863,57.42129135131836,5.3477091789245605,13.775547981262207,29.037492752075195,11.526666641235352,5.179530143737793,104.23033142089844,489.4853210449219,19823.44921875
2024-11-14,161.6337890625,14.05176067352295,15.570417404174805,10.190071105957031,56.302059173583984,5.244537830352783,13.638184547424316,28.63042640686035,10.75200080871582,5.0955376625061035,102.6702880859375,476.4936828613281,19435.810546875
2024-11-15,162.72657775878906,14.344099998474121,15.644827842712402,10.419258117675781,55.28015899658203,5.304721355438232,12.931747436523438,30.07777976989746,10.938667297363281,5.104869842529297,101.89026641845703,467.6993408203125,19426.33984375
2024-11-18,162.62722778320312,14.50001335144043,15.849458694458008,10.630817413330078,55.47480392456055,5.373501777648926,13.500822067260742,30.34915542602539,10.78933334350586,5.216860294342041,101.69525909423828,477.892822265625,19576.609375
2024-11-19,164.61412048339844,15.182137489318848,15.961073875427246,10.472148895263672,55.66945266723633,5.450880527496338,13.343835830688477,29.942087173461914,11.050666809082031,5.263522148132324,102.2802734375,505.6749267578125,19663.669921875
2024-11-20,160.54100036621094,15.104180335998535,15.905265808105469,10.560297012329102,55.864105224609375,5.528258800506592,13.069109916687012,30.123008728027344,11.405333518981934,5.282186985015869,103.64530944824219,497.0804443359375,19705.009765625
2024-11-21,155.77244567871094,14.987244606018066,15.961073875427246,10.560297012329102,55.32881546020508,5.528258800506592,13.186848640441895,29.89685821533203,11.461333274841309,5.235525131225586,103.35279846191406,501.1778259277344,19601.109375
2024-11-22,150.90455627441406,14.714395523071289,15.868059158325195,10.225330352783203,54.93952560424805,5.407892227172852,12.598151206970215,29.308874130249023,10.845333099365234,5.179530143737793,101.98776245117188,499.6788024902344,19229.970703125
2024-11-25,149.11636352539062,14.577970504760742,16.109893798828125,10.154810905456543,55.13417434692383,5.4250874519348145,12.75513744354248,29.444562911987305,10.920000076293945,5.170197486877441,104.13282775878906,501.1778259277344,19150.990234375
2024-11-26,147.8248748779297,14.50001335144043,15.923870086669922,9.731693267822266,55.57212829589844,5.3305134773254395,12.75513744354248,29.173185348510742,10.99466609954834,5.179530143737793,102.9627914428711,500.178466796875,19159.19921875
2024-11-27,149.51373291015625,14.772862434387207,16.054086685180664,9.749323844909668,56.545372009277344,5.364904403686523,12.892500877380371,29.39933204650879,11.031999588012695,5.2075276374816895,108.22793579101562,502.6768493652344,19603.130859375
2024-11-28,146.83143615722656,14.441544532775879,15.849458694458008,9.555395126342773,56.39938735961914,5.339111804962158,13.520444869995117,28.766115188598633,10.658666610717773,5.170197486877441,105.5953598022461,500.67816162109375,19366.9609375
2024-11-29,146.5334014892578,14.558480262756348,15.905265808105469,9.590654373168945,56.59403610229492,5.304721355438232,13.59893798828125,29.12795639038086,10.584000587463379,5.142199993133545,106.8628921508789,508.17333984375,19423.609375
2024-12-02,147.8248748779297,14.480524063110352,15.868059158325195,9.819843292236328,56.35072708129883,5.382099628448486,14.148390769958496,28.992263793945312,10.86400032043457,5.104869842529297,107.15540313720703,510.17205810546875,19550.2890625
2024-12-03,148.81832885742188,14.441544532775879,16.18430519104004,10.084290504455566,56.59403610229492,5.339111804962158,14.187637329101562,29.580251693725586,10.9573335647583,5.254189968109131,110.95801544189453,516.168212890625,19746.3203125
2024-12-04,147.42747497558594,14.636438369750977,16.556358337402344,10.06666088104248,55.96142578125,5.459477424621582,14.187637329101562,30.801454544067383,11.274666786193848,5.422174453735352,109.8854751586914,529.1598510742188,19742.4609375
2024-12-05,144.64584350585938,14.461034774780273,16.407535552978516,9.960882186889648,55.085506439208984,5.476673126220703,14.24650764465332,30.484848022460938,11.237333297729492,5.384844779968262,108.13043212890625,511.67108154296875,19560.439453125
2024-12-06,145.93731689453125,14.694905281066895,16.48194694519043,9.996142387390137,56.01008987426758,5.373501777648926,14.462363243103027,30.6657657623291,11.013333320617676,5.403509616851807,108.32543182373047,541.6517944335938,19865.849609375
2024-12-09,148.91766357421875,15.279583930969238,16.779590606689453,10.260589599609375,56.642696380615234,5.373501777648926,15.129554748535156,31.298980712890625,11.64799976348877,5.487502098083496,110.66549682617188,577.1290283203125,20414.08984375
2024-12-10,145.14256286621094,15.084691047668457,16.500551223754883,10.154810905456543,57.713260650634766,5.476673126220703,15.384657859802246,31.434669494628906,11.293334007263184,5.384844779968262,110.37298583984375,564.1373291015625,20311.279296875
2024-12-11,145.8379669189453,15.084691047668457,16.612167358398438,10.31347942352295,56.59403610229492,5.562649250030518,15.541644096374512,31.75127601623535,11.312000274658203,5.394177436828613,106.37538146972656,561.1392822265625,20155.05078125
2024-12-12,147.03012084960938,15.221116065979004,16.72378158569336,10.525036811828613,56.25339889526367,5.6744184494018555,15.796747207641602,31.389442443847656,11.218667030334473,5.384844779968262,103.93782043457031,585.62353515625,20397.05078125
2024-12-13,151.00389099121094,14.383077621459961,16.44474220275879,10.754226684570312,54.98818588256836,5.597039699554443,14.992191314697266,31.208524703979492,10.807999610900879,5.272854804992676,104.13282775878906,568.6344604492188,19971.240234375
2024-12-16,150.4078369140625,14.168695449829102,16.574960708618164,11.001044273376465,53.62564468383789,5.511063575744629,14.894075393676758,30.7562255859375,10.901333808898926,5.375512599945068,103.74281311035156,561.6389770507812,19795.490234375
2024-12-17,152.39471435546875,13.954313278198242,16.854001998901367,11.018674850463867,53.236351013183594,5.382099628448486,14.776336669921875,30.620532989501953,10.714666366577148,5.384844779968262,101.20774841308594,560.6395874023438,19700.48046875
2024-12-18,154.58030700683594,14.090738296508789,16.891206741333008,11.053934097290039,53.67430877685547,5.442282676696777,15.384657859802246,30.168237686157227,10.807999610900879,5.4408392906188965,102.2802734375,571.1328735351562,19864.55078125
2024-12-19,153.28883361816406,13.993291854858398,16.854001998901367,10.80711555480957,53.13902282714844,5.244537830352783,15.188424110412598,30.032548904418945,10.807999610900879,5.412842273712158,100.03771209716797,555.1431274414062,19752.509765625
2024-12-20,152.19602966308594,13.700953483581543,16.649372100830078,10.525036811828613,53.33367156982422,5.158562183380127,15.031437873840332,28.992263793945312,10.807999610900879,5.394177436828613,99.9402084350586,554.6434326171875,19720.69921875
2024-12-23,154.18292236328125,14.012782096862793,17.021425247192383,10.789485931396484,53.96628189086914,5.089780807495117,14.815582275390625,29.173185348510742,10.639999389648438,5.487502098083496,99.25769805908203,560.1399536132812,19883.130859375
2024-12-24,156.16981506347656,13.993291854858398,17.319068908691406,11.17734432220459,55.23149490356445,5.098378658294678,15.011815071105957,29.444562911987305,10.434666633605957,5.646154403686523,100.3302230834961,560.6395874023438,20098.2890625
2024-12-27,152.49407958984375,13.97380256652832,17.374874114990234,11.230233192443848,54.79353713989258,5.132768630981445,14.67821979522705,29.85163116455078,10.733333587646484,5.6274895668029785,100.13520812988281,558.640869140625,20090.4609375
2024-12-30,151.40127563476562,13.895846366882324,17.542299270629883,11.424161911010742,54.79353713989258,5.132768630981445,14.36424732208252,29.489791870117188,10.826666831970215,5.636821746826172,99.9402084350586,535.156005859375,20041.419921875
2024-12-31,150.70587158203125,13.798398971557617,17.765531539916992,11.283123016357422,54.744873046875,5.17575740814209,14.560480117797852,30.34915542602539,10.938667297363281,5.71148157119751,99.84270477294922,539.653076171875,20059.94921875
2025-01-02,149.11636352539062,13.817889213562012,17.560901641845703,11.053934097290039,53.82029342651367,5.106976509094238,13.814794540405273,29.444562911987305,10.621333122253418,5.6274895668029785,97.99015808105469,519.6659545898438,19623.3203125
2025-01-03,150.30848693847656,14.090738296508789,17.691120147705078,11.265493392944336,54.01494216918945,5.141366481781006,13.912911415100098,29.8064022064209,10.714666366577148,5.71148157119751,99.16018676757812,516.168212890625,19760.26953125
2025-01-06,148.71896362304688,13.915334701538086,17.802734375,11.17734432220459,53.771629333496094,5.05539083480835,13.932534217834473,29.761171340942383,10.360000610351562,5.748811721801758,98.38016510009766,520.1656494140625,19688.2890625
2025-01-07,147.03012084960938,14.363588333129883,17.653915405273438,10.80711555480957,53.187686920166016,4.9780120849609375,13.71667766571045,29.263641357421875,10.378666877746582,5.71148157119751,99.06268310546875,507.1739807128906,19447.580078125
2025-01-08,145.7386474609375,14.246652603149414,17.691120147705078,10.754226684570312,52.36042785644531,5.124171257019043,13.71667766571045,28.449508666992188,10.229333877563477,5.795474052429199,94.38256072998047,510.17205810546875,19279.83984375
2025-01-09,144.9438934326172,14.305120468139648,17.560901641845703,10.242959022521973,51.630496978759766,5.029597759246826,13.697054862976074,27.54491424560547,10.77066707611084,5.730146408081055,96.82012939453125,504.1759033203125,19240.890625
2025-01-10,141.06944274902344,14.753374099731445,17.50509262084961,10.225330352783203,51.19253921508789,5.081183433532715,13.500822067260742,27.635372161865234,10.677332878112793,5.692816734313965,95.99134826660156,497.6800842285156,19064.2890625
2025-01-13,139.47991943359375,14.928776741027832,17.895750045776367,10.419258117675781,50.754581451416016,4.986609935760498,13.324212074279785,27.54491424560547,10.658666610717773,5.832803726196289,95.26007843017578,496.0810852050781,18874.140625
2025-01-14,144.7451934814453,14.987244606018066,18.118980407714844,10.525036811828613,51.33852767944336,5.115573883056641,13.697054862976074,27.90675163269043,10.677332878112793,5.870133876800537,94.82131958007812,504.1759033203125,19219.779296875
2025-01-15,143.0563201904297,14.110227584838867,18.137582778930664,10.489777565002441,51.679161071777344,5.14996337890625,13.343835830688477,27.8162899017334,10.658666610717773,5.8234710693359375,97.60014343261719,505.6749267578125,19286.0703125
2025-01-16,145.043212890625,14.461034774780273,18.398021697998047,10.419258117675781,52.74972915649414,5.124171257019043,13.85404109954834,28.178129196166992,11.256000518798828,5.88879919052124,100.3302230834961,511.1714172363281,19522.890625
2025-01-17,149.4143829345703,14.655927658081055,18.23059844970703,10.331109046936035,52.94437789916992,5.1929521560668945,14.011027336120605,28.178129196166992,11.834667205810547,5.814138889312744,102.5727767944336,512.67041015625,19584.060546875
2025-01-20,150.01046752929688,14.480524063110352,17.74692726135254,10.2076997756958,53.3823356628418,5.3305134773254395,14.030651092529297,27.635372161865234,11.965332984924316,5.71148157119751,101.30524444580078,530.6588745117188,19925.810546875
2025-01-21,151.40127563476562,14.616949081420898,17.616710662841797,10.2076997756958,54.01494216918945,5.571247100830078,14.462363243103027,27.725831985473633,12.058667182922363,5.655486583709717,103.54780578613281,538.6537475585938,20106.55078125
2025-01-22,149.71241760253906,14.461034774780273,17.430683135986328,10.154810905456543,53.236351013183594,5.562649250030518,13.952157974243164,27.725831985473633,11.890666961669922,5.580826759338379,101.40274810791016,522.6640014648438,19778.76953125
2025-01-23,143.65240478515625,14.227163314819336,17.319068908691406,10.366369247436523,52.50641632080078,5.3477091789245605,13.893287658691406,27.725831985473633,11.815999984741211,5.562161922454834,100.3302230834961,513.6697998046875,19700.560546875
2025-01-24,144.7451934814453,14.519501686096191,17.170244216918945,10.348738670349121,53.090362548828125,5.364904403686523,14.187637329101562,28.72088623046875,12.282666206359863,5.552829265594482,102.76779174804688,540.6524658203125,20066.189453125
2025-01-27,145.53994750976562,14.53899097442627,17.374874114990234,10.401628494262695,52.311771392822266,5.364904403686523,14.187637329101562,28.81134796142578,12.525333404541016,5.655486583709717,101.30524444580078,550.1463623046875,20197.76953125
2025-01-28,150.01046752929688,14.266141891479492,17.20745086669922,10.295849800109863,52.993038177490234,5.244537830352783,14.050273895263672,28.35904884338379,12.114665985107422,5.590158939361572,102.18276977539062,548.6473388671875,20225.109375
2025-02-03,141.466796875,14.344099998474121,17.263259887695312,9.978510856628418,52.01979446411133,5.356306552886963,14.501609802246094,28.087669372558594,12.021333694458008,5.543497085571289,97.16138458251953,552.1450805664062,20217.259765625
2025-02-04,145.93731689453125,14.90928840637207,17.44928550720215,10.084290504455566,52.60374069213867,5.3305134773254395,15.63976001739502,28.675657272338867,12.095999717712402,5.646154403686523,98.28266906738281,570.1334838867188,20789.9609375
2025-02-05,148.0235595703125,15.065201759338379,17.263259887695312,10.348738670349121,51.58183670043945,5.373501777648926,15.168801307678223,28.404277801513672,12.021333694458008,5.608824729919434,96.67386627197266,533.6569213867188,20597.08984375
2025-02-06,149.4143829345703,15.221116065979004,17.48649024963379,10.489777565002441,51.82514953613281,5.287526607513428,16.091094970703125,28.766115188598633,12.114665985107422,5.67415189743042,99.9402084350586,542.1514892578125,20891.619140625
2025-02-07,149.51373291015625,15.318562507629395,17.356273651123047,10.754226684570312,51.679161071777344,5.2531352043151855,17.386232376098633,28.13290023803711,12.357333183288574,5.6274895668029785,99.64769744873047,532.1578979492188,21133.5390625
2025-02-10,151.59999084472656,15.727835655212402,17.263259887695312,10.666077613830566,51.19253921508789,5.22734260559082,17.386232376098633,27.951980590820312,12.338666915893555,5.636821746826172,97.79515075683594,544.64990234375,21521.98046875
2025-02-11,147.92422485351562,15.961708068847656,17.430683135986328,10.80711555480957,49.878662109375,5.132768630981445,15.600513458251953,27.861520767211914,12.319999694824219,5.71148157119751,98.28266906738281,518.1669311523438,21294.859375
2025-02-12,150.70587158203125,15.82528305053711,17.579504013061523,10.930524826049805,50.316619873046875,5.313318729400635,16.660171508789062,28.04244041442871,11.778666496276855,5.786141395568848,103.45030212402344,523.6633911132812,21857.919921875
2025-02-13,153.5868682861328,15.883749008178711,17.337669372558594,10.754226684570312,53.04170227050781,5.244537830352783,16.149965286254883,27.951980590820312,11.349332809448242,5.655486583709717,104.32782745361328,530.6588745117188,21814.369140625
2025-02-14,156.2691650390625,16.21506690979004,17.319068908691406,11.071564674377441,54.79353713989258,5.124171257019043,16.817157745361328,28.313817977905273,11.7413330078125,5.655486583709717,105.20535278320312,555.642822265625,22620.330078125
2025-02-17,156.16981506347656,15.513455390930176,17.151643753051758,11.17734432220459,53.771629333496094,5.05539083480835,16.562053680419922,28.04244041442871,11.423999786376953,5.608824729919434,103.35279846191406,536.1553344726562,22616.23046875
2025-02-18,157.36195373535156,15.435497283935547,17.1888484954834,11.247862815856934,53.91761779785156,5.130169868469238,17.425479888916016,27.951980590820312,11.386666297912598,5.608824729919434,102.47527313232422,530.1591796875,22976.810546875
2025-02-19,155.9711456298828,15.416008949279785,17.1888484954834,11.036304473876953,54.306915283203125,5.190525054931641,17.562841415405273,26.911697387695312,11.872000694274902,5.608824729919434,103.06029510498047,528.1604614257812,22944.240234375
2025-02-20,154.38162231445312,15.377030372619629,17.319068908691406,10.860005378723145,53.57698440551758,5.225013732910156,17.03301429748535,26.504627227783203,11.927999496459961,5.655486583709717,104.23033142089844,511.67108154296875,22576.98046875
2025-02-21,160.93838500976562,15.26009464263916,17.20745086669922,10.789485931396484,56.44804763793945,5.328479766845703,17.13113021850586,25.78095245361328,12.039999961853027,5.6274895668029785,106.76538848876953,512.1707763671875,23477.919921875
2025-02-24,156.46786499023438,15.201626777648926,16.816795349121094,10.295849800109863,56.78868103027344,5.319857597351074,17.13113021850586,26.45939826965332,11.704000473022461,5.580826759338379,105.10785675048828,524.1630249023438,23341.609375
2025-02-25,151.8979949951172,14.889798164367676,16.72378158569336,10.154810905456543,55.864105224609375,5.414700984954834,17.660959243774414,26.730777740478516,11.405333518981934,5.524832248687744,105.40036010742188,461.7032165527344,23034.01953125
2025-02-26,153.8848876953125,15.104180335998535,16.519153594970703,10.260589599609375,58.053897857666016,5.388834476470947,17.562841415405273,26.730777740478516,11.480000495910645,5.4968342781066895,105.3028564453125,475.89410400390625,23787.9296875
2025-02-27,153.18948364257812,14.772862434387207,16.593564987182617,10.348738670349121,59.270450592041016,5.509544849395752,18.622499465942383,26.504627227783203,11.927999496459961,5.450171947479248,107.74042510986328,453.7083435058594,23718.2890625
2025-02-28,148.71896362304688,14.168695449829102,16.630769729614258,10.06666088104248,57.81058883666992,5.466434001922607,17.209625244140625,26.82123565673828,11.573332786560059,5.403509616851807,105.69286346435547,436.31951904296875,22941.3203125
2025-03-03,151.2025909423828,14.50001335144043,16.612167358398438,10.049030303955078,57.42129135131836,5.500922679901123,17.562841415405273,27.13784408569336,11.946666717529297,5.431507110595703,108.61795043945312,450.310546875,23006.26953125
2025-03-04,157.85867309570312,14.714395523071289,16.221511840820312,10.101921081542969,58.19988250732422,5.6043877601623535,16.562053680419922,27.092615127563477,12.263999938964844,5.310184478759766,109.30046081542969,457.7057800292969,22941.76953125
2025-03-05,159.94491577148438,14.967754364013672,16.2401123046875,10.242959022521973,59.513763427734375,5.811318397521973,17.052637100219727,27.54491424560547,13.160000801086426,5.375512599945068,105.20535278320312,474.29510498046875,23594.2109375
2025-03-06,161.0377197265625,15.513455390930176,16.20290756225586,10.31347942352295,62.190181732177734,5.906162738800049,17.602088928222656,27.54491424560547,13.4399995803833,5.366179943084717,102.86528778076172,498.2796936035156,24369.7109375
2025-03-07,157.46131896972656,15.571921348571777,16.314525604248047,10.278220176696777,61.99552917480469,5.957894802093506,17.523595809936523,27.77106285095215,13.943999290466309,5.412842273712158,100.52522277832031,511.1714172363281,24231.30078125
2025-03-10,157.46131896972656,15.727835655212402,16.463346481323242,10.489777565002441,61.11960983276367,5.957894802093506,16.836780548095703,27.951980590820312,13.607999801635742,5.459504127502441,98.86768341064453,492.8831787109375,23783.490234375
2025-03-11,158.05738830566406,15.143158912658691,16.463346481323242,10.613186836242676,61.89820098876953,5.957894802093506,16.915273666381836,28.223360061645508,13.570666313171387,5.468837261199951,98.67266845703125,491.0843200683594,23782.140625
2025-03-12,150.70587158203125,15.669368743896484,16.519153594970703,10.648447036743164,62.09284973144531,5.914784908294678,17.190000534057617,28.178129196166992,13.869333267211914,5.468837261199951,96.23509979248047,473.69549560546875,23600.310546875
2025-03-13,149.2156982421875,15.864262580871582,16.798192977905273,10.419258117675781,61.11960983276367,5.950202465057373,16.817157745361328,28.72088623046875,13.794666290283203,5.515499591827393,96.18636322021484,466.6999816894531,23462.650390625
2025-03-14,153.5868682861328,16.64383316040039,16.816795349121094,10.472148895263672,59.611083984375,5.799676418304443,17.346986770629883,28.63042640686035,14.056000709533691,5.524832248687744,95.45508575439453,481.0,23959.98046875
2025-03-17,158.4547576904297,16.604854583740234,16.92841339111328,10.595558166503906,60.53566360473633,5.932493209838867,16.99376678466797,28.35904884338379,14.093334197998047,5.618156909942627,93.26127624511719,492.0,24145.5703125
2025-03-18,163.91871643066406,17.306467056274414,17.04002571105957,10.577927589416504,60.77897644042969,5.941347599029541,17.641334533691406,28.63042640686035,14.5600004196167,5.692816734313965,95.01632690429688,518.0,24740.5703125
2025-03-19,171.07151794433594,17.598806381225586,17.114437103271484,10.595558166503906,61.70355987548828,6.038747310638428,17.641334533691406,28.675657272338867,14.578666687011719,5.646154403686523,95.89384460449219,520.0,24771.140625
2025-03-20,161.6337890625,17.715742111206055,17.226055145263672,10.842375755310059,60.584327697753906,6.003329277038574,17.896438598632812,28.63042640686035,14.429333686828613,5.655486583709717,92.43251037597656,506.5,24219.94921875
2025-03-21,155.3750457763672,16.838726043701172,17.20745086669922,10.560297012329102,58.88115310668945,5.985620498657227,16.876028060913086,28.35904884338379,14.074666976928711,5.646154403686523,92.77376556396484,498.0,23689.720703125
2025-03-24,156.2691650390625,17.676761627197266,17.244657516479492,11.089194297790527,58.54051971435547,5.9679107666015625,17.327363967895508,29.218412399291992,14.410666465759277,5.664819240570068,92.72501373291016,510.5,23905.560546875
2025-03-25,154.48097229003906,18.06654930114746,17.281862258911133,11.036304473876953,56.934669494628906,5.897075176239014,16.365821838378906,29.037492752075195,14.298666000366211,5.655486583709717,94.23631286621094,492.3999938964844,23344.25
2025-03-26,155.87179565429688,17.910633087158203,17.114437103271484,10.736597061157227,57.32396697998047,6.127291679382324,16.85640525817871,28.94703483581543,14.597333908081055,5.664819240570068,93.70003509521484,493.6000061035156,23483.3203125
2025-03-27,155.07704162597656,17.36493492126465,17.374874114990234,10.754226684570312,58.2485466003418,6.162709712982178,16.679794311523438,28.85657501220703,14.970667839050293,5.870133876800537,93.6025390625,500.5,23578.80078125
2025-03-28,155.87179565429688,17.57931900024414,17.170244216918945,10.789485931396484,58.00523376464844,6.198127269744873,16.385446548461914,28.449508666992188,15.008000373840332,5.748811721801758,92.5787582397461,507.0,23426.599609375
2025-03-31,152.49407958984375,17.228511810302734,17.226055145263672,10.789485931396484,57.0319938659668,6.322090148925781,16.326574325561523,28.539966583251953,14.933333396911621,5.870133876800537,90.92121124267578,494.20001220703125,23119.580078125
2025-04-01,154.8783416748047,17.228511810302734,17.691120147705078,10.965784072875977,58.151222229003906,6.2423996925354,16.30695343017578,29.263641357421875,14.989333152770996,5.991456031799316,92.18875122070312,494.79998779296875,23206.83984375
2025-04-02,153.28883361816406,16.877702713012695,17.523696899414062,11.089194297790527,58.58918380737305,6.437198162078857,17.0722599029541,29.12795639038086,14.373332977294922,5.944793701171875,91.45748138427734,495.20001220703125,23202.529296875
2025-04-03,150.4078369140625,16.507408142089844,17.151643753051758,10.31347942352295,58.053897857666016,6.454906940460205,16.660171508789062,29.489791870117188,13.626667022705078,5.879467010498047,80.14717102050781,488.0,22849.810546875
2025-04-07,135.704833984375,13.97380256652832,14.528669357299805,8.779679298400879,51.387184143066406,5.897075176239014,13.16722583770752,27.047386169433594,11.405333518981934,4.964882850646973,72.05445861816406,410.0,19828.30078125
2025-04-08,137.29434204101562,14.422056198120117,15.012337684631348,8.991238594055176,51.72782516479492,5.959056854248047,13.697054862976074,27.951980590820312,11.797333717346191,5.104869842529297,70.25065612792969,433.3999938964844,20127.6796875
2025-04-09,137.04534912109375,14.461034774780273,14.826311111450195,9.11464786529541,48.61344909667969,5.773112773895264,14.050273895263672,27.951980590820312,11.797333717346191,4.852892875671387,71.17693328857422,433.20001220703125,20264.490234375
2025-04-10,140.431640625,15.240605354309082,15.068147659301758,9.696433067321777,49.29471969604492,5.985620498657227,14.638973236083984,27.454452514648438,12.114665985107422,4.890222549438477,74.29701232910156,448.20001220703125,20681.779296875
2025-04-11,138.8380889892578,16.11762237548828,15.068147659301758,9.890361785888672,48.80809783935547,5.950202465057373,15.580890655517578,27.8162899017334,12.37600040435791,4.927553176879883,71.90819549560547,427.6000061035156,20914.689453125
2025-04-14,143.61874389648438,16.780256271362305,15.47740364074707,10.260589599609375,50.80324172973633,6.065310478210449,16.22846031188965,28.04244041442871,12.450666427612305,5.142199993133545,74.15076446533203,441.3999938964844,21417.400390625
2025-04-15,146.6066436767578,16.780256271362305,15.458803176879883,10.260589599609375,51.28986358642578,6.215836524963379,16.051849365234375,28.13290023803711,12.319999694824219,5.2075276374816895,73.614501953125,444.79998779296875,21466.26953125
2025-04-16,145.21229553222656,16.74127769470215,15.309979438781738,10.013771057128906,51.33852767944336,6.171564102172852,15.168801307678223,27.90675163269043,12.021333694458008,5.216860294342041,72.98072814941406,436.3999938964844,21056.98046875
2025-04-17,147.40341186523438,16.780256271362305,15.644827842712402,9.92562198638916,52.79838943481445,5.985620498657227,15.208047866821289,28.087669372558594,12.39466667175293,5.291519641876221,74.15076446533203,449.79998779296875,21395.140625
2025-04-22,148.29978942871094,17.559829711914062,15.812252044677734,9.837472915649414,52.993038177490234,5.9944748878479,15.404280662536621,28.04244041442871,12.543999671936035,5.384844779968262,74.44326782226562,442.3999938964844,21562.3203125
2025-04-23,146.6066436767578,16.72178840637207,15.961073875427246,9.996142387390137,54.452903747558594,6.145000457763672,15.835992813110352,28.223360061645508,12.749333381652832,5.431507110595703,77.22208404541016,455.3999938964844,22072.619140625
2025-04-24,148.49900817871094,16.799745559692383,15.682034492492676,9.978510856628418,54.112266540527344,6.162709712982178,15.443527221679688,28.04244041442871,12.674666404724121,5.384844779968262,76.10081481933594,446.6000061035156,21909.759765625
2025-04-25,148.49900817871094,16.66332244873047,15.682034492492676,10.119550704956055,53.57698440551758,6.074165344238281,15.679006576538086,27.861520767211914,12.842666625976562,5.394177436828613,76.83208465576172,450.3999938964844,21980.740234375
2025-04-28,147.9014129638672,16.702299118041992,15.812252044677734,10.278220176696777,53.13902282714844,6.127291679382324,15.502397537231445,26.685548782348633,12.823999404907227,5.4408392906188965,76.83208465576172,450.3999938964844,21971.9609375
2025-04-29,148.8973846435547,16.76076889038086,15.570417404174805,10.295849800109863,53.090362548828125,6.136146068572998,16.149965286254883,26.595088958740234,12.954667091369629,5.412842273712158,75.02828216552734,463.6000061035156,22008.109375
2025-04-30,145.7102813720703,16.546384811401367,15.589021682739258,10.31347942352295,56.545372009277344,6.145000457763672,16.051849365234375,26.414169311523438,13.029333114624023,5.543497085571289,76.44207000732422,468.0,22119.41015625
2025-05-02,146.50706481933594,17.01412582397461,15.607624053955078,10.736597061157227,57.518611907958984,6.118436813354492,16.365821838378906,26.504627227783203,13.25333309173584,5.543497085571289,79.5134048461914,471.0,22504.6796875
2025-05-06,149.99295043945312,17.228511810302734,15.421597480773926,10.736597061157227,58.39453125,6.189272880554199,16.424692153930664,26.64031982421875,12.973333358764648,5.515499591827393,81.36595153808594,471.6000061035156,22662.7109375
2025-05-07,148.2001953125,17.36493492126465,15.551815032958984,10.860005378723145,60.09770584106445,6.260108947753906,16.463939666748047,27.047386169433594,13.010665893554688,5.636821746826172,81.41471099853516,482.3999938964844,22691.880859375
2025-05-08,147.50302124023438,17.15055274963379,15.533212661743164,10.754226684570312,59.513763427734375,6.36636209487915,17.190000534057617,27.31876564025879,12.898666381835938,5.599491596221924,82.5359878540039,485.79998779296875,22775.919921875
2025-05-09,147.00503540039062,16.897193908691406,15.737841606140137,10.965784072875977,59.90305709838867,6.065310478210449,18.014179229736328,27.59014320373535,13.178667068481445,5.702149391174316,84.19352722167969,478.6000061035156,22867.740234375
2025-05-12,149.79373168945312,17.0531063079834,16.16570281982422,11.900168418884277,61.508907318115234,6.056456089019775,18.622499465942383,28.539966583251953,13.738666534423828,5.814138889312744,89.79993438720703,507.0,23549.4609375
2025-05-13,144.31591796875,17.0531063079834,16.091291427612305,11.900168418884277,60.43833923339844,6.029892444610596,18.32815170288086,28.449508666992188,13.738666534423828,5.804806232452393,90.62870788574219,506.5,23108.26953125
2025-05-14,146.9054412841797,17.228511810302734,16.407535552978516,12.305655479431152,63.55271911621094,6.293288707733154,18.77948570251465,29.218412399291992,14.130666732788086,5.916796684265137,91.31122589111328,514.5,23640.650390625
2025-05-15,142.7223663330078,16.877702713012695,16.20290756225586,12.358545303344727,64.08799743652344,6.3026957511901855,19.211198806762695,29.082725524902344,13.831999778747559,5.842136383056641,90.4521255493164,515.5,23453.16015625
2025-05-16,143.12075805664062,16.897193908691406,16.035484313964844,12.429064750671387,64.2339859008789,6.283881664276123,19.36818504333496,28.992263793945312,13.776000022888184,5.776809215545654,90.74837493896484,506.0,23345.05078125
2025-05-19,148.8973846435547,16.897193908691406,16.20290756225586,12.65825366973877,63.84469223022461,6.255660533905029,18.87760353088379,29.12795639038086,14.223999977111816,5.814138889312744,90.35338592529297,517.0,23332.720703125
2025-05-20,143.8179168701172,17.0531063079834,16.370332717895508,12.905071258544922,65.06124114990234,6.406172752380371,19.36818504333496,29.62548065185547,14.280000686645508,5.916796684265137,91.83458709716797,505.5,23681.48046875
2025-05-21,135.65098571777344,18.40497589111328,16.612167358398438,13.134259223937988,64.18531799316406,6.4155802726745605,19.96669578552246,30.07777976989746,14.640000343322754,6.019454002380371,90.50150299072266,500.0,23827.779296875
2025-05-22,133.2606658935547,18.4248104095459,16.463346481323242,13.098999977111816,63.60137939453125,6.54727840423584,19.721405029296875,29.489791870117188,14.619999885559082,5.982123374938965,88.87217712402344,485.20001220703125,23544.310546875
2025-05-23,133.55946350097656,18.563640594482422,16.556358337402344,13.169519424438477,63.1147575378418,6.68838357925415,19.91763687133789,29.85163116455078,14.579999923706055,6.047451496124268,89.46466064453125,487.6000061035156,23601.259765625
2025-05-26,133.8582305908203,18.285980224609375,16.630769729614258,13.010851860046387,62.72545623779297,6.6131272315979,18.03380012512207,30.213470458984375,14.34000015258789,6.0661163330078125,89.26716613769531,484.3999938964844,23282.330078125
2025-05-27,133.75865173339844,17.710824966430664,16.630769729614258,12.816922187805176,63.45539093017578,6.697790145874023,17.71982765197754,30.07777976989746,14.0600004196167,6.094113826751709,87.73658752441406,486.0,23381.990234375
2025-05-28,133.9578399658203,17.750490188598633,16.760988235473633,12.993220329284668,63.0181884765625,6.707197189331055,17.3077392578125,30.439619064331055,14.300000190734863,6.150108337402344,88.37844848632812,493.20001220703125,23258.310546875
2025-05-29,139.83404541015625,17.710824966430664,16.835397720336914,13.010851860046387,64.5576400756836,6.697790145874023,17.36661148071289,30.07777976989746,14.359999656677246,6.196771144866943,89.9583969116211,510.5,23573.380859375
2025-05-30,137.74252319335938,17.353830337524414,16.816795349121094,12.917318344116211,65.20321655273438,6.81067419052124,17.288118362426758,29.987319946289062,14.020000457763672,6.150108337402344,86.7491226196289,494.0,23289.76953125
2025-06-02,135.1529998779297,17.61166000366211,16.630769729614258,12.802836418151855,65.25287628173828,6.8200812339782715,17.13113021850586,29.263641357421875,14.0,6.075448989868164,87.44035339355469,496.3999938964844,23157.970703125
2025-06-03,135.2526092529297,18.008317947387695,16.854001998901367,12.93639850616455,66.54402923583984,6.848302364349365,17.40585708618164,29.62548065185547,14.100000381469727,6.252765655517578,89.66215515136719,505.5,23512.490234375
2025-06-04,132.86227416992188,18.028152465820312,16.984220504760742,12.802836418151855,65.60049438476562,6.8577094078063965,17.876813888549805,30.168237686157227,14.34000015258789,6.327425956726074,91.63709259033203,485.6000061035156,23654.029296875
2025-06-05,132.86227416992188,17.7901554107666,17.021425247192383,12.554793357849121,66.39505004882812,6.838895320892334,17.759075164794922,30.07777976989746,14.180000305175781,6.364756107330322,90.50150299072266,482.79998779296875,23906.970703125
2025-06-06,133.6590576171875,18.18681526184082,17.002822875976562,12.554793357849121,66.59368896484375,6.914151191711426,17.602088928222656,30.575305938720703,14.579999923706055,6.383420944213867,90.94586181640625,466.79998779296875,23792.5390625
2025-06-09,139.23648071289062,17.88932228088379,17.226055145263672,12.650195121765137,68.48075866699219,6.951779365539551,17.229246139526367,30.394386291503906,14.5,6.47674560546875,90.74837493896484,489.6000061035156,24181.4296875
2025-06-10,139.13687133789062,18.246313095092773,17.337669372558594,12.860076904296875,69.22565460205078,7.027035236358643,17.190000534057617,30.801454544067383,15.199999809265137,6.5980682373046875,90.50150299072266,488.0,24162.869140625
2025-06-11,138.8380889892578,18.900800704956055,17.560901641845703,13.222601890563965,69.67259216308594,7.074070453643799,17.239999771118164,31.298980712890625,15.899999618530273,6.6820597648620605,90.35338592529297,487.20001220703125,24366.939453125
2025-06-12,138.34010314941406,19.832950592041016,17.657283782958984,12.764676094055176,68.43109893798828,7.121105670928955,16.739999771118164,30.891916275024414,15.619999885559082,6.784717559814453,89.76090240478516,482.0,24035.380859375
2025-06-13,138.04132080078125,19.93211555480957,18.02353858947754,13.45156478881836,68.67939758300781,7.074070453643799,16.34000015258789,31.298980712890625,15.739999771118164,6.906040191650391,88.47718811035156,468.79998779296875,23892.560546875
2025-06-16,138.93768310546875,19.376792907714844,17.9849853515625,13.260762214660645,68.28211975097656,7.111698627471924,16.420000076293945,31.841737747192383,15.720000267028809,6.887375354766846,87.88471221923828,473.79998779296875,24060.990234375
2025-06-17,137.4437255859375,19.53545570373535,17.618732452392578,13.375244140625,68.48075866699219,6.923558712005615,16.360000610351562,31.75127601623535,15.920000076293945,6.831848621368408,87.53910064697266,480.0,23980.30078125
2025-06-18,134.45582580566406,19.594953536987305,17.483795166015625,13.298922538757324,67.63654327392578,6.998814582824707,16.18000030517578,31.570362091064453,16.459999084472656,6.734942436218262,85.66290283203125,463.20001220703125,23710.689453125
2025-06-19,132.36428833007812,18.8413028717041,17.36813735961914,13.01271915435791,66.29573059082031,6.791860103607178,15.84000015258789,30.575305938720703,15.640000343322754,6.5895843505859375,84.28044891357422,444.6000061035156,23237.740234375
2025-06-20,134.45582580566406,19.019798278808594,17.252477645874023,13.184441566467285,67.38824462890625,6.88593053817749,16.18000030517578,31.072832107543945,16.100000381469727,6.502368927001953,83.63859558105469,446.3999938964844,23530.48046875
2025-06-23,134.45582580566406,19.099130630493164,17.44524383544922,13.279842376708984,67.98416137695312,6.904744625091553,16.479999542236328,31.389442443847656,15.899999618530273,6.502368927001953,82.79924774169922,445.6000061035156,23689.130859375
2025-06-24,136.94573974609375,19.099130630493164,17.252477645874023,13.222601890563965,70.36782836914062,7.074070453643799,17.0,30.937143325805664,16.920000076293945,6.482987880706787,85.95915222167969,454.0,24177.0703125
2025-06-25,140.8300323486328,19.29745864868164,17.310306549072266,12.821916580200195,71.11272430419922,7.102291584014893,16.799999237060547,30.937143325805664,17.15999984741211,6.482987880706787,85.81102752685547,459.0,24474.669921875
2025-06-26,139.03729248046875,19.515623092651367,17.252477645874023,12.821916580200195,70.51680755615234,7.083477973937988,15.979999542236328,29.620399475097656,17.8799991607666,6.5702033042907715,85.46541595458984,464.0,24325.400390625
2025-06-27,139.23648071289062,20.328773498535156,17.27175521850586,12.840997695922852,71.11272430419922,7.130512714385986,15.979999542236328,29.76655387878418,17.899999618530273,6.599274635314941,85.90977478027344,459.20001220703125,24284.150390625
2025-06-30,137.94171142578125,19.882532119750977,17.078989028930664,13.01271915435791,69.92089080810547,7.102291584014893,15.960000038146973,29.669118881225586,17.979999542236328,6.541131496429443,85.21855163574219,456.0,24072.279296875
2025-07-02,140.33203125,20.42793846130371,17.233200073242188,13.089040756225586,70.56646728515625,7.149326324462891,16.31999969482422,30.30245018005371,18.139999389648438,6.5895843505859375,86.40351104736328,462.0,24221.41015625
2025-07-03,142.52317810058594,21.072509765625,17.58017921447754,13.260762214660645,71.85762023925781,7.23399019241333,16.459999084472656,30.205013275146484,18.68000030517578,6.618655681610107,87.44035339355469,458.3999938964844,24069.939453125
2025-07-04,139.93365478515625,20.874177932739258,17.560901641845703,13.146280288696289,68.67939758300781,7.139919757843018,16.260000228881836,30.25373077392578,18.420000076293945,6.599274635314941,84.72481536865234,466.0,23916.060546875
2025-07-07,138.63888549804688,20.18002700805664,17.425966262817383,13.089040756225586,67.93450164794922,7.139919757843018,16.34000015258789,29.96142578125,17.959999084472656,6.599274635314941,84.13232421875,475.20001220703125,23887.830078125
2025-07-08,139.4356689453125,20.527103424072266,17.5416259765625,12.879158020019531,68.23246002197266,7.074070453643799,16.540000915527344,30.058860778808594,18.100000381469727,6.638036727905273,85.4160385131836,478.0,24148.0703125
2025-07-09,138.04132080078125,19.832950592041016,17.50307273864746,12.917318344116211,68.03382110595703,6.9800004959106445,17.0,29.912708282470703,17.899999618530273,6.69618034362793,84.47794342041016,478.6000061035156,23892.3203125
2025-07-10,148.2001953125,19.634618759155273,17.67656135559082,13.089040756225586,67.63654327392578,7.045849323272705,17.600000381469727,30.010141372680664,18.15999984741211,6.793086051940918,85.86039733886719,484.79998779296875,24028.369140625
2025-07-11,147.00503540039062,19.832950592041016,17.657283782958984,13.222601890563965,69.17599487304688,7.177547454833984,17.579999923706055,30.205013275146484,18.219999313354492,6.831848621368408,87.04536437988281,488.20001220703125,24139.5703125
2025-07-14,144.11672973632812,20.279191970825195,17.965707778930664,13.222601890563965,67.7855224609375,7.346873760223389,17.979999542236328,31.763980865478516,18.020000457763672,6.938444137573242,85.90977478027344,489.0,24203.3203125
2025-07-15,144.51512145996094,20.2296085357666,17.869327545166016,13.356163024902344,68.48075866699219,7.186954498291016,18.239999771118164,31.617830276489258,18.18000030517578,6.957825183868408,89.26716613769531,490.3999938964844,24590.119140625
2025-07-16,141.92559814453125,20.378355026245117,17.85004997253418,13.45156478881836,67.48756408691406,7.271617412567139,18.260000228881836,31.325523376464844,18.31999969482422,6.938444137573242,89.21778869628906,498.20001220703125,24517.759765625
2025-07-17,142.22438049316406,20.080862045288086,17.58017921447754,13.03179931640625,67.18960571289062,7.28102445602417,19.020000457763672,31.081933975219727,18.6200008392334,6.889991760253906,89.81027221679688,493.79998779296875,24498.94921875
2025-07-18,151.48690795898438,20.775014877319336,17.85004997253418,13.184441566467285,68.33177947998047,7.469165325164795,18.920000076293945,31.5203914642334,19.260000228881836,6.9868974685668945,90.74837493896484,498.0,24825.66015625
2025-07-21,148.00100708007812,21.469167709350586,18.08136749267578,13.508805274963379,68.87803649902344,7.676119327545166,18.440000534057617,32.44602966308594,20.149999618530273,7.238851547241211,90.4521255493164,497.79998779296875,24994.140625
2025-07-22,151.58648681640625,22.262487411499023,18.177751541137695,14.062131881713867,68.87803649902344,7.600862979888916,18.799999237060547,34.005001068115234,20.850000381469727,7.219470500946045,93.01954650878906,497.79998779296875,25130.029296875
2025-07-23,151.38729858398438,22.510398864746094,18.29340934753418,14.100292205810547,70.76510620117188,7.5350141525268555,18.899999618530273,34.005001068115234,20.700000762939453,7.238851547241211,93.85890197753906,504.0,25538.0703125
2025-07-24,157.5623016357422,22.361650466918945,18.370515823364258,14.405576705932617,70.81476593017578,7.4973859786987305,19.139999389648438,34.39474105834961,22.0,7.229161262512207,95.38947296142578,506.5,25667.1796875
2025-07-25,159.95263671875,22.262487411499023,18.38979148864746,14.710860252380371,70.06986999511719,7.450350761413574,19.459999084472656,34.24858856201172,21.549999237060547,7.219470500946045,94.50074768066406,503.5,25388.349609375
2025-07-28,157.5623016357422,22.312068939208984,18.11992073059082,14.291094779968262,73.54605102539062,7.4973859786987305,19.079999923706055,33.85884475708008,21.149999618530273,7.103183746337891,94.35263061523438,500.0,25562.130859375
2025-07-29,155.3711700439453,22.21290397644043,18.2163028717041,14.176612854003906,74.29094696044922,7.619677543640137,19.139999389648438,33.5665397644043,21.350000381469727,7.296995639801025,98.0556411743164,497.6000061035156,25524.44921875
2025-07-30,158.9566650390625,22.113739013671875,18.486175537109375,14.043051719665527,73.74468994140625,7.5726423263549805,18.34000015258789,33.85884475708008,21.25,7.578022003173828,94.00701141357422,493.79998779296875,25176.9296875
2025-07-31,151.28770446777344,20.775014877319336,18.235580444335938,13.699607849121094,72.90047454833984,7.440944194793701,17.68000030517578,33.176795959472656,20.799999237060547,7.432663440704346,93.11830139160156,492.0,24773.330078125
2025-08-01,162.5421600341797,20.973344802856445,17.9849853515625,13.642367362976074,70.86442565917969,7.4973859786987305,17.65999984741211,32.64090347290039,20.350000381469727,7.190399169921875,93.5132827758789,484.79998779296875,24507.810546875
2025-08-04,160.64981079101562,21.479084014892578,17.88860321044922,13.632826805114746,71.36102294921875,7.4973859786987305,18.100000381469727,34.06346130371094,20.940000534057617,7.151637077331543,93.6613998413086,484.6000061035156,24733.44921875
2025-08-05,157.96070861816406,21.836078643798828,17.9753475189209,13.737768173217773,72.99979400634766,7.450350761413574,18.18000030517578,34.570125579833984,21.299999237060547,7.132256031036377,93.31578826904297,489.0,24902.529296875
2025-08-06,155.96876525878906,22.01457405090332,18.08136749267578,13.8427095413208,73.04945373535156,7.55382776260376,18.3799991607666,35.602943420410156,21.559999465942383,7.267923831939697,94.00701141357422,483.3999938964844,24910.630859375
2025-08-07,162.44256591796875,22.312068939208984,18.11992073059082,13.97627067565918,73.99298858642578,7.610270023345947,18.40999984741211,35.817298889160156,21.84000015258789,7.335757732391357,93.6613998413086,493.20001220703125,25081.630859375
2025-08-08,163.13973999023438,22.867389678955078,18.02353858947754,14.023971557617188,73.09911346435547,7.6573052406311035,18.40999984741211,35.817298889160156,22.65999984741211,7.335757732391357,93.01954650878906,482.0,24858.8203125
2025-08-11,159.2554473876953,22.6690616607666,17.88860321044922,13.95719051361084,73.09911346435547,7.516199588775635,18.8700008392334,35.70037841796875,22.200000762939453,7.306685924530029,97.06816864013672,471.0,24906.810546875
2025-08-12,156.16795349121094,22.688894271850586,18.11028289794922,14.081212997436523,73.64537048339844,7.403316020965576,19.280000686645508,36.77217102050781,22.239999771118164,7.432663440704346,97.51252746582031,472.3999938964844,24969.6796875
2025-08-13,158.9566650390625,23.502046585083008,18.322324752807617,14.100292205810547,75.88005828857422,7.864258766174316,19.299999237060547,37.064476013183594,22.84000015258789,7.461734771728516,101.9067611694336,484.6000061035156,25613.669921875
2025-08-14,156.068359375,23.740041732788086,18.30304718017578,13.947650909423828,76.37665557861328,7.7325615882873535,18.950000762939453,36.49934768676758,22.3799991607666,7.471425533294678,101.11679077148438,487.20001220703125,25519.3203125
2025-08-15,155.57037353515625,23.898704528808594,18.2163028717041,13.795008659362793,74.4399185180664,7.5726423263549805,19.239999771118164,35.97319412231445,23.3799991607666,7.44235372543335,101.70927429199219,489.0,25270.0703125
2025-08-18,160.45062255859375,23.28388214111328,17.917518615722656,13.623286247253418,74.0923080444336,7.506793022155762,19.809999465942383,35.01832580566406,23.239999771118164,7.277614593505859,100.32681274414062,497.79998779296875,25176.849609375
2025-08-19,155.17198181152344,22.926891326904297,17.88860321044922,13.690068244934082,73.69502258300781,7.741968154907227,20.440000534057617,35.07678985595703,23.540000915527344,7.238851547241211,99.33934783935547,505.0,25122.900390625
2025-08-20,154.076416015625,23.06572151184082,17.9753475189209,13.833168983459473,73.59571075439453,7.789002895355225,20.059999465942383,34.94038009643555,23.700000762939453,7.219470500946045,99.33934783935547,500.5,25165.939453125
2025-08-21,149.1961669921875,22.70872688293457,18.08136749267578,13.86178970336914,72.95012664794922,7.760782241821289,19.829999923706055,34.80397033691406,24.100000381469727,7.316376686096191,99.04310607910156,495.79998779296875,25104.609375
2025-08-22,147.20423889160156,22.688894271850586,18.052452087402344,13.8427095413208,72.35421752929688,7.789002895355225,19.979999542236328,34.550636291503906,24.639999389648438,7.277614593505859,98.30250549316406,505.0,25339.140625
2025-08-25,149.29576110839844,24.136699676513672,18.148836135864258,13.9381103515625,74.0923080444336,7.914321422576904,19.709999084472656,34.99884033203125,24.540000915527344,7.248542308807373,102.49925231933594,516.0,25829.91015625
2025-08-26,148.2001953125,24.592857360839844,18.30304718017578,14.004891395568848,72.95012664794922,7.817922592163086,19.389999389648438,34.4337158203125,24.920000076293945,7.200089454650879,101.61052703857422,512.5,25524.919921875
2025-08-27,147.3038330078125,24.533357620239258,17.965707778930664,13.718688011169434,71.90727996826172,7.885402202606201,19.209999084472656,33.985511779785156,25.200000762939453,7.161327362060547,99.73433685302734,512.5,25201.759765625
2025-08-28,142.9215545654297,24.473859786987305,18.69821548461914,13.89995002746582,72.00659942626953,7.962521076202393,19.219999313354492,33.63474655151367,25.200000762939453,7.151637077331543,98.6974868774414,552.0,24998.8203125
2025-08-29,140.03326416015625,25.366342544555664,18.804237365722656,12.926858901977539,72.90047454833984,8.039639472961426,19.559999465942383,33.985511779785156,25.440000534057617,7.277614593505859,99.14185333251953,578.0,25077.619140625
2025-09-01,141.12881469726562,27.329803466796875,19.228321075439453,13.060419082641602,73.59571075439453,8.097477912902832,19.1200008392334,34.78448486328125,25.700000762939453,7.3939008712768555,98.5,576.0,25617.419921875
2025-09-02,138.53929138183594,26.873647689819336,19.334341049194336,13.222601890563965,72.20523071289062,8.14567756652832,18.8700008392334,34.336280822753906,24.860000610351562,7.432663440704346,96.3499984741211,569.5,25496.55078125
2025-09-03,140.33203125,27.369470596313477,19.151214599609375,13.117660522460938,71.8079605102539,8.087839126586914,18.729999542236328,34.2778205871582,25.299999237060547,7.500496864318848,95.69999694824219,558.0,25343.4296875
2025-09-04,141.7263946533203,26.457155227661133,19.07411003112793,12.97455883026123,71.51000213623047,8.107118606567383,18.309999465942383,34.550636291503906,23.739999771118164,7.3939008712768555,95.30000305175781,562.0,25058.509765625
2025-09-05,142.9215545654297,28.004125595092773,19.276512145996094,13.050880432128906,71.6500015258789,8.039639472961426,18.68000030517578,35.310638427734375,24.959999084472656,7.452044486999512,96.69999694824219,572.0,25417.98046875
2025-09-08,146.50706481933594,27.50830078125,19.35361671447754,13.270302772521973,73.0,8.087839126586914,18.309999465942383,35.89524841308594,24.600000381469727,7.5489501953125,96.5999984741211,572.0,25633.91015625
2025-09-09,147.6026153564453,28.618946075439453,19.411447525024414,13.318002700805664,74.9000015258789,8.222796440124512,18.920000076293945,36.051143646240234,23.959999084472656,7.389999866485596,96.6500015258789,560.5,25938.130859375
2025-09-10,150.69012451171875,29.0,19.450000762939453,13.318002700805664,76.0999984741211,8.405954360961914,18.889999389648438,36.59678649902344,24.200000762939453,7.449999809265137,96.5999984741211,570.0,26200.259765625
2025-09-11,148.00100708007812,29.360000610351562,19.530000686645508,13.270302772521973,75.3499984741211,8.560192108154297,18.649999618530273,36.79165267944336,25.079999923706055,7.449999809265137,98.44999694824219,574.0,26086.3203125
2025-09-12,148.49900817871094,29.780000686645508,19.420000076293945,13.203521728515625,75.80000305175781,8.49271297454834,18.440000534057617,36.168067932128906,26.84000015258789,7.389999866485596,99.1500015258789,577.5,26388.16015625
2025-09-15,147.9014129638672,29.540000915527344,19.479999542236328,13.260762214660645,75.0999984741211,8.473433494567871,18.459999084472656,37.0255012512207,26.600000381469727,7.409999847412109,97.69999694824219,574.0,26446.560546875
2025-09-16,148.59857177734375,29.3799991607666,19.309999465942383,13.241682052612305,74.1500015258789,8.434873580932617,19.049999237060547,37.181396484375,25.84000015258789,7.349999904632568,98.4000015258789,597.5,26438.509765625
2025-09-17,148.99697875976562,28.780000686645508,19.389999389648438,13.222601890563965,74.5,8.299915313720703,19.75,37.668575286865234,25.799999237060547,7.349999904632568,100.80000305175781,607.0,26908.390625
2025-09-18,145.3118896484375,28.299999237060547,19.049999237060547,13.06995964050293,73.19999694824219,8.280635833740234,18.809999465942383,36.94755172729492,25.280000686645508,7.260000228881836,101.5,598.5,26544.849609375
2025-09-19,146.9054412841797,29.079999923706055,19.280000686645508,13.184441566467285,71.80000305175781,8.290276527404785,19.0,37.47370147705078,26.459999084472656,7.21999979019165,104.30000305175781,606.5,26545.099609375
2025-09-22,146.0090789794922,29.540000915527344,19.040000915527344,12.736056327819824,72.0,8.280635833740234,18.690000534057617,36.479862213134766,26.239999771118164,7.090000152587891,100.0999984741211,598.0,26344.140625
2025-09-23,143.8179168701172,29.700000762939453,18.90999984741211,12.390000343322754,70.9000015258789,8.184237480163574,18.239999771118164,36.42140197753906,25.440000534057617,7.070000171661377,99.5,596.0,26159.119140625
2025-09-24,144.81390380859375,29.639999389648438,19.06999969482422,12.319999694824219,70.4000015258789,8.174596786499023,18.200000762939453,36.2655029296875,25.5,7.070000171661377,99.19999694824219,605.0,26518.650390625
2025-09-25,145.51109313964844,31.15999984741211,19.0,12.25,71.25,8.097477912902832,18.450000762939453,35.93422317504883,24.719999313354492,7.079999923706055,97.94999694824219,598.5,26484.6796875
2025-09-26,147.8018035888672,30.3799991607666,19.1200008392334,12.130000114440918,71.69999694824219,8.213157653808594,18.229999542236328,35.99268341064453,24.959999084472656,7.110000133514404,96.0999984741211,582.5,26128.19921875
2025-09-29,149.99737548828125,32.15999984741211,19.280000686645508,12.029999732971191,74.3499984741211,8.251716613769531,18.6299991607666,36.24601745605469,25.940000534057617,7.28000020980835,98.30000305175781,598.0,26622.880859375
2025-09-30,147.20301818847656,32.599998474121094,19.040000915527344,12.109999656677246,74.6500015258789,8.126399040222168,19.549999237060547,36.24601745605469,26.420000076293945,7.079999923706055,99.55000305175781,596.0,26855.560546875
2025-10-02,148.30081176757812,33.900001525878906,18.93000030517578,12.0,74.55000305175781,8.203516960144043,19.739999771118164,36.77217102050781,27.059999465942383,7.199999809265137,97.4000015258789,585.5,27287.119140625
2025-10-03,146.30484008789062,33.34000015258789,18.850000381469727,12.0600004196167,74.25,8.029999732971191,19.3700008392334,37.044986724853516,26.84000015258789,7.139999866485596,96.94999694824219,574.5,27140.919921875
2025-10-06,147.70201110839844,34.18000030517578,18.760000228881836,11.760000228881836,75.19999694824219,7.860000133514404,19.030000686645508,36.9085807800293,26.520000457763672,7.119999885559082,94.1500015258789,562.0,26957.76953125
2025-10-08,145.10723876953125,34.279998779296875,18.5,11.819999694824219,74.6500015258789,7.920000076293945,19.670000076293945,36.85011672973633,26.920000076293945,7.150000095367432,94.75,551.0,26829.4609375
2025-10-09,151.19496154785156,36.13999938964844,18.799999237060547,11.960000038146973,74.0999984741211,7.860000133514404,19.75,37.84395980834961,27.760000228881836,7.260000228881836,94.9000015258789,561.0,26752.58984375
2025-10-10,149.09918212890625,33.65999984741211,18.860000610351562,11.960000038146973,73.9000015258789,7.71999979019165,19.049999237060547,38.54549789428711,26.100000381469727,7.269999980926514,94.75,569.0,26290.3203125
2025-10-13,144.7080535888672,34.2400016784668,18.84000015258789,12.0,71.75,7.650000095367432,18.90999984741211,38.38959884643555,26.360000610351562,7.300000190734863,91.8499984741211,557.5,25889.48046875
2025-10-14,142.11328125,32.0,18.6299991607666,12.489999771118164,70.0999984741211,7.349999904632568,18.40999984741211,38.331138610839844,25.280000686645508,7.210000038146973,89.0999984741211,542.0,25441.349609375
2025-10-15,145.20704650878906,33.5,18.799999237060547,12.449999809265137,71.0,7.550000190734863,19.170000076293945,38.798828125,25.899999618530273,7.25,92.1500015258789,546.5,25910.599609375
2025-10-16,146.50442504882812,33.02000045776367,18.959999084472656,12.920000076293945,70.5999984741211,7.389999866485596,19.25,39.9290771484375,26.040000915527344,7.429999828338623,92.05000305175781,546.0,25888.509765625
2025-10-17,142.31288146972656,32.599998474121094,18.610000610351562,12.770000457763672,69.05000305175781,7.289999961853027,18.3799991607666,39.13010787963867,25.260000228881836,7.320000171661377,89.5,532.0,25247.099609375
2025-10-20,147.901611328125,32.459999084472656,19.040000915527344,12.739999771118164,72.0999984741211,7.369999885559082,19.18000030517578,40.162925720214844,25.34000015258789,7.690000057220459,93.3499984741211,549.5,25858.830078125
2025-10-21,149.59817504882812,32.34000015258789,19.31999969482422,12.739999771118164,72.9000015258789,7.340000152587891,19.799999237060547,40.065486907958984,25.34000015258789,7.800000190734863,96.80000305175781,555.0,26027.55078125
2025-10-22,146.90362548828125,31.799999237060547,19.5,12.779999732971191,70.55000305175781,7.309999942779541,19.520000457763672,39.69523620605469,25.440000534057617,7.889999866485596,95.9000015258789,547.5,25781.76953125
2025-10-23,148.30081176757812,31.760000228881836,19.920000076293945,12.899999618530273,70.9000015258789,7.300000190734863,19.43000030517578,40.12395095825195,26.579999923706055,8.010000228881836,96.19999694824219,547.0,25967.98046875
2025-10-24,148.60018920898438,32.560001373291016,20.020000457763672,12.979999542236328,71.05000305175781,7.400000095367432,19.520000457763672,40.143436431884766,27.719999313354492,8.0,99.0999984741211,564.0,26160.150390625
2025-10-27,149.29879760742188,32.91999816894531,20.059999465942383,13.260000228881836,72.1500015258789,7.389999866485596,19.1299991607666,40.82548904418945,28.6200008392334,7.989999771118164,99.8499984741211,567.5,26433.69921875
2025-10-28,148.60018920898438,31.079999923706055,19.950000762939453,13.180000305175781,74.5999984741211,7.349999904632568,18.920000076293945,40.805999755859375,27.65999984741211,8.0,99.19999694824219,568.0,26346.140625
2025-10-30,142.51248168945312,32.5,20.020000457763672,13.380000114440918,73.19999694824219,7.340000152587891,18.770000457763672,41.7400016784668,29.920000076293945,7.96999979019165,94.5,550.0,26282.689453125
2025-10-31,142.31288146972656,32.2400016784668,19.770000457763672,13.489999771118164,75.44999694824219,7.460000038146973,18.399999618530273,40.459999084472656,29.520000457763672,8.020000457763672,90.80000305175781,543.5,25906.650390625
2025-11-03,145.80584716796875,31.719999313354492,20.459999084472656,13.880000114440918,79.94999694824219,7.809999942779541,17.770000457763672,41.439998626708984,30.420000076293945,8.289999961853027,90.3499984741211,553.0,26158.359375
2025-11-04,144.7080535888672,30.020000457763672,20.399999618530273,13.670000076293945,79.6500015258789,7.760000228881836,17.559999465942383,41.2599983215332,29.68000030517578,8.329999923706055,88.55000305175781,548.5,25952.400390625
2025-11-05,144.807861328125,30.739999771118164,20.34000015258789,13.59000015258789,79.5999984741211,7.789999961853027,17.510000228881836,41.5,29.5,8.359999656677246,89.25,541.0,25935.41015625
2025-11-06,147.10321044921875,32.060001373291016,20.8799991607666,13.829999923706055,81.19999694824219,7.960000038146973,17.8799991607666,42.599998474121094,32.41999816894531,8.449999809265137,91.5,555.5,26485.900390625
2025-11-07,142.8118896484375,32.63999938964844,21.18000030517578,14.199999809265137,81.5,7.96999979019165,17.690000534057617,42.79999923706055,32.31999969482422,8.510000228881836,89.9000015258789,546.5,26241.830078125
2025-11-10,148.40060424804688,33.18000030517578,22.440000534057617,14.199999809265137,81.30000305175781,8.0600004196167,17.8799991607666,43.459999084472656,31.920000076293945,8.760000228881836,90.94999694824219,561.5,26649.060546875
2025-11-11,148.40060424804688,32.81999969482422,22.3799991607666,14.229999542236328,82.3499984741211,8.180000305175781,18.1200008392334,42.79999923706055,32.400001525878906,8.819999694824219,90.75,567.5,26696.41015625
2025-11-12,150.29678344726562,32.619998931884766,22.940000534057617,14.40999984741211,84.0999984741211,8.479999542236328,17.670000076293945,43.7400016784668,34.040000915527344,9.069999694824219,89.5,573.0,26922.73046875
2025-11-13,149.99737548828125,34.0,22.479999542236328,14.359999656677246,84.1500015258789,8.539999961853027,17.75,42.58000183105469,34.900001525878906,8.960000038146973,92.19999694824219,579.5,27073.029296875
2025-11-14,145.30685424804688,33.0,22.399999618530273,14.15999984741211,82.3499984741211,8.680000305175781,17.530000686645508,41.63999938964844,33.52000045776367,8.789999961853027,90.25,576.0,26572.4609375
2025-11-17,145.50643920898438,32.119998931884766,22.5,13.899999618530273,81.30000305175781,8.779999732971191,17.200000762939453,41.7400016784668,32.29999923706055,8.850000381469727,89.05000305175781,555.5,26384.279296875
2025-11-18,145.80584716796875,30.719999313354492,21.799999237060547,13.670000076293945,78.55000305175781,8.699999809265137,17.0,40.439998626708984,30.399999618530273,8.84000015258789,86.44999694824219,564.5,25930.029296875
2025-11-19,147.20301818847656,31.440000534057617,22.059999465942383,13.869999885559082,77.94999694824219,8.739999771118164,17.040000915527344,41.0,30.6200008392334,9.029999732971191,84.0,574.5,25830.650390625
2025-11-20,148.9993896484375,31.1200008392334,21.959999084472656,13.75,78.94999694824219,8.510000228881836,17.010000228881836,40.41999816894531,30.68000030517578,9.0,88.5,554.0,25835.5703125
2025-11-21,148.50039672851562,30.0,21.540000915527344,13.470000267028809,76.80000305175781,8.399999618530273,16.709999084472656,39.560001373291016,29.520000457763672,8.699999809265137,85.5,537.5,25220.01953125
2025-11-24,149.09918212890625,30.3799991607666,21.219999313354492,13.489999771118164,79.0,8.289999961853027,16.75,40.119998931884766,29.65999984741211,8.640000343322754,87.69999694824219,542.0,25716.5
2025-11-25,155.18690490722656,30.920000076293945,21.239999771118164,13.399999618530273,79.25,8.180000305175781,16.719999313354492,40.08000183105469,30.520000457763672,8.6899995803833,88.8499984741211,546.5,25894.55078125
2025-11-26,161.77362060546875,30.280000686645508,21.059999465942383,13.25,80.69999694824219,8.109999656677246,16.81999969482422,39.7400016784668,29.920000076293945,8.699999809265137,90.0,538.0,25928.080078125
2025-11-27,160.97523498535156,30.700000762939453,21.34000015258789,13.3100004196167,82.05000305175781,8.170000076293945,17.0,40.20000076293945,30.65999984741211,8.739999771118164,90.0,535.5,25945.9296875
2025-11-28,159.17884826660156,30.700000762939453,21.18000030517578,13.25,80.5999984741211,8.140000343322754,16.940000534057617,39.81999969482422,30.860000610351562,8.680000305175781,91.0999984741211,535.0,25858.890625
2025-12-01,160.87542724609375,32.31999969482422,21.440000534057617,13.619999885559082,80.5,8.260000228881836,17.059999465942383,40.060001373291016,31.780000686645508,8.779999732971191,91.0,544.0,26033.259765625
2025-12-02,160.4762420654297,32.720001220703125,21.84000015258789,13.770000457763672,80.80000305175781,8.319999694824219,17.15999984741211,40.58000183105469,32.20000076293945,8.850000381469727,92.0,543.0,26095.05078125
2025-12-03,161.17483520507812,32.779998779296875,21.700000762939453,13.829999923706055,79.55000305175781,8.470000267028809,16.899999618530273,40.63999938964844,32.939998626708984,8.779999732971191,94.9000015258789,535.0,25760.73046875
2025-12-04,164.16879272460938,33.20000076293945,21.899999618530273,13.949999809265137,79.0,8.369999885559082,17.43000030517578,40.63999938964844,33.0,8.800000190734863,95.0999984741211,556.0,25935.900390625
2025-12-05,168.4601287841797,34.400001525878906,22.079999923706055,13.880000114440918,78.30000305175781,8.350000381469727,17.3700008392334,40.70000076293945,33.7400016784668,8.829999923706055,96.0,554.5,26085.080078125
2025-12-08,164.86737060546875,33.939998626708984,21.579999923706055,13.739999771118164,77.9000015258789,8.119999885559082,17.68000030517578,39.52000045776367,32.599998474121094,8.680000305175781,93.80000305175781,544.5,25765.359375
2025-12-09,163.17080688476562,32.5,21.059999465942383,13.859999656677246,77.25,8.180000305175781,17.510000228881836,39.02000045776367,31.34000015258789,8.420000076293945,91.3499984741211,539.5,25434.23046875
2025-12-10,160.97523498535156,32.959999084472656,21.020000457763672,13.569999694824219,77.5,8.59000015258789,17.68000030517578,38.86000061035156,32.0,8.289999961853027,91.05000305175781,547.5,25540.779296875
2025-12-11,162.4722137451172,33.08000183105469,20.899999618530273,13.720000267028809,77.30000305175781,8.729999542236328,17.329999923706055,38.880001068115234,31.360000610351562,8.260000228881836,92.05000305175781,541.5,25530.509765625
2025-12-12,169.5579071044922,34.31999969482422,20.8799991607666,13.680000305175781,79.0,8.720000267028809,17.770000457763672,38.81999969482422,32.68000030517578,8.239999771118164,94.05000305175781,550.0,25976.7890625
2025-12-15,163.0709991455078,34.459999084472656,20.68000030517578,13.600000381469727,80.6500015258789,8.890000343322754,17.209999084472656,38.540000915527344,31.940000534057617,8.140000343322754,91.4000015258789,554.0,25628.880859375
2025-12-16,161.8734130859375,32.939998626708984,20.200000762939453,13.380000114440918,79.80000305175781,8.800000190734863,16.809999465942383,38.439998626708984,31.040000915527344,8.029999732971191,91.6500015258789,551.5,25235.41015625
2025-12-17,161.8734130859375,33.540000915527344,20.15999984741211,13.5600004196167,80.94999694824219,8.880000114440918,16.559999465942383,38.459999084472656,31.540000915527344,8.029999732971191,89.80000305175781,563.0,25468.779296875
2025-12-18,164.86737060546875,33.20000076293945,20.360000610351562,13.6899995803833,81.3499984741211,8.970000267028809,16.790000915527344,39.34000015258789,31.5,8.100000381469727,91.19999694824219,558.5,25498.130859375
2025-12-19,166.36434936523438,33.599998474121094,20.3799991607666,13.529999732971191,82.5,9.010000228881836,16.959999084472656,39.68000030517578,31.700000762939453,8.09000015258789,91.80000305175781,560.0,25690.529296875
2025-12-22,164.76759338378906,35.380001068115234,20.799999237060547,13.699999809265137,82.6500015258789,8.899999618530273,16.93000030517578,39.439998626708984,32.060001373291016,8.079999923706055,90.8499984741211,575.0,25801.76953125
2025-12-23,165.46617126464844,34.84000015258789,20.559999465942383,13.90999984741211,82.6500015258789,8.920000076293945,16.959999084472656,39.2599983215332,31.579999923706055,8.130000114440918,91.69999694824219,568.0,25774.140625
2025-12-24,164.36837768554688,35.119998931884766,20.600000381469727,13.859999656677246,83.3499984741211,8.960000038146973,16.920000076293945,38.86000061035156,32.31999969482422,8.130000114440918,91.9000015258789,563.5,25818.9296875
2025-12-29,165.26658630371094,34.119998931884766,20.639999389648438,13.90999984741211,82.19999694824219,8.760000228881836,17.5,38.7400016784668,31.760000228881836,8.260000228881836,91.0999984741211,559.5,25635.23046875
2025-12-30,165.16677856445312,35.36000061035156,21.459999084472656,13.979999542236328,81.6500015258789,8.699999809265137,18.020000457763672,39.099998474121094,32.619998931884766,8.460000038146973,91.9000015258789,571.0,25854.599609375
2025-12-31,161.8734130859375,35.65999984741211,21.280000686645508,13.760000228881836,80.0999984741211,8.670000076293945,17.940000534057617,38.70000076293945,32.540000915527344,8.380000114440918,89.94999694824219,554.0,25630.5390625
2026-01-02,166.36434936523438,36.939998626708984,21.860000610351562,13.899999618530273,83.30000305175781,8.699999809265137,18.200000762939453,39.65999984741211,34.02000045776367,8.520000457763672,92.55000305175781,583.0,26338.470703125
2026-01-05,168.75953674316406,36.619998931884766,21.139999389648438,13.75,83.9000015258789,8.670000076293945,17.600000381469727,38.900001525878906,33.220001220703125,8.220000267028809,91.8499984741211,576.5,26347.240234375
2026-01-06,171.0548858642578,38.2599983215332,21.299999237060547,13.729999542236328,86.05000305175781,8.670000076293945,17.829999923706055,39.7400016784668,35.2599983215332,8.260000228881836,94.0,599.0,26710.44921875
2026-01-07,169.3583221435547,37.91999816894531,20.65999984741211,13.720000267028809,85.94999694824219,8.600000381469727,17.510000228881836,39.900001525878906,35.5,8.020000457763672,95.80000305175781,600.0,26458.94921875
2026-01-08,168.8593292236328,37.20000076293945,20.68000030517578,13.640000343322754,83.8499984741211,8.720000267028809,17.389999389648438,40.91999816894531,34.34000015258789,7.96999979019165,94.55000305175781,601.5,26149.310546875
2026-01-09,171.45408630371094,38.2599983215332,20.940000534057617,13.770000457763672,84.30000305175781,8.550000190734863,17.190000534057617,41.060001373291016,34.720001220703125,8.100000381469727,96.44999694824219,596.5,26231.7890625
2026-01-12,170.65570068359375,39.279998779296875,20.940000534057617,13.84000015258789,83.69999694824219,8.630000114440918,16.920000076293945,41.060001373291016,35.34000015258789,8.109999656677246,99.0999984741211,607.0,26608.48046875
2026-01-13,171.0548858642578,40.220001220703125,21.479999542236328,13.869999885559082,84.4000015258789,8.600000381469727,17.170000076293945,41.459999084472656,35.84000015258789,8.220000267028809,99.44999694824219,609.0,26848.470703125
2026-01-14,171.6536865234375,40.79999923706055,21.65999984741211,13.729999542236328,84.69999694824219,8.550000190734863,17.0,41.58000183105469,36.119998931884766,8.260000228881836,99.55000305175781,569.5,26999.810546875
2026-01-15,174.34825134277344,40.0,22.200000762939453,13.720000267028809,84.8499984741211,8.630000114440918,17.260000228881836,41.2400016784668,35.68000030517578,8.300000190734863,98.5,460.0,26923.619140625
2026-01-16,173.7494659423828,39.459999084472656,21.799999237060547,13.260000228881836,83.55000305175781,8.770000457763672,17.1299991607666,40.779998779296875,35.13999938964844,8.229999542236328,103.30000305175781,466.20001220703125,26844.9609375
2026-01-19,172.35227966308594,39.31999969482422,21.899999618530273,13.239999771118164,82.94999694824219,8.680000305175781,17.030000686645508,40.58000183105469,35.63999938964844,8.220000267028809,102.19999694824219,470.3999938964844,26563.900390625
2026-01-20,172.95108032226562,39.97999954223633,21.520000457763672,13.420000076293945,82.8499984741211,8.609999656677246,16.770000457763672,40.86000061035156,35.540000915527344,8.210000038146973,101.0,480.3999938964844,26487.509765625
2026-01-21,173.7494659423828,40.91999816894531,22.18000030517578,13.34000015258789,82.8499984741211,8.680000305175781,16.75,40.65999984741211,36.52000045776367,8.399999618530273,101.30000305175781,482.6000061035156,26585.060546875
2026-01-22,171.7534942626953,39.97999954223633,22.739999771118164,13.430000305175781,82.5,8.779999732971191,16.709999084472656,41.380001068115234,35.41999816894531,8.600000381469727,101.69999694824219,481.6000061035156,26629.9609375
2026-01-23,170.8553009033203,40.41999816894531,22.440000534057617,13.300000190734863,83.05000305175781,8.789999961853027,16.889999389648438,40.70000076293945,35.86000061035156,8.420000076293945,102.0999984741211,485.3999938964844,26749.509765625
2026-01-26,167.9611358642578,42.18000030517578,23.34000015258789,13.34000015258789,83.05000305175781,8.930000305175781,16.6200008392334,42.5,36.560001373291016,8.729999542236328,101.5999984741211,492.20001220703125,26765.51953125
2026-01-27,168.55992126464844,43.400001525878906,23.520000457763672,13.569999694824219,86.44999694824219,9.140000343322754,16.530000686645508,42.02000045776367,37.47999954223633,8.8100004196167,104.5999984741211,499.3999938964844,27126.94921875
2026-01-28,172.8512725830078,44.7599983215332,24.65999984741211,13.829999923706055,88.8499984741211,9.170000076293945,16.739999771118164,43.5,40.220001220703125,9.25,107.0,495.3999938964844,27826.91015625
2026-01-29,174.34825134277344,46.13999938964844,24.979999542236328,13.989999771118164,90.94999694824219,9.359999656677246,16.799999237060547,43.68000030517578,39.81999969482422,9.390000343322754,106.19999694824219,482.20001220703125,27968.08984375
2026-01-30,173.25047302246094,41.900001525878906,24.3799991607666,13.699999809265137,90.3499984741211,9.180000305175781,16.09000015258789,43.02000045776367,36.119998931884766,9.279999732971191,106.5,481.79998779296875,27387.109375
2026-02-02,169.3583221435547,39.560001373291016,23.219999313354492,13.550000190734863,89.05000305175781,9.149999618530273,15.850000381469727,40.84000015258789,34.86000061035156,8.949999809265137,105.5,477.6000061035156,26775.5703125
2026-02-03,174.64764404296875,41.36000061035156,23.360000610351562,13.760000228881836,89.44999694824219,9.40999984741211,15.829999923706055,40.599998474121094,35.29999923706055,8.970000267028809,107.9000015258789,484.79998779296875,26834.76953125
2026-02-04,178.73939514160156,41.63999938964844,23.68000030517578,13.899999618530273,90.69999694824219,9.479999542236328,15.920000076293945,42.900001525878906,35.81999969482422,9.15999984741211,113.5999984741211,455.0,26847.3203125
2026-02-05,183.03073120117188,39.65999984741211,23.579999923706055,13.960000038146973,88.4000015258789,9.460000038146973,16.149999618530273,42.279998779296875,34.97999954223633,9.100000381469727,113.4000015258789,452.6000061035156,26885.240234375
2026-02-06,184.6275177001953,39.099998474121094,24.020000457763672,13.9399995803833,83.5,9.4399995803833,16.309999465942383,42.63999938964844,34.5,9.279999732971191,112.0999984741211,446.0,26559.94921875
2026-02-09,186.6234893798828,41.279998779296875,24.0,13.770000457763672,86.3499984741211,9.529999732971191,16.59000015258789,43.81999969482422,35.29999923706055,9.15999984741211,113.0999984741211,456.0,27027.16015625
2026-02-10,190.11643981933594,42.31999969482422,24.639999389648438,13.880000114440918,85.9000015258789,9.699999809265137,16.5,44.15999984741211,36.880001068115234,9.3100004196167,114.30000305175781,448.6000061035156,27183.150390625
2026-02-11,193.4097900390625,43.52000045776367,24.799999237060547,14.0,85.55000305175781,9.850000381469727,16.940000534057617,44.29999923706055,36.720001220703125,9.380000114440918,119.9000015258789,446.20001220703125,27266.380859375
2026-02-12,193.4097900390625,45.02000045776367,25.1200008392334,13.960000038146973,83.80000305175781,9.800000190734863,16.90999984741211,44.02000045776367,37.220001220703125,9.460000038146973,120.0999984741211,428.79998779296875,27032.5390625
2026-02-13,191.51361083984375,41.58000183105469,24.239999771118164,13.779999732971191,80.30000305175781,9.890000343322754,16.969999313354492,42.91999816894531,35.220001220703125,9.050000190734863,118.5999984741211,419.79998779296875,26567.119140625
2026-02-16,193.01058959960938,43.279998779296875,25.31999969482422,14.050000190734863,82.55000305175781,9.890000343322754,17.030000686645508,43.439998626708984,36.599998474121094,9.239999771118164,121.0,419.0,26705.939453125
2026-02-20,193.70919799804688,42.63999938964844,25.700000762939453,14.34000015258789,82.30000305175781,9.890000343322754,16.799999237060547,43.439998626708984,36.400001525878906,9.520000457763672,119.69999694824219,415.79998779296875,26413.349609375
2026-02-23,194.70718383789062,44.91999816894531,25.84000015258789,14.600000381469727,85.6500015258789,9.949999809265137,17.190000534057617,44.040000915527344,37.29999923706055,9.569999694824219,123.9000015258789,423.0,27081.91015625
2026-02-24,191.51361083984375,44.02000045776367,25.579999923706055,14.550000190734863,84.8499984741211,10.390000343322754,16.799999237060547,43.900001525878906,36.02000045776367,9.5600004196167,123.4000015258789,406.79998779296875,26590.3203125
2026-02-25,190.81503295898438,44.900001525878906,25.479999542236328,14.890000343322754,84.5,10.050000190734863,16.649999618530273,44.13999938964844,36.70000076293945,9.600000381469727,123.4000015258789,413.79998779296875,26765.720703125
2026-02-26,185.3260955810547,44.47999954223633,24.65999984741211,15.09000015258789,84.69999694824219,9.960000038146973,16.309999465942383,43.220001220703125,36.060001373291016,9.460000038146973,125.80000305175781,400.3999938964844,26381.01953125
2026-02-27,191.1144256591797,45.0,25.31999969482422,15.180000305175781,86.80000305175781,9.84000015258789,16.149999618530273,44.959999084472656,35.459999084472656,9.539999961853027,127.5999984741211,411.3999938964844,26630.5390625
2026-03-02,187.1224822998047,46.040000915527344,26.739999771118164,15.489999771118164,85.0,9.899999618530273,15.770000457763672,45.119998931884766,38.0,9.930000305175781,125.5,403.79998779296875,26059.849609375
2026-03-03,182.2323455810547,43.220001220703125,27.600000381469727,16.290000915527344,85.0,9.890000343322754,15.40999984741211,44.65999984741211,36.70000076293945,10.430000305175781,123.5,391.0,25768.080078125
2026-03-04,179.7373809814453,41.939998626708984,27.079999923706055,15.600000381469727,81.0,9.619999885559082,15.130000114440918,45.279998779296875,38.91999816894531,10.119999885559082,121.80000305175781,397.0,25249.48046875
2026-03-05,178.63958740234375,40.86000061035156,26.860000610351562,15.779999732971191,85.0999984741211,9.59000015258789,15.15999984741211,45.20000076293945,39.47999954223633,10.260000228881836,121.5,390.0,25321.33984375
2026-03-06,180.8351593017578,40.119998931884766,26.6200008392334,15.949999809265137,85.5999984741211,9.789999961853027,16.360000610351562,45.13999938964844,38.279998779296875,10.399999618530273,119.0999984741211,418.0,25757.2890625
2026-03-09,179.23838806152344,38.97999954223633,27.5,15.4399995803833,81.80000305175781,9.5,15.8100004196167,46.619998931884766,37.70000076293945,10.640000343322754,113.9000015258789,414.6000061035156,25408.4609375
2026-03-10,182.53173828125,39.939998626708984,27.059999465942383,15.270000457763672,85.6500015258789,9.699999809265137,16.06999969482422,45.599998474121094,37.5,10.260000228881836,117.4000015258789,420.6000061035156,25959.900390625
2026-03-11,184.72731018066406,39.7599983215332,28.059999465942383,15.779999732971191,86.44999694824219,9.729999542236328,17.389999389648438,47.70000076293945,38.52000045776367,10.5,117.80000305175781,415.79998779296875,25898.759765625
2026-03-12,183.92892456054688,39.720001220703125,29.100000381469727,15.899999618530273,84.3499984741211,9.609999656677246,17.559999465942383,48.459999084472656,40.040000915527344,10.619999885559082,115.30000305175781,407.20001220703125,25716.759765625
2026-03-13,188.12046813964844,38.2599983215332,29.760000228881836,15.350000381469727,81.80000305175781,9.5,17.399999618530273,48.439998626708984,39.52000045776367,10.670000076293945,112.69999694824219,401.6000061035156,25465.599609375
2026-03-16,186.22430419921875,36.97999954223633,29.440000534057617,15.979999542236328,83.4000015258789,9.680000305175781,18.020000457763672,47.939998626708984,38.720001220703125,10.619999885559082,111.30000305175781,411.3999938964844,25834.01953125
2026-03-17,182.43194580078125,36.939998626708984,28.799999237060547,16.079999923706055,83.0,9.569999694824219,18.84000015258789,47.18000030517578,37.459999084472656,10.579999923706055,110.9000015258789,411.20001220703125,25868.5390625
2026-03-18,196.00454711914062,37.34000015258789,28.299999237060547,16.239999771118164,84.55000305175781,9.699999809265137,18.149999618530273,47.459999084472656,37.2599983215332,10.479999542236328,111.4000015258789,415.6000061035156,26025.419921875
2026-03-19,195.40577697753906,34.70000076293945,29.579999923706055,15.949999809265137,82.80000305175781,9.489999771118164,18.34000015258789,48.779998779296875,34.779998779296875,10.729999542236328,107.0999984741211,403.3999938964844,25500.580078125
2026-03-20,193.4097900390625,34.220001220703125,30.3799991607666,15.59000015258789,86.05000305175781,9.460000038146973,19.520000457763672,48.81999969482422,34.5,10.90999984741211,107.19999694824219,405.6000061035156,25277.3203125
2026-03-23,189.61744689941406,32.52000045776367,30.5,15.079999923706055,79.3499984741211,9.140000343322754,20.0,48.65999984741211,31.700000762939453,10.760000228881836,102.5999984741211,390.3999938964844,24382.470703125
2026-03-24,196.9027557373047,34.86000061035156,29.440000534057617,15.140000343322754,85.0999984741211,9.40999984741211,20.899999618530273,47.5,34.040000915527344,10.720000267028809,105.5999984741211,397.20001220703125,25063.7109375
2026-03-25,194.507568359375,35.619998931884766,28.5,15.130000114440918,86.80000305175781,10.079999923706055,21.239999771118164,47.2599983215332,34.900001525878906,10.720000267028809,110.4000015258789,400.20001220703125,25335.94921875
2026-03-26,187.52166748046875,33.880001068115234,29.219999313354492,14.949999809265137,87.0,9.899999618530273,20.6200008392334,47.599998474121094,33.779998779296875,10.880000114440918,106.9000015258789,390.0,24856.4296875
2026-03-27,190.41583251953125,33.939998626708984,29.059999465942383,15.0600004196167,85.6500015258789,10.300000190734863,20.899999618530273,47.79999923706055,34.5,10.970000267028809,105.5,391.0,24951.880859375
2026-03-30,191.31402587890625,34.220001220703125,28.899999618530273,15.260000228881836,84.94999694824219,10.199999809265137,21.059999465942383,47.779998779296875,35.779998779296875,11.140000343322754,102.4000015258789,384.3999938964844,24750.7890625
2026-03-31,188.12046813964844,34.36000061035156,28.0,14.899999618530273,84.8499984741211,10.260000228881836,20.920000076293945,46.119998931884766,34.7599983215332,10.75,102.0999984741211,380.79998779296875,24788.140625
2026-04-01,193.30999755859375,36.400001525878906,26.959999084472656,15.039999961853027,87.5,10.460000038146973,21.979999542236328,46.29999923706055,36.36000061035156,10.550000190734863,107.5999984741211,394.0,25294.029296875
2026-04-02,190.0,35.31999969482422,27.020000457763672,15.140000343322754,86.1500015258789,10.630000114440918,23.81999969482422,46.58000183105469,36.68000030517578,10.770000457763672,104.9000015258789,390.6000061035156,25116.529296875
