Date,6060.HK,2007.HK,9888.HK,0960.HK,2015.HK,0101.HK,3690.HK,1928.HK,0267.HK,9618.HK,6690.HK,1876.HK,^HSI
2021-04-07,49.150001525878906,9.17016887664795,221.39999389648438,39.4993782043457,,14.68370246887207,318.0,38.044857025146484,5.2668256759643555,320.67034912109375,29.02699851989746,21.237512588500977,28674.80078125
2021-04-08,49.29999923706055,9.17016887664795,218.60000610351562,40.007781982421875,,14.864985466003418,320.79998779296875,37.218849182128906,5.330709934234619,317.1117248535156,29.326248168945312,21.988109588623047,29008.0703125
2021-04-09,48.25,9.014276504516602,218.0,39.10829162597656,,15.082518577575684,314.0,36.0527229309082,5.316512584686279,312.3669738769531,28.21475601196289,21.723194122314453,28698.80078125
2021-04-12,47.400001525878906,8.91340446472168,210.0,39.10829162597656,,15.155031204223633,298.20001220703125,35.42107391357422,5.309414863586426,305.6451416015625,28.428504943847656,21.237512588500977,28453.279296875
2021-04-13,47.45000076293945,8.849212646484375,205.39999389648438,39.460262298583984,,15.191287994384766,276.0,35.22671890258789,5.486868858337402,294.96929931640625,27.57351303100586,21.105052947998047,28497.25
2021-04-14,49.5,8.986764907836914,212.0,39.929569244384766,,15.408824920654297,286.0,35.80978012084961,5.600438594818115,302.4819030761719,27.9582576751709,21.32581901550293,28900.830078125
2021-04-15,47.04999923706055,8.885892868041992,210.39999389648438,40.39886474609375,,15.481338500976562,284.79998779296875,35.22671890258789,5.593340873718262,297.5394287109375,27.659011840820312,21.105052947998047,28793.140625
2021-04-16,46.650001525878906,8.895064353942871,207.0,40.51618957519531,,15.662617683410645,290.20001220703125,35.275306701660156,5.600438594818115,299.5163879394531,28.89874839782715,21.502431869506836,28969.7109375
2021-04-19,47.849998474121094,8.931744575500488,210.60000610351562,40.711734771728516,,15.481338500976562,289.20001220703125,35.906959533691406,5.685616970062256,297.9347839355469,28.856002807617188,21.6348876953125,29106.150390625
2021-04-20,47.20000076293945,8.968425750732422,205.1999969482422,39.538482666015625,,15.481338500976562,293.6000061035156,36.68437957763672,5.714009761810303,294.57391357421875,29.240747451782227,21.679039001464844,29135.73046875
2021-04-21,47.900001525878906,8.82170295715332,201.60000610351562,39.460262298583984,,15.553849220275879,282.20001220703125,36.0527229309082,5.564948558807373,283.8980712890625,29.112497329711914,21.6348876953125,28621.919921875
2021-04-22,46.95000076293945,8.794193267822266,208.0,38.79542541503906,,15.84389877319336,292.0,36.101314544677734,5.5791449546813965,288.0497741699219,28.64225196838379,22.164722442626953,28755.33984375
2021-04-23,47.400001525878906,8.803363800048828,210.39999389648438,38.75632095336914,,15.553849220275879,306.3999938964844,36.00413513183594,5.678518295288086,293.5854187011719,29.240747451782227,22.73870849609375,29078.75
2021-04-26,46.95000076293945,8.61078929901123,214.60000610351562,38.130584716796875,,15.553849220275879,305.0,36.53860855102539,5.650125503540039,295.7601318359375,29.069751739501953,22.120567321777344,28952.830078125
2021-04-27,46.900001525878906,8.583277702331543,211.1999969482422,38.1696891784668,,15.481338500976562,313.0,36.490020751953125,5.6643218994140625,294.57391357421875,29.283498764038086,21.723194122314453,28941.5390625
2021-04-28,46.150001525878906,8.546598434448242,211.8000030517578,38.24790573120117,,15.408824920654297,309.3999938964844,36.63579177856445,5.706911563873291,301.0980224609375,29.283498764038086,21.502431869506836,29071.33984375
2021-04-29,46.650001525878906,8.555768966674805,210.8000030517578,37.97414779663086,,15.553849220275879,309.20001220703125,37.121673583984375,5.813383102416992,303.4704284667969,28.68500518798828,22.42963981628418,29303.259765625
2021-04-30,46.0,8.482406616210938,205.8000030517578,37.89593505859375,,15.37256908416748,298.0,35.85837173461914,5.806285858154297,295.36468505859375,28.727750778198242,21.679039001464844,28724.880859375
2021-05-03,44.79999923706055,8.454895973205566,204.39999389648438,37.97414779663086,,15.37256908416748,293.20001220703125,35.71260452270508,5.806285858154297,295.36468505859375,26.932268142700195,21.54658317565918,28357.5390625
2021-05-04,44.25,8.519087791442871,201.39999389648438,38.130584716796875,,15.290522575378418,291.79998779296875,35.906959533691406,5.884365081787109,297.3417053222656,27.57351303100586,21.458276748657227,28557.140625
2021-05-05,43.25,8.665809631347656,194.3000030517578,38.24790573120117,,14.902664184570312,287.0,34.35212326049805,5.9766411781311035,292.5968933105469,27.188762664794922,21.458276748657227,28417.98046875
2021-05-06,44.0,8.638298988342285,189.6999969482422,37.817718505859375,,14.76840877532959,285.79998779296875,33.623294830322266,6.0689167976379395,292.0037841796875,29.155244827270508,22.5179443359375,28637.4609375
2021-05-07,42.79999923706055,8.711660385131836,185.5,38.32612609863281,,15.066760063171387,282.79998779296875,33.57470703125,6.239272594451904,289.2359619140625,27.445261001586914,23.04777717590332,28610.650390625
2021-05-10,42.599998474121094,8.711660385131836,183.0,38.01325225830078,,15.10405158996582,262.79998779296875,33.963417053222656,6.509002685546875,283.8980712890625,27.146015167236328,23.180234909057617,28595.66015625
2021-05-11,41.95000076293945,8.509917259216309,176.60000610351562,37.07466125488281,,14.529726028442383,249.0,33.234588623046875,6.33864688873291,269.0705261230469,27.231515884399414,23.136083602905273,28013.810546875
2021-05-12,41.25,8.482406616210938,184.0,35.78408432006836,,14.619229316711426,255.1999969482422,33.13740921020508,6.1895856857299805,283.10723876953125,26.54751968383789,23.44515609741211,28231.0390625
2021-05-13,40.0,8.482406616210938,178.8000030517578,35.275672912597656,,14.917583465576172,251.60000610351562,32.214229583740234,6.125701904296875,273.419921875,25.2222843170166,23.577613830566406,27718.669921875
2021-05-14,40.95000076293945,8.574108123779297,176.10000610351562,35.314788818359375,,14.634148597717285,244.0,32.214229583740234,6.146996021270752,265.11651611328125,25.39328384399414,24.239906311035156,28027.5703125
2021-05-17,41.54999923706055,8.629128456115723,183.0,35.82319259643555,,14.51480770111084,254.1999969482422,32.214229583740234,6.125701904296875,262.7441101074219,25.906274795532227,23.767757415771484,28194.08984375
2021-05-18,42.150001525878906,8.968425750732422,186.6999969482422,36.488037109375,,14.708735466003418,260.0,32.50575637817383,6.317351341247559,267.68658447265625,25.692527770996094,23.99030113220215,28593.810546875
2021-05-20,41.70000076293945,8.922574043273926,186.0,36.6835823059082,,14.425302505493164,273.20001220703125,32.311405181884766,6.210879802703857,277.5716247558594,27.359764099121094,23.278156280517578,28450.2890625
2021-05-21,42.0,8.977596282958984,188.6999969482422,36.018733978271484,,14.395465850830078,275.20001220703125,32.84587860107422,6.210879802703857,285.4796447753906,27.659011840820312,23.055612564086914,28458.439453125
2021-05-24,41.54999923706055,9.023446083068848,184.0,35.90141677856445,,14.470054626464844,271.0,32.45716857910156,6.217977523803711,279.1532287597656,26.932268142700195,23.545211791992188,28412.259765625
2021-05-25,42.45000076293945,9.115148544311523,187.39999389648438,35.94051742553711,,14.589395523071289,276.6000061035156,33.08882141113281,6.217977523803711,281.72332763671875,27.530765533447266,24.257354736328125,28910.859375
2021-05-26,42.400001525878906,9.17016887664795,189.39999389648438,35.97962951660156,,14.917583465576172,279.6000061035156,34.35212326049805,6.210879802703857,284.29345703125,28.770503997802734,24.12382698059082,29166.009765625
2021-05-27,41.849998474121094,9.023446083068848,189.60000610351562,35.51033020019531,,14.842992782592773,271.79998779296875,34.35212326049805,6.246370792388916,281.1302490234375,28.68500518798828,24.034807205200195,29113.19921875
2021-05-28,38.70000076293945,9.069297790527344,187.8000030517578,35.54943084716797,,14.954875946044922,265.20001220703125,34.546478271484375,6.473511695861816,279.1532287597656,27.915508270263672,23.767757415771484,29124.41015625
2021-05-31,40.0,9.014276504516602,192.5,35.51033020019531,,14.604312896728516,294.0,33.57470703125,6.367039203643799,287.8520812988281,27.9582576751709,23.456193923950195,29151.80078125
2021-06-01,40.79999923706055,9.07846736907959,195.5,35.627647399902344,,14.708735466003418,313.0,34.30353546142578,6.310254096984863,294.3761901855469,27.659011840820312,23.411684036254883,29468.0
2021-06-02,39.70000076293945,9.060127258300781,196.1999969482422,35.314788818359375,,14.902664184570312,311.79998779296875,34.01200485229492,6.288958549499512,296.3531799316406,28.257505416870117,23.322664260864258,29297.619140625
2021-06-03,40.04999923706055,8.96929931640625,190.5,35.314788818359375,,14.649066925048828,307.3999938964844,33.57470703125,6.537395000457764,292.399169921875,27.57351303100586,23.189138412475586,28966.029296875
2021-06-04,39.349998474121094,8.884147644042969,184.60000610351562,35.471214294433594,,14.470054626464844,302.20001220703125,33.380348205566406,6.551590442657471,292.0037841796875,27.402511596679688,22.92208480834961,28918.099609375
2021-06-07,39.0,8.846302032470703,185.1999969482422,34.96281051635742,,14.649066925048828,300.0,32.74870300292969,6.558689594268799,285.8750915527344,27.146015167236328,23.411684036254883,28787.279296875
2021-06-08,40.900001525878906,8.978760719299316,184.1999969482422,35.471214294433594,,14.574477195739746,297.0,32.894466400146484,6.473511695861816,284.6888732910156,26.0772762298584,22.833066940307617,28781.380859375
2021-06-09,41.45000076293945,9.035528182983398,183.6999969482422,35.6667594909668,,14.753488540649414,293.20001220703125,32.99164581298828,6.5161004066467285,278.16473388671875,26.504770278930664,23.100120544433594,28742.630859375
2021-06-10,40.599998474121094,9.054450035095215,182.5,36.253387451171875,,14.649066925048828,298.0,32.74870300292969,6.4380202293396,280.1417236328125,26.376523971557617,22.92208480834961,28738.880859375
2021-06-11,41.599998474121094,9.073373794555664,183.10000610351562,36.05784606933594,,14.738571166992188,307.20001220703125,32.99164581298828,6.518106460571289,275.99005126953125,25.649778366088867,23.36717414855957,28842.130859375
2021-06-15,39.349998474121094,8.808457374572754,183.60000610351562,35.6667594909668,,14.529726028442383,302.3999938964844,32.70011520385742,6.332721710205078,272.82684326171875,25.2222843170166,23.2336483001709,28638.529296875
2021-06-16,39.849998474121094,8.742227554321289,180.60000610351562,35.51033020019531,,14.320879936218262,288.79998779296875,32.65152359008789,6.2808146476745605,270.6520690917969,25.35053253173828,22.165433883666992,28436.83984375
2021-06-17,42.099998474121094,8.66653823852539,179.8000030517578,35.314788818359375,,14.335797309875488,290.0,32.894466400146484,6.243738174438477,273.419921875,24.452789306640625,22.38797950744629,28558.58984375
2021-06-18,41.79999923706055,8.496233940124512,181.39999389648438,36.05784606933594,,14.291044235229492,300.6000061035156,33.08882141113281,6.214076519012451,283.10723876953125,23.982540130615234,21.942890167236328,28801.26953125
2021-06-21,41.099998474121094,8.448927879333496,181.0,34.48841857910156,,14.350715637207031,301.79998779296875,33.76906204223633,6.058353424072266,276.7808532714844,23.21305274963379,21.67583656311035,28489.0
2021-06-22,40.04999923706055,8.467850685119629,179.0,34.89038848876953,,14.335797309875488,292.79998779296875,32.84587860107422,6.080599784851074,275.5946044921875,23.640544891357422,21.408782958984375,28309.759765625
2021-06-23,41.54999923706055,8.562463760375977,182.6999969482422,35.1717529296875,,14.320879936218262,308.0,32.554344177246094,6.191830635070801,282.71185302734375,23.93979263305664,21.586820602416992,28817.0703125
2021-06-24,44.400001525878906,8.543540954589844,185.0,35.5737190246582,,14.484972953796387,315.0,32.554344177246094,6.191830635070801,282.9095458984375,23.469545364379883,21.809362411499023,28882.4609375
2021-06-25,44.099998474121094,8.534080505371094,190.5,35.97568130493164,,14.54464340209961,330.0,32.11705017089844,6.236322402954102,291.6083984375,24.1962890625,22.744049072265625,29288.220703125
2021-06-28,44.349998474121094,8.515157699584961,196.6999969482422,35.5737190246582,,14.380549430847168,328.6000061035156,31.58257484436035,6.214076519012451,296.74859619140625,23.854293823242188,22.343469619750977,29268.30078125
2021-06-29,43.45000076293945,8.420543670654297,197.1999969482422,35.85509490966797,,14.246291160583496,323.79998779296875,31.096689224243164,6.169583320617676,298.5279541015625,23.170299530029297,22.076417922973633,28994.099609375
2021-06-30,43.95000076293945,8.231318473815918,199.39999389648438,34.97077560424805,,14.067281723022461,320.3999938964844,31.77692985534668,6.206660747528076,301.8887939453125,23.170299530029297,21.809362411499023,28827.94921875
2021-07-02,42.150001525878906,8.184011459350586,193.3000030517578,34.367828369140625,,14.112032890319824,304.0,31.533987045288086,6.228906631469727,297.3417053222656,23.04205322265625,21.408782958984375,28310.419921875
2021-07-05,41.29999923706055,8.117783546447754,185.3000030517578,34.24724578857422,,14.335797309875488,287.0,31.679750442504883,6.303061008453369,288.64288330078125,22.01605987548828,21.497800827026367,28143.5
2021-07-06,41.0,8.042093276977539,185.89999389648438,34.08646011352539,,14.17170238494873,289.79998779296875,31.096689224243164,6.340137481689453,289.8291015625,22.229808807373047,21.497800827026367,28072.859375
2021-07-07,40.95000076293945,7.900174140930176,181.89999389648438,33.3629264831543,,14.17170238494873,286.0,30.853748321533203,6.22149133682251,283.70037841796875,23.21305274963379,21.586820602416992,27960.619140625
2021-07-08,39.45000076293945,7.805561065673828,173.5,33.322731018066406,,13.783846855163574,267.6000061035156,30.076330184936523,6.1547532081604,273.419921875,22.571805953979492,21.1417293548584,27153.130859375
2021-07-09,41.349998474121094,7.7677154541015625,174.39999389648438,32.92076873779297,,13.560083389282227,279.20001220703125,29.97915267944336,6.102845668792725,275.7923583984375,23.519502639770508,21.008201599121094,27344.5390625
2021-07-12,42.79999923706055,7.890712261199951,175.0,33.282535552978516,,13.888269424438477,285.20001220703125,29.83338737487793,6.117676734924316,278.16473388671875,24.12813949584961,21.364274978637695,27515.240234375
2021-07-13,42.5,7.86232852935791,180.8000030517578,34.12665557861328,,14.112032890319824,295.0,30.27068328857422,6.184414863586426,287.6543884277344,25.388891220092773,21.542312622070312,27963.41015625
2021-07-14,42.70000076293945,7.786637783050537,179.5,33.40312194824219,,14.037445068359375,290.0,30.027740478515625,6.043522834777832,292.399169921875,24.954151153564453,21.89838218688965,27787.4609375
2021-07-15,49.79999923706055,7.928557872772217,178.60000610351562,33.845279693603516,,14.141867637634277,290.3999938964844,30.076330184936523,6.132507801055908,293.5854187011719,24.954151153564453,21.67583656311035,27996.26953125
2021-07-16,47.29999923706055,7.8434062004089355,179.3000030517578,33.64429473876953,,13.933022499084473,290.79998779296875,29.736209869384766,6.162169456481934,294.57391357421875,24.736778259277344,21.809362411499023,28004.6796875
2021-07-19,45.099998474121094,7.710947513580322,172.5,33.60409927368164,,13.843515396118164,276.20001220703125,29.250324249267578,6.088015556335449,286.2705078125,24.30203628540039,21.497800827026367,27489.779296875
2021-07-20,44.5,7.644719123840332,171.89999389648438,33.563907623291016,,13.679422378540039,275.20001220703125,28.424318313598633,5.924877166748047,284.49114990234375,24.56287956237793,21.542312622070312,27259.25
2021-07-21,45.29999923706055,7.644719123840332,172.10000610351562,33.96586990356445,,13.754011154174805,270.20001220703125,28.570083618164062,5.865554332733154,282.9095458984375,24.997623443603516,21.67583656311035,27224.580078125
2021-07-22,48.349998474121094,7.938019275665283,175.39999389648438,35.453128814697266,,14.082198143005371,279.79998779296875,29.444677352905273,5.969369411468506,291.8061218261719,24.954151153564453,21.63132667541504,27723.83984375
2021-07-23,47.75,7.805561065673828,171.8000030517578,34.769798278808594,,14.082198143005371,273.20001220703125,28.61867332458496,5.932292461395264,286.4681396484375,24.69330406188965,21.542312622070312,27321.98046875
2021-07-26,44.70000076293945,7.540644645690918,160.0,33.40312194824219,,14.17170238494873,235.60000610351562,26.82089614868164,5.954538345336914,264.1280212402344,23.86729621887207,21.186237335205078,26192.3203125
2021-07-27,39.5,7.3892645835876465,148.3000030517578,31.915855407714844,,13.992691993713379,194.0,26.18924331665039,6.095431327819824,239.2177276611328,22.084856033325195,20.207042694091797,25086.4296875
2021-07-28,40.95000076293945,7.53118371963501,153.3000030517578,32.07664489746094,,14.17170238494873,208.60000610351562,25.994890213012695,6.147338390350342,248.1142578125,22.693492889404297,20.474096298217773,25473.880859375
2021-07-29,43.150001525878906,7.540644645690918,164.8000030517578,31.51389503479004,,14.738571166992188,228.39999389648438,26.04347801208496,6.258567810058594,279.9440612792969,22.345701217651367,19.85097312927246,26315.3203125
2021-07-30,42.04999923706055,7.190577030181885,158.1999969482422,29.142314910888672,,14.992169380187988,215.0,25.800533294677734,6.228906631469727,273.419921875,23.12823486328125,19.316864013671875,25961.029296875
2021-08-02,44.0,7.455493450164795,161.60000610351562,30.187416076660156,,15.663460731506348,216.0,25.509002685546875,6.214076519012451,274.0130615234375,23.910768508911133,19.316864013671875,26235.80078125
2021-08-03,43.20000076293945,7.5027995109558105,161.10000610351562,29.705062866210938,,16.110990524291992,211.60000610351562,25.21747398376465,6.095431327819824,272.6291198730469,25.041095733642578,19.36137580871582,26194.8203125
2021-08-04,43.70000076293945,7.53118371963501,161.6999969482422,29.262901306152344,,16.073694229125977,213.60000610351562,24.5372314453125,6.228906631469727,274.2107238769531,24.345510482788086,19.00530242919922,26426.55078125
2021-08-05,42.79999923706055,7.493338584899902,159.1999969482422,28.7403507232666,,15.439698219299316,211.1999969482422,25.266061782836914,6.199245452880859,270.45440673828125,24.69330406188965,18.69373893737793,26204.689453125
2021-08-06,41.599998474121094,7.3892645835876465,161.0,28.177602767944336,,15.700756072998047,213.8000030517578,25.363237380981445,6.169583320617676,273.22222900390625,24.649831771850586,18.782758712768555,26179.400390625
2021-08-09,42.150001525878906,7.73933219909668,159.3000030517578,28.619760513305664,,15.626167297363281,220.39999389648438,25.12029457092285,6.265983581542969,270.2567138671875,25.258466720581055,19.0498104095459,26283.400390625
2021-08-10,43.29999923706055,7.833944797515869,164.0,29.222705841064453,,15.439698219299316,239.0,25.46041488647461,6.117676734924316,281.9210205078125,25.649734497070312,19.272354125976562,26605.619140625
2021-08-11,42.70000076293945,8.01370906829834,162.39999389648438,31.232521057128906,,15.626167297363281,237.1999969482422,25.266061782836914,6.132507801055908,278.3624572753906,25.954057693481445,19.094318389892578,26660.16015625
2021-08-12,37.79999923706055,7.975864410400391,159.0,30.83055877685547,117.0,15.588873863220215,236.60000610351562,25.266061782836914,6.191830635070801,273.0245361328125,25.91057777404785,18.960792541503906,26517.8203125
2021-08-13,36.150001525878906,8.070476531982422,154.10000610351562,30.02663230895996,114.5999984741211,15.439698219299316,233.39999389648438,24.440053939819336,6.191830635070801,270.8498229980469,25.47583770751953,18.69373893737793,26391.619140625
2021-08-16,36.79999923706055,8.12724494934082,146.6999969482422,30.508987426757812,106.4000015258789,15.73805046081543,221.39999389648438,24.391468048095703,6.265983581542969,260.56939697265625,26.084476470947266,19.00530242919922,26181.4609375
2021-08-17,35.650001525878906,8.004247665405273,138.6999969482422,30.34819984436035,106.30000305175781,15.40240478515625,213.60000610351562,23.32251739501953,6.177000045776367,247.12574768066406,25.60626220703125,18.515703201293945,25745.869140625
2021-08-18,36.0,8.155628204345703,139.39999389648438,30.227615356445312,111.4000015258789,16.03639793395996,218.1999969482422,23.51687240600586,6.169583320617676,250.4866485595703,25.171518325805664,18.69373893737793,25867.009765625
2021-08-19,35.099998474121094,7.758254051208496,136.0,29.262901306152344,108.9000015258789,15.253231048583984,202.60000610351562,23.079574584960938,6.088015556335449,243.76483154296875,24.345510482788086,17.892580032348633,25316.330078125
2021-08-20,33.45000076293945,7.710947513580322,133.5,29.303098678588867,104.5999984741211,14.76840877532959,193.39999389648438,21.71909523010254,6.102845668792725,238.62461853027344,24.04119110107422,17.411882400512695,24849.720703125
2021-08-23,35.29999923706055,7.74879264831543,134.60000610351562,28.860939025878906,111.30000305175781,14.783324241638184,195.39999389648438,21.427560806274414,6.228906631469727,240.79933166503906,24.345510482788086,17.411882400512695,25109.58984375
2021-08-24,36.79999923706055,7.8434062004089355,146.1999969482422,29.383493423461914,115.19999694824219,14.649066925048828,221.8000030517578,23.419694900512695,6.162169456481934,276.7808532714844,24.954151153564453,17.447490692138672,25727.919921875
2021-08-25,36.5,7.966403007507324,149.89999389648438,29.906047821044922,117.80000305175781,14.529726028442383,227.0,23.66263771057129,6.3697991371154785,290.619873046875,24.69330406188965,17.572114944458008,25693.94921875
2021-08-26,36.400001525878906,7.881250858306885,148.89999389648438,28.619760513305664,116.0,14.440221786499023,226.8000030517578,23.95417022705078,6.347553253173828,293.1899719238281,24.56287956237793,17.216047286987305,25415.689453125
2021-08-27,38.0,8.079937934875488,150.5,29.061922073364258,116.69999694824219,14.350715637207031,225.0,23.51687240600586,6.421706676483154,301.29571533203125,24.86720085144043,17.251651763916016,25407.890625
2021-08-30,36.25,8.042093276977539,151.8000030517578,28.177602767944336,115.19999694824219,14.156785011291504,228.39999389648438,24.488643646240234,6.859213829040527,294.96929931640625,24.78025245666504,17.233848571777344,25539.5390625
2021-08-31,37.900001525878906,8.13670539855957,152.8000030517578,27.092300415039062,114.5999984741211,13.933022499084473,249.0,24.24570083618164,7.178075313568115,302.8773193359375,25.47583770751953,17.322864532470703,25878.990234375
2021-09-01,36.95000076293945,8.221857070922852,154.60000610351562,28.37858772277832,119.0,14.067281723022461,253.39999389648438,24.68299674987793,7.133581161499023,307.81982421875,27.562597274780273,17.518705368041992,26028.2890625
2021-09-02,38.20000076293945,8.193472862243652,163.1999969482422,28.981529235839844,118.80000305175781,14.186619758605957,253.60000610351562,25.314647674560547,7.259641647338867,311.3784484863281,27.388700485229492,17.518705368041992,26090.4296875
2021-09-03,37.349998474121094,8.2880859375,158.60000610351562,28.981529235839844,118.5,14.007611274719238,244.8000030517578,24.877351760864258,7.445026874542236,308.61065673828125,26.953960418701172,17.518705368041992,25901.990234375
2021-09-06,37.54999923706055,8.155628204345703,161.8000030517578,28.45897674560547,118.30000305175781,13.828598976135254,247.39999389648438,24.974529266357422,7.289303302764893,312.7623596191406,26.519216537475586,17.732345581054688,26163.630859375
2021-09-07,37.75,7.824484348297119,164.60000610351562,27.735443115234375,121.0,13.739093780517578,257.3999938964844,25.557592391967773,7.207736015319824,313.7508544921875,26.649639129638672,17.322864532470703,26353.630859375
2021-09-08,37.349998474121094,7.87178897857666,163.60000610351562,27.81583595275879,121.19999694824219,13.410906791687012,261.0,26.18924331665039,7.207736015319824,319.681884765625,26.3887939453125,17.322864532470703,26320.9296875
2021-09-09,35.650001525878906,7.833944797515869,156.0,27.936426162719727,115.9000015258789,13.500410079956055,248.60000610351562,25.8977108001709,7.333796977996826,301.6911315917969,25.954057693481445,16.717546463012695,25716.0
2021-09-10,36.099998474121094,8.01370906829834,162.10000610351562,28.981529235839844,118.9000015258789,13.575750350952148,259.3999938964844,25.800533294677734,7.385704040527344,317.50714111328125,26.30184555053711,17.038009643554688,26205.91015625
2021-09-13,35.25,8.108322143554688,157.5,28.539371490478516,117.19999694824219,13.6962890625,247.8000030517578,24.391468048095703,7.4986348152160645,309.59918212890625,25.649734497070312,16.521705627441406,25813.810546875
2021-09-14,35.900001525878906,7.681917190551758,156.0,28.01681900024414,114.5,13.500411987304688,245.0,24.24570083618164,7.317945957183838,309.9945373535156,24.345510482788086,16.46829605102539,25502.23046875
2021-09-15,33.400001525878906,7.0092620849609375,154.10000610351562,27.534461975097656,115.0,13.319602966308594,234.0,16.36463165283203,7.317945957183838,291.6083984375,23.95424461364746,16.32586669921875,25033.2109375
2021-09-16,32.349998474121094,6.502333641052246,155.39999389648438,26.52955436706543,113.9000015258789,13.22919750213623,232.60000610351562,15.062458992004395,7.22760009765625,290.42218017578125,23.649925231933594,16.521705627441406,24667.849609375
2021-09-17,33.849998474121094,6.794792175292969,159.10000610351562,26.167787551879883,112.5999984741211,13.45521068572998,240.8000030517578,14.634880065917969,7.099611282348633,303.8658142089844,24.519407272338867,17.07361602783203,24920.759765625
2021-09-20,31.700000762939453,6.385350227355957,156.39999389648438,25.082489013671875,111.0,12.777175903320312,234.60000610351562,14.654314994812012,6.896334648132324,291.2129821777344,23.345605850219727,16.859973907470703,24099.140625
2021-09-21,32.150001525878906,6.950770378112793,153.39999389648438,25.28346824645996,104.69999694824219,12.957984924316406,230.60000610351562,15.237378120422363,6.790933132171631,287.4566650390625,23.73687171936035,16.895580291748047,24221.5390625
2021-09-23,32.5,7.4479498863220215,156.5,27.735443115234375,108.0,13.364805221557617,242.60000610351562,15.72326374053955,6.7984619140625,292.9922790527344,23.084758758544922,17.09141731262207,24510.98046875
2021-09-24,31.899999618530273,7.30172061920166,154.8000030517578,26.52955436706543,105.30000305175781,12.973052024841309,244.60000610351562,15.043023109436035,6.557541847229004,288.8406066894531,22.084856033325195,17.127025604248047,24192.16015625
2021-09-27,31.75,7.116497039794922,153.1999969482422,25.68543243408203,102.80000305175781,13.123725891113281,248.39999389648438,14.44052505493164,6.474725246429443,289.0382995605469,22.30222511291504,17.358474731445312,24208.779296875
2021-09-28,32.099998474121094,7.5356879234313965,153.3000030517578,27.494266510009766,103.80000305175781,13.168927192687988,251.8000030517578,14.96528148651123,6.414495468139648,295.7601318359375,23.171709060668945,17.287260055541992,24500.390625
2021-09-29,31.700000762939453,7.6916656494140625,151.39999389648438,28.298192977905273,103.0999984741211,13.530546188354492,250.0,15.35399055480957,6.422023296356201,290.42218017578125,23.04128646850586,17.643329620361328,24663.5
2021-09-30,32.04999923706055,7.847643852233887,148.39999389648438,28.860939025878906,101.19999694824219,13.379873275756836,246.60000610351562,15.548344612121582,6.2488627433776855,279.9440612792969,23.86729621887207,17.572114944458008,24575.640625
2021-10-04,30.950000762939453,7.80864953994751,145.89999389648438,28.70015525817871,101.0,13.259333610534668,236.8000030517578,15.528908729553223,6.098288059234619,271.44293212890625,23.519502639770508,17.643329620361328,24036.369140625
2021-10-05,30.200000762939453,7.594179630279541,143.8000030517578,28.05701446533203,99.55000305175781,13.1387939453125,233.60000610351562,15.043023109436035,6.241334438323975,272.43145751953125,24.08466911315918,17.803560256958008,24104.150390625
2021-10-06,30.0,7.555184841156006,143.3000030517578,28.418781280517578,103.5,13.24426555633545,228.60000610351562,15.159636497497559,6.060644626617432,270.0590515136719,24.215089797973633,17.732345581054688,23966.490234375
2021-10-07,31.5,7.720911502838135,150.3000030517578,28.7403507232666,108.0,13.56068229675293,250.8000030517578,15.606650352478027,6.098288059234619,286.6658630371094,24.171613693237305,18.382177352905273,24701.73046875
2021-10-08,31.0,7.555184841156006,152.89999389648438,28.01681900024414,110.9000015258789,13.394940376281738,256.0,15.567780494689941,6.045585632324219,292.7945861816406,24.12813949584961,18.115123748779297,24837.849609375
2021-10-11,32.150001525878906,7.311469078063965,162.6999969482422,27.896230697631836,112.30000305175781,13.289466857910156,277.3999938964844,15.606650352478027,6.045585632324219,308.017578125,23.6064510345459,17.892580032348633,25325.08984375
2021-10-12,30.799999237060547,7.555184841156006,156.1999969482422,28.217802047729492,110.0,13.334670066833496,269.0,15.975924491882324,5.977827548980713,300.9002990722656,23.258657455444336,17.981597900390625,24962.58984375
2021-10-15,30.350000381469727,7.496693134307861,161.0,28.217802047729492,116.0999984741211,13.636017799377441,280.79998779296875,16.22858428955078,6.038057804107666,311.1807556152344,24.30203628540039,17.340669631958008,25330.9609375
2021-10-18,29.0,7.642922878265381,167.6999969482422,28.217802047729492,117.30000305175781,13.440143585205078,280.3999938964844,16.811647415161133,5.98535680770874,314.146240234375,23.95424461364746,17.127025604248047,25409.75
2021-10-19,30.700000762939453,7.66241979598999,169.3000030517578,27.57465934753418,118.5999984741211,13.575750350952148,285.6000061035156,16.636730194091797,6.068172931671143,319.2864990234375,24.475933074951172,17.465295791625977,25787.2109375
2021-10-20,30.899999618530273,7.61367654800415,177.10000610351562,27.896230697631836,120.0999984741211,13.666152000427246,293.79998779296875,17.31696891784668,6.120874404907227,327.3922424316406,23.823820114135742,17.572114944458008,26136.01953125
2021-10-21,30.950000762939453,7.876889705657959,175.5,30.02663230895996,118.80000305175781,13.78669261932373,288.3999938964844,17.064308166503906,6.060644626617432,323.240478515625,23.562976837158203,17.287260055541992,26017.529296875
2021-10-22,30.850000381469727,7.954878330230713,177.60000610351562,32.036441802978516,123.5999984741211,13.831894874572754,289.20001220703125,17.064308166503906,6.0079426765441895,321.2634582519531,25.43236541748047,17.180437088012695,26126.9296875
2021-10-25,31.5,7.71116304397583,172.1999969482422,31.433496475219727,126.0999984741211,13.78669261932373,286.79998779296875,16.695035934448242,5.98535680770874,321.2634582519531,25.084571838378906,16.53951072692871,26132.029296875
2021-10-26,31.649999618530273,7.379709720611572,169.60000610351562,30.549179077148438,133.0,13.877097129821777,283.0,17.45301628112793,6.038057804107666,321.8565979003906,24.954151153564453,17.162635803222656,26038.26953125
2021-10-27,29.5,7.389458179473877,163.10000610351562,30.910947799682617,128.10000610351562,13.78669261932373,268.6000061035156,17.375274658203125,5.962770938873291,309.0060119628906,24.475933074951172,16.931188583374023,25628.740234375
2021-10-28,29.049999237060547,7.213983058929443,163.5,30.709972381591797,129.10000610351562,14.042840003967285,272.20001220703125,17.530759811401367,5.872425079345703,309.0060119628906,25.214994430541992,18.382177352905273,25555.73046875
2021-10-29,28.549999237060547,7.126245498657227,162.0,30.388399124145508,131.1999969482422,13.605884552001953,269.6000061035156,17.278099060058594,5.872425079345703,306.8313293457031,25.30194091796875,19.094318389892578,25377.240234375
2021-11-01,28.200000762939453,7.0482563972473145,157.10000610351562,29.705062866210938,127.0,13.6962890625,267.3999938964844,16.928258895874023,5.917597770690918,302.8773193359375,24.69330406188965,19.0498104095459,25154.3203125
2021-11-02,27.899999618530273,7.067753791809082,161.89999389648438,28.05701446533203,125.9000015258789,13.6962890625,271.0,17.18092155456543,5.541161060333252,310.587646484375,23.910768508911133,18.782758712768555,25099.669921875
2021-11-03,27.649999618530273,7.1359944343566895,158.10000610351562,28.137407302856445,120.69999694824219,13.319602966308594,277.0,17.20035743713379,5.405642509460449,312.7623596191406,23.86729621887207,18.604721069335938,25024.75
2021-11-04,27.799999237060547,6.872781276702881,162.0,27.61485481262207,122.9000015258789,13.334670066833496,286.0,16.733905792236328,5.480930805206299,320.0772705078125,23.997718811035156,18.604721069335938,25225.189453125
2021-11-05,26.399999618530273,6.67780876159668,159.6999969482422,27.13250160217285,125.0999984741211,13.47027587890625,276.79998779296875,16.636730194091797,5.405642509460449,306.2381896972656,23.910768508911133,18.73824691772461,24870.509765625
2021-11-08,26.649999618530273,6.8825297355651855,155.89999389648438,27.695247650146484,120.19999694824219,13.41000747680664,271.20001220703125,17.91946792602539,5.443286895751953,302.0865478515625,23.910768508911133,18.560213088989258,24763.76953125
2021-11-09,27.0,6.541327953338623,157.5,27.494266510009766,124.0999984741211,13.274401664733887,270.3999938964844,17.589065551757812,5.413171291351318,298.1324768066406,23.86729621887207,18.382177352905273,24813.130859375
2021-11-10,26.899999618530273,7.058004856109619,161.3000030517578,29.383493423461914,117.19999694824219,13.425076484680176,277.3999938964844,17.414146423339844,5.450815200805664,304.4588928222656,24.04119110107422,18.515703201293945,24996.140625
2021-11-11,27.600000381469727,7.438201427459717,160.5,30.870756149291992,117.80000305175781,13.364805221557617,282.3999938964844,17.647371292114258,5.578803539276123,309.796875,25.30194091796875,18.337669372558594,25247.990234375
2021-11-12,28.299999237060547,7.506441593170166,164.8000030517578,31.63448143005371,120.69999694824219,13.018254280090332,289.79998779296875,17.6279354095459,5.586332321166992,325.8105773925781,25.7801570892334,18.64923095703125,25327.970703125
2021-11-15,28.350000381469727,7.145742416381836,166.5,31.63448143005371,119.0,13.063456535339355,289.6000061035156,17.90003204345703,5.443286895751953,331.93927001953125,25.73668098449707,18.827266693115234,25390.91015625
2021-11-16,28.850000381469727,7.1652398109436035,168.89999389648438,32.11684036254883,120.0,13.1387939453125,297.3999938964844,18.968982696533203,5.495987892150879,334.1140441894531,26.3887939453125,19.094318389892578,25713.779296875
2021-11-17,28.350000381469727,7.106748104095459,169.6999969482422,31.996248245239258,128.8000030517578,12.867579460144043,292.6000061035156,18.716320037841797,5.503516674041748,331.14849853515625,26.04100227355957,19.183338165283203,25650.080078125
2021-11-18,27.399999618530273,6.746048927307129,156.39999389648438,31.71487808227539,127.19999694824219,12.671703338623047,285.3999938964844,18.599706649780273,5.495987892150879,319.2864990234375,25.345417022705078,18.871776580810547,25319.720703125
2021-11-19,27.350000381469727,7.116497039794922,151.3000030517578,32.39821243286133,121.0,12.536096572875977,280.79998779296875,18.930110931396484,5.518573760986328,348.34844970703125,26.519216537475586,18.471195220947266,25049.970703125
2021-11-22,26.950000762939453,6.980015754699707,148.10000610351562,32.237422943115234,119.9000015258789,12.490894317626953,274.0,19.775550842285156,5.4658732414245605,355.0703125,25.562786102294922,18.560213088989258,24951.33984375
2021-11-23,27.200000762939453,7.155491352081299,144.60000610351562,32.31782150268555,122.19999694824219,12.475826263427734,265.3999938964844,19.62978744506836,5.541161060333252,350.7208557128906,25.47583770751953,18.337669372558594,24651.580078125
2021-11-24,27.25,7.038507461547852,145.89999389648438,32.27762985229492,125.5,12.415557861328125,273.3999938964844,20.16425895690918,5.48845911026001,348.34844970703125,25.345417022705078,18.604721069335938,24685.5
2021-11-25,28.350000381469727,7.087250709533691,152.39999389648438,32.197235107421875,127.80000305175781,12.415557861328125,274.20001220703125,20.650144577026367,5.48845911026001,350.3254699707031,25.258466720581055,18.204143524169922,24740.16015625
2021-11-26,27.149999618530273,6.863032341003418,147.6999969482422,31.111934661865234,124.5,12.084075927734375,263.6000061035156,19.163333892822266,5.390585422515869,342.0220031738281,25.867103576660156,17.892580032348633,24080.51953125
2021-11-29,27.5,6.814289093017578,148.8000030517578,31.031538009643555,129.8000030517578,12.053939819335938,245.0,18.152692794799805,5.390585422515869,346.5691833496094,24.997623443603516,17.981597900390625,23852.240234375
2021-11-30,26.600000381469727,6.707054615020752,145.0,29.74526023864746,131.1999969482422,11.647117614746094,238.0,17.414146423339844,5.300240516662598,335.893310546875,25.388891220092773,17.625524520874023,23475.259765625
2021-12-01,26.299999237060547,6.658311367034912,147.6999969482422,29.906047821044922,142.3000030517578,11.526578903198242,244.60000610351562,16.675600051879883,5.405642509460449,337.47491455078125,25.823631286621094,17.287260055541992,23658.919921875
2021-12-02,25.75,6.931272983551025,147.3000030517578,30.83055877685547,143.10000610351562,11.51151180267334,247.8000030517578,16.792213439941406,5.495987892150879,338.0680236816406,26.432268142700195,17.322864532470703,23788.9296875
2021-12-03,25.950000762939453,6.8825297355651855,143.0,30.549179077148438,135.5,11.51151180267334,241.1999969482422,17.00600242614746,5.503516674041748,317.902587890625,26.867008209228516,17.358474731445312,23766.689453125
2021-12-06,24.799999237060547,7.0092620849609375,134.8000030517578,30.107023239135742,118.0999984741211,11.616984367370605,232.39999389648438,16.617294311523438,5.578803539276123,302.4819030761719,27.127853393554688,17.340669631958008,23349.380859375
2021-12-07,26.450000762939453,7.126245498657227,148.0,31.192325592041016,122.5999984741211,11.752593040466309,245.8000030517578,17.647371292114258,5.661620616912842,303.4704284667969,27.82343864440918,17.848072052001953,23983.66015625
2021-12-08,26.549999237060547,7.116497039794922,145.0,31.835464477539062,122.0,11.82792854309082,245.1999969482422,18.463659286499023,5.631505489349365,303.4704284667969,27.3017520904541,17.848072052001953,23996.869140625
2021-12-09,28.0,7.360212802886963,147.1999969482422,32.75998306274414,124.4000015258789,12.038870811462402,247.0,18.98841667175293,5.70679235458374,307.4244384765625,28.823347091674805,18.29315757751465,24254.859375
2021-12-10,28.100000381469727,7.330966472625732,145.89999389648438,32.558998107910156,122.5999984741211,11.97860050201416,243.0,18.308176040649414,5.736907958984375,308.61065673828125,28.736398696899414,18.337669372558594,23995.720703125
2021-12-13,28.5,7.106748104095459,145.1999969482422,31.63448143005371,126.69999694824219,11.948467254638672,248.0,17.938901901245117,5.736907958984375,307.029052734375,29.12766456604004,17.937088012695312,23954.580078125
2021-12-14,27.700000762939453,6.785043716430664,140.3000030517578,30.750167846679688,122.5,11.767658233642578,246.1999969482422,16.695035934448242,5.69173526763916,300.9002990722656,28.692922592163086,18.070615768432617,23635.94921875
2021-12-15,27.100000381469727,6.863032341003418,136.5,31.192325592041016,120.5,11.782726287841797,241.8000030517578,16.617294311523438,5.759493827819824,295.9577941894531,28.040813446044922,18.515703201293945,23420.759765625
2021-12-16,28.549999237060547,7.0092620849609375,139.10000610351562,31.498991012573242,120.80000305175781,11.797792434692383,238.39999389648438,16.733905792236328,5.736907958984375,287.061279296875,28.258182525634766,18.426687240600586,23475.5
2021-12-17,27.549999237060547,6.960518836975098,137.89999389648438,30.968564987182617,116.5,11.707388877868652,225.8000030517578,16.09253692626953,5.819724082946777,276.9785461425781,27.95386505126953,19.00530242919922,23192.630859375
2021-12-20,26.649999618530273,6.67780876159668,135.60000610351562,30.315736770629883,112.4000015258789,11.616984367370605,219.1999969482422,15.820442199707031,5.782081127166748,265.9073181152344,27.171329498291016,18.515703201293945,22744.859375
2021-12-21,26.799999237060547,6.892278671264648,136.60000610351562,30.193328857421875,113.19999694824219,11.677253723144531,229.0,16.209150314331055,5.676677703857422,270.2567138671875,27.866914749145508,18.560213088989258,22971.330078125
2021-12-22,26.850000381469727,6.804540634155273,139.0,30.15253448486328,116.5,11.647117614746094,230.39999389648438,16.733905792236328,5.676677703857422,275.99005126953125,28.171236038208008,18.73824691772461,23102.330078125
2021-12-23,26.649999618530273,6.863032341003418,138.60000610351562,30.193328857421875,117.9000015258789,11.782726287841797,226.60000610351562,16.831083297729492,5.79713773727417,256.6153869628906,28.258182525634766,18.69373893737793,23193.640625
2021-12-24,26.700000762939453,6.863032341003418,139.10000610351562,30.193328857421875,117.69999694824219,11.82792854309082,226.0,17.6279354095459,5.849839687347412,258.1969909667969,27.475648880004883,18.69373893737793,23223.759765625
2021-12-28,26.200000762939453,6.94102144241333,139.60000610351562,30.478940963745117,116.5999984741211,12.310084342956543,223.39999389648438,17.33640480041504,5.992885112762451,257.80157470703125,28.21470832824707,18.871776580810547,23280.560546875
2021-12-29,25.399999618530273,6.785043716430664,136.6999969482422,30.15253448486328,116.19999694824219,12.129276275634766,216.0,17.14204978942871,5.932654857635498,252.26597595214844,27.77996826171875,18.604721069335938,23086.5390625
2021-12-30,25.649999618530273,6.687557220458984,133.5,29.989322662353516,114.9000015258789,12.084075927734375,218.39999389648438,17.31696891784668,5.782081127166748,256.81304931640625,27.82343864440918,18.337669372558594,23112.009765625
2021-12-31,27.100000381469727,6.746048927307129,145.0,29.94852066040039,122.5999984741211,12.084075927734375,225.39999389648438,17.647371292114258,5.79713773727417,270.8498229980469,28.605976104736328,18.204143524169922,23397.669921875
2022-01-03,27.899999618530273,6.570573329925537,143.60000610351562,29.45889663696289,127.0,11.888197898864746,223.39999389648438,17.530759811401367,5.849839687347412,267.2912292480469,28.38860511779785,18.337669372558594,23274.75
2022-01-04,27.049999237060547,6.755797386169434,144.89999389648438,30.80535888671875,125.4000015258789,11.873130798339844,219.60000610351562,17.861160278320312,6.045585632324219,262.34869384765625,27.866914749145508,18.070615768432617,23289.83984375
2022-01-05,26.149999618530273,6.658311367034912,139.10000610351562,31.580595016479492,113.19999694824219,11.97860050201416,195.10000610351562,16.481245040893555,6.135931491851807,243.567138671875,28.258182525634766,17.937088012695312,22907.25
2022-01-06,27.0,6.658311367034912,142.0,31.825403213500977,113.0999984741211,11.82792854309082,202.1999969482422,16.811647415161133,6.2036895751953125,253.64987182617188,28.953765869140625,18.115123748779297,23072.859375
2022-01-07,28.5,6.902027130126953,149.0,32.682247161865234,112.19999694824219,12.20461368560791,204.0,16.772777557373047,6.2488627433776855,265.7095947265625,29.301563262939453,19.0498104095459,23493.380859375
2022-01-10,28.799999237060547,7.1359944343566895,151.8000030517578,33.3350715637207,114.9000015258789,12.144344329833984,206.60000610351562,16.772777557373047,6.226276874542236,267.0935363769531,28.692922592163086,18.69373893737793,23746.5390625
2022-01-11,28.600000381469727,7.184737205505371,146.5,33.6614875793457,108.80000305175781,12.038870811462402,208.0,16.636730194091797,6.2036895751953125,271.83831787109375,28.432079315185547,18.382177352905273,23739.060546875
2022-01-12,29.549999237060547,6.98976469039917,155.39999389648438,33.37587356567383,117.5999984741211,12.084075927734375,227.0,17.103179931640625,6.2338056564331055,301.6911315917969,29.345035552978516,18.426687240600586,24402.169921875
2022-01-13,29.149999618530273,6.443841934204102,153.0,33.09025573730469,117.5,12.069007873535156,226.1999969482422,16.617294311523438,6.422023296356201,289.8291015625,28.171236038208008,17.981597900390625,24429.76953125
2022-01-14,29.149999618530273,6.229371547698975,149.89999389648438,33.21266174316406,122.69999694824219,12.189547538757324,220.60000610351562,17.802854537963867,6.504840850830078,283.70037841796875,27.693017959594727,17.892580032348633,24383.3203125
2022-01-17,29.25,5.722443103790283,147.5,32.80464172363281,123.80000305175781,12.279949188232422,216.60000610351562,20.407203674316406,6.391909122467041,280.5371398925781,26.953960418701172,17.6611328125,24218.029296875
2022-01-18,27.399999618530273,6.005153179168701,147.8000030517578,33.45747756958008,122.0999984741211,12.129276275634766,215.8000030517578,19.824138641357422,6.512368679046631,275.7923583984375,26.9974308013916,17.607723236083984,24112.779296875
2022-01-19,27.799999237060547,6.502333641052246,148.89999389648438,34.92633819580078,117.0,12.279949188232422,214.39999389648438,19.92131805419922,6.6027140617370605,278.16473388671875,27.432172775268555,17.394081115722656,24127.849609375
2022-01-20,29.549999237060547,6.785043716430664,158.3000030517578,35.78317642211914,117.19999694824219,12.370355606079102,238.0,20.455791473388672,6.542484283447266,296.3531799316406,28.345129013061523,18.204143524169922,24952.349609375
2022-01-21,28.799999237060547,6.590071201324463,159.6999969482422,36.762420654296875,114.4000015258789,12.671703338623047,238.0,21.136032104492188,6.617771625518799,302.67962646484375,28.432079315185547,18.782758712768555,24965.55078125
2022-01-24,28.649999618530273,6.502333641052246,152.39999389648438,37.17043685913086,110.0,12.521029472351074,232.8000030517578,20.844501495361328,6.662944793701172,285.8750915527344,28.084285736083984,19.227846145629883,24656.4609375
2022-01-25,27.649999618530273,6.385350227355957,145.6999969482422,37.04803466796875,104.0999984741211,12.355286598205566,225.8000030517578,20.212846755981445,6.610243320465088,277.37396240234375,27.736492156982422,19.183338165283203,24243.609375
2022-01-26,27.799999237060547,6.473087310791016,148.5,37.04803466796875,101.0999984741211,12.62650203704834,225.0,20.6015567779541,6.587656021118164,281.525634765625,27.258275985717773,19.49489974975586,24289.900390625
2022-01-27,27.350000381469727,6.356103897094727,142.5,36.803218841552734,95.19999694824219,12.43062686920166,209.39999389648438,20.698732376098633,6.632829189300537,271.6405944824219,26.953960418701172,19.227846145629883,23807.0
2022-01-28,26.799999237060547,6.209874629974365,141.5,36.84402847290039,92.25,12.43062686920166,208.0,20.990264892578125,6.512368679046631,262.9418029785156,26.17142677307129,19.094318389892578,23550.080078125
2022-01-31,26.5,6.248868942260742,144.3000030517578,37.9456787109375,93.8499984741211,12.551164627075195,220.1999969482422,20.893089294433594,6.572598934173584,276.38543701171875,27.04090690612793,18.29315757751465,23802.259765625
2022-02-04,28.149999618530273,6.297612190246582,152.39999389648438,38.35369110107422,105.5999984741211,12.641568183898926,226.8000030517578,21.71909523010254,6.572598934173584,281.525634765625,27.562597274780273,19.227846145629883,24573.2890625
2022-02-07,28.100000381469727,6.326858043670654,153.3000030517578,37.537654876708984,108.30000305175781,12.505962371826172,225.8000030517578,21.9134464263916,6.625300884246826,288.8406066894531,25.73668098449707,19.316864013671875,24579.55078125
2022-02-08,29.149999618530273,6.278115272521973,150.39999389648438,37.211246490478516,110.0,12.490894317626953,221.0,22.545101165771484,6.625300884246826,282.3164978027344,25.171518325805664,19.0498104095459,24329.490234375
2022-02-09,29.350000381469727,6.336606979370117,157.5,37.496856689453125,114.5,12.671703338623047,229.1999969482422,22.302156448364258,6.595185279846191,294.57391357421875,25.47583770751953,19.49489974975586,24829.990234375
2022-02-10,29.899999618530273,6.619317054748535,159.8000030517578,38.02727508544922,113.5999984741211,12.68677043914795,233.0,22.25356674194336,6.700586795806885,298.3302001953125,25.43236541748047,19.67293930053711,24924.349609375
2022-02-11,31.5,6.648562908172607,158.89999389648438,38.55770492553711,114.19999694824219,12.521029472351074,227.8000030517578,22.156391143798828,6.753288745880127,295.1669921875,25.258466720581055,20.38507843017578,24906.66015625
2022-02-14,31.75,6.3658528327941895,156.10000610351562,37.252044677734375,110.0,12.370355606079102,219.60000610351562,21.37897300720215,6.700586795806885,286.2705078125,24.649831771850586,20.518604278564453,24556.5703125
2022-02-15,30.299999237060547,6.2391204833984375,156.60000610351562,36.39520263671875,112.80000305175781,12.370355606079102,214.0,21.427560806274414,6.6027140617370605,287.061279296875,24.475933074951172,20.34056854248047,24355.7109375
2022-02-16,30.799999237060547,6.356103897094727,161.60000610351562,36.925636291503906,116.5999984741211,12.325152397155762,219.39999389648438,22.88521957397461,6.70811653137207,293.7831115722656,25.128042221069336,20.741147994995117,24718.900390625
2022-02-17,30.950000762939453,6.404847145080566,163.60000610351562,36.64002227783203,117.0,12.340218544006348,220.8000030517578,23.32251739501953,6.745760440826416,292.0037841796875,24.997623443603516,20.607622146606445,24792.76953125
2022-02-18,30.549999237060547,6.551076412200928,160.10000610351562,36.88483428955078,115.9000015258789,12.295018196105957,188.0,23.371105194091797,6.813518524169922,283.70037841796875,24.954151153564453,20.563114166259766,24327.7109375
2022-02-21,29.799999237060547,6.551076412200928,153.6999969482422,36.64002227783203,117.30000305175781,12.295018196105957,180.5,22.982397079467773,6.866220951080322,281.72332763671875,24.432458877563477,20.429588317871094,24170.0703125
2022-02-22,28.549999237060547,6.512081623077393,151.3000030517578,36.43600845336914,110.30000305175781,12.340218544006348,171.3000030517578,22.399333953857422,6.836104869842529,272.0360412597656,24.12813949584961,20.474096298217773,23520.0
2022-02-23,28.149999618530273,6.541327953338623,150.89999389648438,36.313602447509766,112.0999984741211,12.445693016052246,176.60000610351562,22.204980850219727,6.926450252532959,281.72332763671875,24.649831771850586,20.34056854248047,23660.279296875
2022-02-24,26.350000381469727,6.229371547698975,142.8000030517578,34.92633819580078,104.5,12.445693016052246,170.1999969482422,20.844501495361328,6.843634128570557,268.0820007324219,23.86729621887207,21.319765090942383,22901.560546875
2022-02-25,26.350000381469727,6.083142280578613,144.8000030517578,33.94710159301758,109.5,12.611433029174805,170.1999969482422,20.650144577026367,6.670473098754883,272.6291198730469,23.649925231933594,22.120925903320312,22767.1796875
2022-02-28,25.600000381469727,5.90766716003418,147.39999389648438,34.11030578613281,110.0999984741211,12.340218544006348,172.1999969482422,19.87272834777832,6.858691692352295,275.99005126953125,23.693397521972656,21.586820602416992,22713.01953125
2022-03-01,26.299999237060547,6.014902114868164,148.10000610351562,33.82469177246094,121.80000305175781,12.129276275634766,173.39999389648438,20.407203674316406,6.753288745880127,284.49114990234375,24.649831771850586,21.89838218688965,22761.7109375
2022-03-02,25.799999237060547,5.566465377807617,158.10000610351562,32.92705535888672,122.5,12.43062686920166,176.39999389648438,19.87272834777832,6.617771625518799,281.72332763671875,23.95424461364746,21.809362411499023,22343.919921875
2022-03-03,26.350000381469727,5.576213836669922,159.0,33.29426956176758,117.5,12.581299781799316,174.1999969482422,20.31002426147461,6.836104869842529,282.9095458984375,23.476030349731445,22.343469619750977,22467.33984375
2022-03-04,26.0,5.917416095733643,149.0,32.8454475402832,104.9000015258789,12.656635284423828,164.8000030517578,19.318819046020508,6.745760440826416,259.3831787109375,23.30213165283203,22.343469619750977,21905.2890625
2022-03-07,25.200000762939453,6.336606979370117,140.1999969482422,32.396636962890625,104.30000305175781,12.551164627075195,146.1999969482422,17.90003204345703,6.69305944442749,244.1602325439453,21.78053855895996,21.497800827026367,21057.630859375
2022-03-08,23.600000381469727,5.936913013458252,133.10000610351562,32.31502151489258,96.4000015258789,12.355286598205566,145.5,17.90003204345703,6.48978328704834,227.75108337402344,20.911054611206055,20.518604278564453,20765.869140625
2022-03-09,23.200000762939453,5.517722129821777,133.60000610351562,31.62139892578125,98.30000305175781,11.97860050201416,148.5,18.24987030029297,6.437081336975098,232.2982177734375,21.041479110717773,19.89548110961914,20627.7109375
2022-03-10,23.75,5.488476276397705,138.1999969482422,31.580595016479492,106.80000305175781,12.174478530883789,144.1999969482422,18.3470458984375,6.437081336975098,234.67062377929688,21.171899795532227,19.717445373535156,20890.259765625
2022-03-11,23.350000381469727,5.059536933898926,131.5,31.090970993041992,104.5999984741211,12.310084342956543,135.39999389648438,17.103179931640625,6.452138900756836,208.77182006835938,21.041479110717773,19.539411544799805,20553.7890625
2022-03-14,19.920000076293945,4.104171276092529,131.8000030517578,27.296409606933594,104.80000305175781,11.692319869995117,112.5999984741211,15.120766639709473,6.550012588500977,177.93052673339844,21.084951400756836,18.604721069335938,19531.66015625
2022-03-15,18.420000076293945,3.665483236312866,100.0,23.093820571899414,69.0999984741211,10.923882484436035,106.0,13.254963874816895,6.173575401306152,160.03863525390625,19.34598731994629,17.848072052001953,18415.080078125
2022-03-16,22.299999237060547,4.221154689788818,120.4000015258789,27.541215896606445,93.0,10.84854507446289,140.0,15.72326374053955,6.105815887451172,217.0752716064453,20.650211334228516,18.29315757751465,20087.5
2022-03-17,25.350000381469727,5.420235633850098,139.89999389648438,31.458189010620117,101.0,11.571783065795898,157.1999969482422,17.47245216369629,6.474725246429443,251.47515869140625,22.389177322387695,19.272354125976562,21501.23046875
2022-03-18,24.75,5.488476276397705,149.39999389648438,31.62139892578125,104.5,11.812860488891602,153.3000030517578,18.21099853515625,6.542484283447266,240.99703979492188,21.345794677734375,19.272354125976562,21412.400390625
2022-03-21,24.899999618530273,5.147274494171143,140.60000610351562,30.560550689697266,104.80000305175781,11.858061790466309,143.89999389648438,17.725112915039062,6.467196941375732,236.25221252441406,21.650115966796875,19.00530242919922,21221.33984375
2022-03-22,26.600000381469727,5.566465377807617,148.6999969482422,31.62139892578125,108.0,11.888197898864746,153.0,17.997209548950195,6.504840850830078,250.882080078125,22.563072204589844,19.094318389892578,21889.279296875
2022-03-23,27.049999237060547,5.634706020355225,153.8000030517578,32.31502151489258,106.9000015258789,11.888197898864746,156.1999969482422,17.783418655395508,6.316621780395508,249.10276794433594,21.78053855895996,18.871776580810547,22154.080078125
2022-03-24,27.75,5.381241321563721,150.0,31.498991012573242,106.5999984741211,12.053939819335938,147.0,17.589065551757812,6.354264736175537,238.82232666015625,21.867483139038086,18.604721069335938,21945.94921875
2022-03-25,26.149999618530273,5.322749614715576,142.0,31.74380111694336,102.5,11.888197898864746,135.0,17.3558406829834,6.550012588500977,226.16949462890625,20.737157821655273,18.070615768432617,21404.880859375
2022-03-28,26.600000381469727,5.371492862701416,142.5,31.458189010620117,103.19999694824219,11.963533401489258,150.60000610351562,17.414146423339844,6.4822540283203125,222.21548461914062,20.82411003112793,17.803560256958008,21684.970703125
2022-03-29,26.899999618530273,5.576213836669922,146.0,30.84616470336914,105.5,11.888197898864746,159.3000030517578,17.861160278320312,6.437081336975098,235.6591033935547,21.041479110717773,18.026107788085938,21927.630859375
2022-03-30,27.149999618530273,5.927164554595947,146.1999969482422,32.07021713256836,108.19999694824219,11.97860050201416,160.10000610351562,18.774625778198242,6.406966209411621,235.2637176513672,21.997909545898438,18.69373893737793,22232.029296875
2022-03-31,26.700000762939453,5.878421306610107,141.5,32.886253356933594,105.30000305175781,11.903264999389648,155.60000610351562,18.444223403930664,6.557541847229004,231.30970764160156,22.12833023071289,18.560213088989258,21996.849609375
2022-04-01,26.600000381469727,5.7126946449279785,135.1999969482422,33.41667938232422,102.5999984741211,12.099142074584961,155.5,18.308176040649414,6.647885799407959,226.36717224121094,22.432647705078125,18.827266693115234,22039.55078125
2022-04-04,28.149999618530273,6.190377235412598,145.6999969482422,34.92633819580078,113.0999984741211,12.219680786132812,167.0,18.774625778198242,6.7156453132629395,243.76483154296875,23.12823486328125,18.204143524169922,22502.310546875
2022-04-06,27.600000381469727,6.336606979370117,142.60000610351562,35.04875183105469,110.9000015258789,12.611433029174805,160.89999389648438,18.269304275512695,6.625300884246826,232.1005096435547,22.30222511291504,18.15963363647461,22080.51953125
2022-04-07,26.850000381469727,6.248868942260742,137.5,34.92633819580078,108.5999984741211,12.038870811462402,159.3000030517578,17.686243057250977,6.48978328704834,224.58787536621094,21.824012756347656,17.465295791625977,21808.98046875
2022-04-08,26.950000762939453,6.463338851928711,135.3000030517578,35.21195602416992,105.4000015258789,12.069007873535156,156.5,17.29753303527832,6.527426242828369,219.84304809570312,21.4327449798584,17.803560256958008,21872.009765625
2022-04-11,25.649999618530273,6.024650573730469,128.1999969482422,34.27350997924805,96.8499984741211,12.008735656738281,147.5,16.7144718170166,6.512368679046631,212.9235382080078,21.30232048034668,17.322864532470703,21208.30078125
2022-04-12,25.600000381469727,5.849175453186035,129.39999389648438,34.06950378417969,100.5,12.159411430358887,153.89999389648438,17.375274658203125,6.414495468139648,221.6223602294922,22.432647705078125,17.785757064819336,21319.130859375
2022-04-13,25.600000381469727,5.751689434051514,128.89999389648438,34.43671798706055,99.44999694824219,12.445693016052246,154.10000610351562,17.647371292114258,6.572598934173584,225.18099975585938,22.519596099853516,17.937088012695312,21374.369140625
2022-04-14,26.25,5.9954047203063965,131.39999389648438,34.8447380065918,103.0,12.792243003845215,155.1999969482422,18.502531051635742,6.565069675445557,223.7970733642578,23.78034782409668,18.15963363647461,21518.080078125
2022-04-19,24.700000762939453,5.868672847747803,124.4000015258789,34.31432342529297,100.80000305175781,12.505962371826172,146.0,17.783418655395508,6.497311115264893,219.64535522460938,22.432647705078125,17.732345581054688,21027.759765625
2022-04-20,23.649999618530273,5.49822473526001,123.5999984741211,33.29426956176758,98.19999694824219,12.475826263427734,144.89999389648438,18.269304275512695,6.4822540283203125,218.26145935058594,22.997814178466797,18.070615768432617,20944.669921875
2022-04-21,23.100000381469727,5.176520347595215,119.4000015258789,32.641441345214844,93.9000015258789,12.445693016052246,137.8000030517578,17.219791412353516,6.512368679046631,204.0270233154297,22.693492889404297,18.15963363647461,20682.220703125
2022-04-22,23.5,5.235012054443359,116.80000305175781,32.60063934326172,91.05000305175781,12.536096572875977,141.39999389648438,16.967130661010742,6.48978328704834,206.00401306152344,23.345605850219727,18.29315757751465,20638.51953125
2022-04-25,22.799999237060547,5.0692853927612305,108.5999984741211,31.74380111694336,83.4000015258789,12.355286598205566,138.60000610351562,16.034231185913086,6.105815887451172,198.49139404296875,22.041383743286133,17.625524520874023,19869.33984375
2022-04-26,23.600000381469727,5.176520347595215,114.19999694824219,31.213382720947266,89.1500015258789,12.159411430358887,145.3000030517578,16.28689193725586,6.045585632324219,209.7603302001953,22.25875473022461,17.767953872680664,19934.7109375
2022-04-27,24.350000381469727,5.059536933898926,113.69999694824219,31.090970993041992,88.8499984741211,12.008735656738281,147.89999389648438,16.733905792236328,6.030529499053955,217.27296447753906,22.12833023071289,17.803560256958008,19946.359375
2022-04-28,25.649999618530273,5.147274494171143,118.4000015258789,31.254175186157227,88.94999694824219,12.370355606079102,148.89999389648438,16.403501510620117,6.143460273742676,226.96029663085938,23.171709060668945,17.607723236083984,20276.169921875
2022-04-29,27.600000381469727,5.332498073577881,130.60000610351562,31.825403213500977,96.75,11.744799613952637,172.0,17.14204978942871,6.150989532470703,262.54638671875,24.69330406188965,17.607723236083984,21089.390625
2022-05-03,28.049999237060547,5.400738716125488,126.30000305175781,32.80464172363281,91.25,11.604050636291504,172.39999389648438,17.608501434326172,6.150989532470703,246.9280548095703,26.084476470947266,17.750150680541992,21101.890625
2022-05-04,28.100000381469727,5.313000679016113,122.5,32.60063934326172,88.30000305175781,11.65096664428711,164.5,17.49188804626465,6.241334438323975,236.84532165527344,25.649734497070312,17.500900268554688,20869.51953125
2022-05-05,27.25,5.244760990142822,125.69999694824219,32.27422332763672,90.05000305175781,11.697883605957031,164.6999969482422,16.947696685791016,6.188632965087891,238.82232666015625,24.823726654052734,18.69373893737793,20793.400390625
2022-05-06,25.25,4.737832069396973,117.9000015258789,30.519750595092773,85.05000305175781,11.478938102722168,157.0,16.034231185913086,6.0531158447265625,223.9947967529297,23.389081954956055,17.269453048706055,20001.9609375
2022-05-10,24.700000762939453,4.338138103485107,109.5,29.989322662353516,79.44999694824219,11.213077545166016,151.8000030517578,14.926410675048828,6.030529499053955,205.60862731933594,23.171709060668945,17.180437088012695,19633.689453125
2022-05-11,25.700000762939453,4.357635498046875,110.5999984741211,29.41809844970703,87.19999694824219,11.134882926940918,161.39999389648438,15.256813049316406,6.015471458435059,205.80633544921875,22.736968994140625,17.767953872680664,19824.5703125
2022-05-12,24.299999237060547,4.0554280281066895,104.5,28.398054122924805,80.94999694824219,11.056689262390137,157.0,14.945846557617188,6.030529499053955,189.79258728027344,22.606544494628906,17.643329620361328,19380.33984375
2022-05-13,26.399999618530273,4.308892726898193,111.0,29.58130645751953,86.55000305175781,11.181800842285156,167.60000610351562,15.315120697021484,6.113346099853516,197.30520629882812,23.21518325805664,17.6611328125,19898.76953125
2022-05-16,26.75,4.75732946395874,113.30000305175781,31.00936508178711,85.19999694824219,11.259994506835938,163.5,15.237378120422363,6.158517360687256,197.7006072998047,22.910865783691406,17.69428825378418,19950.2109375
2022-05-17,27.5,4.7085862159729,119.30000305175781,31.376583099365234,93.30000305175781,11.259994506835938,173.6999969482422,15.470603942871094,6.27897834777832,212.33045959472656,23.345605850219727,17.856454849243164,20602.51953125
2022-05-18,27.700000762939453,4.737832069396973,121.30000305175781,32.07021713256836,93.94999694824219,11.494577407836914,172.0,15.470603942871094,6.241334438323975,209.95802307128906,23.910768508911133,17.856454849243164,20644.279296875
2022-05-19,26.850000381469727,4.815821170806885,117.5,32.19261932373047,93.4000015258789,11.322550773620605,165.5,14.654314994812012,6.2940354347229,198.0904541015625,22.563072204589844,17.261838912963867,20120.6796875
2022-05-20,27.649999618530273,4.874312877655029,123.5999984741211,32.5190315246582,97.0999984741211,11.353827476501465,173.0,14.868104934692383,6.429553031921387,209.78948974609375,23.78034782409668,18.063669204711914,20717.240234375
2022-05-23,27.25,4.776826858520508,123.0,32.02941131591797,92.19999694824219,11.385104179382324,167.6999969482422,14.712621688842773,6.429553031921387,210.97923278808594,22.9543399810791,17.69428825378418,20470.060546875
2022-05-24,26.700000762939453,4.698837757110596,117.30000305175781,31.74380111694336,89.80000305175781,11.369466781616211,159.60000610351562,13.604802131652832,6.444610595703125,199.8750457763672,22.084856033325195,17.496082305908203,20112.099609375
2022-05-25,26.450000762939453,4.767077922821045,115.5,31.74380111694336,89.25,11.338188171386719,159.6999969482422,13.585366249084473,6.519897937774658,196.90074157714844,22.606544494628906,17.47806167602539,20171.26953125
2022-05-26,26.200000762939453,4.640346050262451,115.69999694824219,31.580595016479492,88.44999694824219,11.322550773620605,158.60000610351562,13.46875286102295,6.48978328704834,195.71099853515625,22.650020599365234,17.29787826538086,20116.19921875
2022-05-27,26.350000381469727,4.669591903686523,132.1999969482422,31.5397891998291,94.55000305175781,11.478938102722168,163.89999389648438,13.799156188964844,6.700586795806885,206.6168670654297,23.12823486328125,17.874475479125977,20697.359375
2022-05-30,27.350000381469727,4.620848178863525,137.60000610351562,31.13178062438965,96.05000305175781,11.432021141052246,175.10000610351562,14.401654243469238,6.745760440826416,220.89366149902344,23.649925231933594,18.33395004272461,21123.9296875
2022-05-31,26.299999237060547,4.796323776245117,147.5,31.947811126708984,99.80000305175781,11.463299751281738,187.0,14.57657241821289,6.632829189300537,224.0662841796875,24.30203628540039,18.784414291381836,21415.19921875
2022-06-01,25.649999618530273,4.747580528259277,140.1999969482422,31.947811126708984,101.0,11.385104179382324,182.5,14.518266677856445,6.662944793701172,222.2816925048828,23.73687171936035,19.370018005371094,21294.939453125
2022-06-02,25.049999237060547,4.640346050262451,139.10000610351562,30.601350784301758,100.80000305175781,10.806466102600098,180.1999969482422,14.30447769165039,6.6027140617370605,219.50563049316406,23.78034782409668,19.55020523071289,21082.130859375
2022-06-06,26.0,4.611100196838379,146.3000030517578,30.15253448486328,113.30000305175781,11.213077545166016,198.10000610351562,15.198507308959961,6.617771625518799,229.816650390625,23.823820114135742,19.955625534057617,21653.900390625
2022-06-07,26.149999618530273,4.630000114440918,143.39999389648438,29.58130645751953,113.5,11.572772979736328,199.0,15.256813049316406,6.565069675445557,236.75677490234375,23.21518325805664,19.865530014038086,21531.669921875
2022-06-08,28.100000381469727,4.639999866485596,152.10000610351562,29.214088439941406,118.0999984741211,11.72916030883789,208.1999969482422,16.014793395996094,6.587656021118164,252.02499389648438,22.823917388916016,20.09076499938965,22014.58984375
2022-06-09,27.200000762939453,4.739999771118164,149.8000030517578,29.78531837463379,117.19999694824219,11.822993278503418,201.8000030517578,15.626086235046387,6.6027140617370605,246.86949157714844,22.432647705078125,19.415063858032227,21869.05078125
2022-06-10,27.299999237060547,4.639999866485596,149.89999389648438,27.214801788330078,122.69999694824219,11.65096664428711,201.1999969482422,15.606650352478027,6.512368679046631,248.65408325195312,22.389177322387695,19.18983268737793,21806.1796875
2022-06-13,26.25,4.269999980926514,139.10000610351562,26.03154754638672,119.0,11.338188171386719,188.1999969482422,14.693185806274414,6.406966209411621,237.15333557128906,21.824012756347656,18.60422706604004,21067.580078125
2022-06-14,26.649999618530273,4.190000057220459,136.1999969482422,26.480369567871094,123.30000305175781,11.244356155395508,194.39999389648438,14.61544418334961,6.406966209411621,239.13623046875,21.95443344116211,18.55918312072754,21067.990234375
2022-06-15,25.600000381469727,4.389999866485596,142.3000030517578,27.010791778564453,129.39999389648438,11.291272163391113,197.0,14.790363311767578,6.474725246429443,248.25750732421875,22.47612190246582,18.424041748046875,21308.2109375
2022-06-16,24.600000381469727,4.289999961853027,138.1999969482422,26.23556137084961,123.5999984741211,11.291272163391113,189.1999969482422,14.790363311767578,6.097881317138672,244.09344482421875,22.084856033325195,18.33395004272461,20845.4296875
2022-06-17,24.75,4.309999942779541,138.89999389648438,26.03154754638672,133.10000610351562,11.259994506835938,199.10000610351562,14.479395866394043,6.026328086853027,258.9651184082031,22.910865783691406,18.24385643005371,21075.0
2022-06-20,24.299999237060547,4.619999885559082,139.89999389648438,27.58201789855957,139.5,11.447661399841309,199.39999389648438,14.168429374694824,6.002477645874023,252.22328186035156,23.21518325805664,18.649274826049805,21163.91015625
2022-06-21,25.200000762939453,4.699999809265137,143.10000610351562,27.786027908325195,137.3000030517578,11.51021671295166,201.1999969482422,14.30447769165039,6.177384376525879,254.6027374267578,23.693397521972656,18.874507904052734,21559.58984375
2022-06-22,24.450000762939453,4.550000190734863,140.5,26.929183959960938,140.89999389648438,11.322550773620605,191.60000610351562,14.129558563232422,6.169434070587158,238.73963928222656,23.084758758544922,18.469087600708008,21008.33984375
2022-06-23,24.399999618530273,4.599999904632568,142.1999969482422,28.112445831298828,154.1999969482422,11.213077545166016,192.60000610351562,14.20729923248291,6.225086212158203,241.5157012939453,22.997814178466797,19.054691314697266,21273.869140625
2022-06-24,24.5,4.610000133514404,147.8000030517578,27.745222091674805,163.3000030517578,11.259994506835938,198.10000610351562,14.673750877380371,6.233036994934082,247.6626434326172,24.258562088012695,20.36104393005371,21719.060546875
2022-06-27,26.200000762939453,4.769999980926514,152.5,28.846872329711914,158.39999389648438,11.807356834411621,205.0,15.839875221252441,6.384091854095459,263.129150390625,24.910673141479492,20.180856704711914,22229.51953125
2022-06-28,26.200000762939453,4.820000171661377,154.6999969482422,29.74451446533203,158.3000030517578,11.822993278503418,207.60000610351562,17.686243057250977,6.479495048522949,257.18048095703125,25.084571838378906,21.036741256713867,22418.970703125
2022-06-29,25.799999237060547,4.849999904632568,150.0,30.0709285736084,144.3000030517578,11.63532829284668,202.8000030517578,17.802854537963867,6.384091854095459,249.24896240234375,24.910673141479492,20.58627700805664,21996.890625
2022-06-30,25.549999237060547,4.860000133514404,148.5,30.234132766723633,152.89999389648438,11.63532829284668,194.1999969482422,18.19156265258789,6.320489406585693,250.63697814941406,25.258466720581055,21.1718807220459,21859.7890625
2022-07-04,25.450000762939453,4.690000057220459,151.89999389648438,30.356544494628906,154.8000030517578,11.400744438171387,201.1999969482422,17.6279354095459,6.407943248748779,259.7582702636719,24.606355667114258,20.856555938720703,21830.349609375
2022-07-05,25.549999237060547,4.650000095367432,152.0,29.54050064086914,151.0,11.353827476501465,197.6999969482422,17.569629669189453,6.527197360992432,257.9736633300781,24.519407272338867,20.856555938720703,21853.0703125
2022-07-06,25.200000762939453,4.610000133514404,149.89999389648438,29.45889663696289,155.3000030517578,11.353827476501465,195.89999389648438,17.375274658203125,6.392043113708496,247.86093139648438,24.475933074951172,20.541229248046875,21586.66015625
2022-07-07,25.25,4.46999979019165,147.0,29.233190536499023,153.1999969482422,11.228717803955078,194.39999389648438,17.802854537963867,6.535148620605469,245.0848846435547,24.432458877563477,20.9466495513916,21643.580078125
2022-07-08,25.549999237060547,4.510000228881836,150.0,29.870548248291016,151.3000030517578,11.400744438171387,192.3000030517578,18.133256912231445,6.5908002853393555,243.69688415527344,24.12813949584961,20.811508178710938,21725.779296875
2022-07-11,25.399999618530273,4.150000095367432,144.8000030517578,27.788532257080078,145.1999969482422,11.181800842285156,181.60000610351562,16.656164169311523,6.51129674911499,232.98927307128906,24.171613693237305,20.36104393005371,21124.19921875
2022-07-12,24.450000762939453,4.010000228881836,142.3000030517578,27.831018447875977,144.0,11.009772300720215,178.0,16.403501510620117,6.471545219421387,228.82521057128906,24.207704544067383,20.270950317382812,20844.740234375
2022-07-13,24.700000762939453,3.6700000762939453,141.6999969482422,26.64129638671875,146.89999389648438,10.915940284729004,180.5,16.831083297729492,6.415892601013184,235.56704711914062,24.074697494506836,20.22590446472168,20797.94921875
2022-07-14,24.200000762939453,3.619999885559082,144.3000030517578,25.366594314575195,150.8000030517578,10.822104454040527,182.5,17.00600242614746,6.455644607543945,241.9122772216797,23.05495834350586,20.22590446472168,20751.2109375
2022-07-15,22.549999237060547,3.309999942779541,137.3000030517578,23.794456481933594,151.0,10.743911743164062,179.1999969482422,16.597858428955078,6.4238433837890625,234.5756072998047,22.3455753326416,20.180856704711914,20297.720703125
2022-07-18,22.799999237060547,3.509999990463257,141.39999389648438,24.771730422973633,152.6999969482422,10.962855339050293,189.6999969482422,16.811647415161133,6.670302867889404,241.9122772216797,22.87761116027832,20.22590446472168,20846.1796875
2022-07-19,22.399999618530273,3.4000000953674316,137.1999969482422,24.771730422973633,152.60000610351562,10.884662628173828,189.10000610351562,16.792213439941406,6.63850212097168,238.9379425048828,22.611595153808594,20.00067138671875,20661.060546875
2022-07-20,22.5,3.4000000953674316,140.60000610351562,24.134380340576172,141.6999969482422,10.978495597839355,194.6999969482422,17.00600242614746,6.6464524269104,243.4985809326172,22.92194938659668,20.180856704711914,20890.220703125
2022-07-21,20.149999618530273,3.180000066757202,139.10000610351562,22.392282485961914,139.1999969482422,10.775188446044922,190.39999389648438,16.7144718170166,6.614650249481201,245.2831573486328,22.74460220336914,20.406089782714844,20574.630859375
2022-07-22,19.799999237060547,3.140000104904175,140.10000610351562,22.604736328125,141.60000610351562,11.04104995727539,191.6999969482422,17.3558406829834,6.519246578216553,244.88661193847656,22.87761116027832,20.541229248046875,20609.140625
2022-07-25,19.760000228881836,3.2799999713897705,138.0,24.134380340576172,133.1999969482422,11.087966918945312,188.1999969482422,17.375274658203125,6.551048278808594,244.88661193847656,22.74460220336914,20.67637062072754,20562.939453125
2022-07-26,20.25,3.7200000286102295,140.1999969482422,25.026670455932617,137.10000610351562,11.181800842285156,190.6999969482422,18.172128677368164,6.662352561950684,249.24896240234375,23.05495834350586,20.9466495513916,20905.880859375
2022-07-27,19.8799991607666,3.1600000858306885,136.3000030517578,23.921932220458984,131.5,11.197439193725586,190.10000610351562,17.977773666381836,6.662352561950684,246.6712188720703,23.099294662475586,20.9916934967041,20670.0390625
2022-07-28,20.350000381469727,3.1700000762939453,138.60000610351562,23.624500274658203,130.10000610351562,11.400744438171387,188.0,18.308176040649414,6.733905792236328,242.90371704101562,23.010623931884766,21.352067947387695,20622.6796875
2022-07-29,19.959999084472656,3.0299999713897705,132.5,22.264816284179688,126.0999984741211,11.16616153717041,176.3000030517578,17.880596160888672,6.733905792236328,231.79954528808594,22.256900787353516,19.595252990722656,20156.509765625
2022-08-01,19.979999542236328,2.9100000858306885,134.39999389648438,22.647226333618164,134.10000610351562,10.540606498718262,180.0,17.938901901245117,6.694153785705566,232.98927307128906,22.035221099853516,20.67637062072754,20165.83984375
2022-08-02,19.299999237060547,2.7200000286102295,128.8000030517578,21.58497428894043,133.10000610351562,10.446771621704102,176.1999969482422,17.219791412353516,6.574899196624756,226.24745178222656,21.2814998626709,20.541229248046875,19689.2109375
2022-08-03,19.719999313354492,2.680000066757202,130.3000030517578,21.330036163330078,132.3000030517578,10.446771621704102,177.10000610351562,17.783418655395508,6.63850212097168,231.20468139648438,21.104154586791992,20.135812759399414,19767.08984375
2022-08-04,20.549999237060547,2.6700000762939453,135.8000030517578,21.117582321166992,134.3000030517578,10.587523460388184,183.8000030517578,17.725112915039062,6.670302867889404,243.89515686035156,20.838134765625,20.67637062072754,20174.0390625
2022-08-05,20.549999237060547,2.7100000381469727,137.8000030517578,21.66995620727539,132.89999389648438,10.743911743164062,183.5,17.49188804626465,6.725955486297607,243.30029296875,20.926807403564453,20.63132095336914,20201.939453125
2022-08-08,20.350000381469727,2.5299999713897705,135.3000030517578,21.032602310180664,132.0,10.60316276550293,179.60000610351562,17.258663177490234,6.741855621337891,235.3687286376953,21.01548194885254,20.721416473388672,20045.76953125
2022-08-09,20.350000381469727,2.509999990463257,134.5,21.245054244995117,126.80000305175781,10.650077819824219,176.0,17.14204978942871,6.773656845092773,226.64404296875,20.97114372253418,20.766462326049805,20003.439453125
2022-08-10,19.940000534057617,2.3299999237060547,130.10000610351562,17.760866165161133,120.5999984741211,10.384217262268066,169.60000610351562,16.9865665435791,6.725955486297607,216.53131103515625,20.483444213867188,20.315996170043945,19610.83984375
2022-08-11,20.5,2.380000114440918,136.8000030517578,18.780628204345703,124.30000305175781,10.524967193603516,176.39999389648438,17.375274658203125,6.8054585456848145,219.30735778808594,21.104154586791992,20.721416473388672,20082.4296875
2022-08-12,20.899999618530273,2.430000066757202,136.39999389648438,18.738134384155273,126.4000015258789,10.462411880493164,179.10000610351562,17.29753303527832,6.733905792236328,220.69537353515625,21.325836181640625,20.406089782714844,20175.619140625
2022-08-15,21.0,2.319999933242798,135.0,18.823116302490234,124.69999694824219,10.35293960571289,180.89999389648438,17.29753303527832,6.7021050453186035,220.29879760742188,20.838134765625,20.406089782714844,20040.859375
2022-08-16,20.75,2.5299999713897705,134.10000610351562,21.160072326660156,122.9000015258789,10.384217262268066,164.5,17.04487419128418,6.606700897216797,219.30735778808594,20.749462127685547,20.315996170043945,19830.51953125
2022-08-17,20.850000381469727,2.5199999809265137,132.8000030517578,21.032602310180664,122.4000015258789,10.415493965148926,170.0,16.967130661010742,6.71800422668457,221.2902374267578,21.414508819580078,20.541229248046875,19922.44921875
2022-08-18,20.25,2.390000104904175,128.3000030517578,20.69268226623535,119.5,10.446771621704102,171.10000610351562,16.461811065673828,6.654402256011963,215.73817443847656,20.838134765625,20.811508178710938,19763.91015625
2022-08-19,20.649999618530273,2.490000009536743,127.69999694824219,21.245054244995117,120.5,10.337302207946777,169.89999389648438,16.325761795043945,6.7021050453186035,215.34156799316406,21.14849090576172,20.9466495513916,19773.029296875
2022-08-22,20.75,2.569999933242798,128.89999389648438,21.457504272460938,118.80000305175781,10.509328842163086,171.10000610351562,16.2674560546875,6.654402256011963,216.92788696289062,20.97114372253418,20.45113754272461,19656.98046875
2022-08-23,20.850000381469727,2.5799999237060547,130.8000030517578,21.4999942779541,119.69999694824219,10.35293960571289,168.6999969482422,15.995359420776367,6.495396137237549,219.50563049316406,20.838134765625,20.270950317382812,19503.25
2022-08-24,20.799999237060547,2.4800000190734863,129.89999389648438,20.862640380859375,113.30000305175781,10.071439743041992,164.10000610351562,15.72326374053955,6.360240936279297,219.90220642089844,20.70512580871582,20.00067138671875,19268.740234375
2022-08-25,21.850000381469727,2.569999933242798,141.8000030517578,21.457504272460938,116.0999984741211,10.040160179138184,177.3000030517578,16.325761795043945,6.4238433837890625,244.09344482421875,21.68052864074707,20.496183395385742,19968.380859375
2022-08-26,22.25,2.630000114440918,145.39999389648438,22.68971824645996,118.4000015258789,10.290384292602539,181.89999389648438,16.558988571166992,6.527197360992432,246.2746124267578,21.458847045898438,20.90160369873047,20170.0390625
2022-08-29,21.549999237060547,2.5999999046325684,145.8000030517578,22.052364349365234,117.0,10.259106636047363,186.6999969482422,16.481245040893555,6.431794166564941,242.90371704101562,21.104154586791992,20.67637062072754,20023.220703125
2022-08-30,22.100000381469727,2.490000009536743,146.3000030517578,21.542484283447266,115.5,10.259106636047363,185.0,16.7144718170166,6.503346920013428,244.88661193847656,22.21256446838379,20.63132095336914,19949.029296875
2022-08-31,23.149999618530273,2.3299999237060547,141.5,21.754934310913086,115.19999694824219,10.227828025817871,189.8000030517578,17.20035743713379,6.447693824768066,244.68832397460938,22.87761116027832,20.856555938720703,19954.390625
2022-09-01,22.799999237060547,2.309999942779541,141.0,21.160072326660156,111.0999984741211,10.290384292602539,178.6999969482422,16.675600051879883,6.384091854095459,242.90371704101562,23.2323055267334,19.685344696044922,19597.310546875
2022-09-02,22.649999618530273,2.1700000762939453,139.3000030517578,21.032602310180664,108.9000015258789,10.337302207946777,176.1999969482422,16.753339767456055,6.384091854095459,241.9122772216797,22.611595153808594,20.09076499938965,19452.08984375
2022-09-05,22.049999237060547,2.1500000953674316,137.10000610351562,21.202564239501953,106.19999694824219,10.165273666381836,173.60000610351562,16.22858428955078,6.463595390319824,234.7738800048828,21.94654655456543,19.55020523071289,19225.69921875
2022-09-06,22.299999237060547,2.3499999046325684,137.5,22.434776306152344,105.19999694824219,10.212190628051758,173.39999389648438,16.384069442749023,6.431794166564941,234.5756072998047,22.035221099853516,19.64029884338379,19202.73046875
2022-09-07,22.200000762939453,2.359999895095825,132.39999389648438,22.604736328125,104.9000015258789,10.196551322937012,172.10000610351562,16.42293930053711,6.479495048522949,231.79954528808594,22.389909744262695,19.054691314697266,19044.30078125
2022-09-08,22.350000381469727,2.200000047683716,132.3000030517578,22.349794387817383,101.80000305175781,10.384217262268066,171.5,16.209150314331055,6.415892601013184,233.18756103515625,22.567256927490234,18.964599609375,18854.619140625
2022-09-09,23.5,2.569999933242798,137.39999389648438,24.006912231445312,103.5999984741211,10.558608055114746,179.89999389648438,16.792213439941406,6.519246578216553,241.31739807128906,23.010623931884766,19.279924392700195,19362.25
2022-09-13,23.700000762939453,2.4800000190734863,136.10000610351562,24.091890335083008,103.5,10.828123092651367,177.8000030517578,17.18092155456543,6.519246578216553,231.40296936035156,22.92194938659668,19.685344696044922,19326.859375
2022-09-14,22.450000762939453,2.4100000858306885,128.39999389648438,23.497028350830078,106.0999984741211,10.717146873474121,173.8000030517578,17.20035743713379,6.352290630340576,221.6868133544922,22.966283798217773,19.279924392700195,18847.099609375
2022-09-15,22.5,2.619999885559082,127.5,24.60177230834961,103.69999694824219,10.62202262878418,175.39999389648438,16.85051918029785,6.320489406585693,224.8594512939453,23.143630981445312,19.64029884338379,18930.380859375
2022-09-16,21.100000381469727,2.4200000762939453,122.5,23.879440307617188,99.0999984741211,10.812270164489746,171.89999389648438,17.49188804626465,6.320489406585693,221.09194946289062,22.522920608520508,20.270950317382812,18761.689453125
2022-09-19,20.799999237060547,2.3399999141693115,121.0999984741211,22.434776306152344,94.0999984741211,10.733000755310059,169.39999389648438,17.394710540771484,6.352290630340576,215.53985595703125,22.611595153808594,20.270950317382812,18565.970703125
2022-09-20,21.149999618530273,2.2799999713897705,124.5,22.604736328125,99.5999984741211,10.764707565307617,172.60000610351562,18.735755920410156,6.4238433837890625,223.07484436035156,22.700267791748047,20.45113754272461,18781.419921875
2022-09-21,20.850000381469727,2.190000057220459,121.0,21.96738624572754,97.5,10.733000755310059,167.5,18.36648178100586,6.448299884796143,216.53131103515625,21.99088478088379,20.045717239379883,18444.619140625
2022-09-22,20.100000381469727,2.2100000381469727,118.5,21.88240623474121,93.5999984741211,10.542754173278809,164.89999389648438,17.861160278320312,6.383083343505859,210.3843536376953,21.591854095458984,20.36104393005371,18147.94921875
2022-09-23,19.799999237060547,2.140000104904175,116.4000015258789,21.754934310913086,95.19999694824219,10.51104736328125,160.3000030517578,17.14204978942871,6.431995391845703,203.24595642089844,20.882469177246094,19.910579681396484,17933.26953125
2022-09-26,19.5,2.180000066757202,117.19999694824219,22.179834365844727,99.19999694824219,10.352510452270508,167.5,19.824138641357422,5.9754791259765625,208.20318603515625,21.636192321777344,19.595252990722656,17855.140625
2022-09-27,19.040000915527344,2.1700000762939453,118.5,22.0948543548584,103.5,10.495193481445312,174.1999969482422,20.455791473388672,6.105912208557129,211.17752075195312,21.724863052368164,19.279924392700195,17860.310546875
2022-09-28,18.219999313354492,1.8899999856948853,114.19999694824219,20.947622299194336,95.3499984741211,10.051288604736328,168.8000030517578,19.775550842285156,6.008087635040283,199.2801971435547,21.636192321777344,18.73936653137207,17250.880859375
2022-09-29,17.68000030517578,1.6699999570846558,115.4000015258789,19.37548828125,94.44999694824219,10.146410942077637,170.1999969482422,19.26051139831543,5.9265666007995605,200.27163696289062,21.325836181640625,18.73936653137207,17165.869140625
2022-09-30,17.600000381469727,1.8200000524520874,114.0999984741211,19.16303825378418,90.5999984741211,10.20982551574707,165.60000610351562,19.143901824951172,6.032543659210205,196.90074157714844,21.325836181640625,18.51413345336914,17222.830078125
2022-10-03,17.200000762939453,1.9800000190734863,114.4000015258789,20.69268226623535,90.25,10.225678443908691,161.6999969482422,19.39655876159668,6.008087635040283,191.74520874023438,21.2814998626709,18.55918312072754,17079.509765625
2022-10-05,18.600000381469727,1.9600000381469727,123.0999984741211,20.77766227722168,95.6500015258789,10.606170654296875,174.89999389648438,20.455791473388672,6.171128749847412,211.17752075195312,22.966283798217773,19.595252990722656,18087.970703125
2022-10-06,18.899999618530273,1.8899999856948853,122.0999984741211,20.39525032043457,94.5999984741211,10.780562400817871,177.10000610351562,20.650144577026367,6.179280757904053,205.0305633544922,22.74460220336914,19.820486068725586,18012.150390625
2022-10-07,18.1200008392334,1.7599999904632568,119.5,18.568178176879883,80.6500015258789,10.590314865112305,172.89999389648438,21.03885269165039,6.146673202514648,197.69386291503906,22.47858428955078,19.55020523071289,17740.05078125
2022-10-10,17.68000030517578,1.7699999809265137,116.0999984741211,18.568178176879883,77.80000305175781,10.463486671447754,161.3000030517578,19.105030059814453,5.999935150146484,190.35720825195312,21.636192321777344,18.73936653137207,17216.66015625
2022-10-11,17.020000457763672,1.6100000143051147,109.4000015258789,16.996042251586914,76.0,10.241533279418945,151.39999389648438,18.288740158081055,5.999935150146484,180.83934020996094,21.2814998626709,18.469087600708008,16832.359375
2022-10-12,17.079999923706055,1.5299999713897705,107.0,16.894065856933594,81.19999694824219,10.304948806762695,150.39999389648438,17.589065551757812,5.89395809173584,183.71453857421875,21.458847045898438,17.784379959106445,16701.029296875
2022-10-13,16.600000381469727,1.3799999952316284,102.19999694824219,15.806319236755371,79.6500015258789,10.289093017578125,146.0,16.2674560546875,5.869502067565918,175.08897399902344,20.838134765625,17.568159103393555,16389.109375
2022-10-14,17.280000686645508,1.440000057220459,104.4000015258789,16.282209396362305,78.05000305175781,10.320801734924316,149.0,15.781569480895996,5.902109622955322,173.30435180664062,21.37017250061035,17.18976593017578,16587.689453125
2022-10-17,17.540000915527344,1.4500000476837158,98.8499984741211,16.112245559692383,74.9000015258789,10.320801734924316,149.6999969482422,15.548344612121582,5.959175109863281,170.42916870117188,21.37017250061035,17.045618057250977,16612.900390625
2022-10-18,18.399999618530273,1.409999966621399,102.0999984741211,16.21422576904297,74.9000015258789,10.368363380432129,154.0,15.72326374053955,5.9265666007995605,176.7744140625,21.902210235595703,17.27985954284668,16914.580078125
2022-10-19,17.860000610351562,1.3799999952316284,99.55000305175781,15.97628116607666,71.80000305175781,10.320801734924316,144.5,14.868104934692383,5.999935150146484,166.95912170410156,20.306095123291016,17.063636779785156,16511.279296875
2022-10-20,18.31999969482422,1.340000033378601,91.5,15.687344551086426,68.69999694824219,10.178116798400879,140.8000030517578,14.654314994812012,5.991782188415527,160.61387634277344,20.217424392700195,16.252798080444336,16280.2197265625
2022-10-21,18.139999389648438,1.4299999475479126,89.75,16.23122215270996,67.69999694824219,9.750066757202148,141.60000610351562,14.44052505493164,6.032543659210205,161.90277099609375,19.641048431396484,15.387904167175293,16211.1201171875
2022-10-24,15.640000343322754,1.2999999523162842,78.80000305175781,13.783790588378906,62.45000076293945,9.020794868469238,120.5999984741211,13.604802131652832,5.959175109863281,140.5867156982422,18.39963150024414,14.937437057495117,15180.6904296875
2022-10-25,15.579999923706055,1.2799999713897705,80.1500015258789,13.783790588378906,59.79999923706055,8.989087104797363,123.5,13.3327054977417,6.203737258911133,147.62596130371094,18.842994689941406,14.829325675964355,15165.58984375
2022-10-26,15.220000267028809,1.3200000524520874,80.5,13.239917755126953,62.20000076293945,8.402497291564941,129.6999969482422,13.643671989440918,6.105912208557129,147.1302490234375,18.621313095092773,15.135643005371094,15317.669921875
2022-10-27,15.640000343322754,1.2100000381469727,80.25,12.560075759887695,60.25,8.529325485229492,131.8000030517578,13.721414566040039,6.040695667266846,155.75582885742188,18.798660278320312,16.162704467773438,15427.9404296875
2022-10-28,14.479999542236328,1.1200000047683716,75.69999694824219,11.14940357208252,53.70000076293945,8.180543899536133,121.80000305175781,12.749642372131348,5.9754791259765625,145.3456573486328,18.13361167907715,15.117624282836914,14863.0595703125
2022-10-31,14.619999885559082,1.0099999904632568,75.0999984741211,8.498021125793457,53.54999923706055,7.823834419250488,124.80000305175781,13.31326961517334,5.730916500091553,143.85848999023438,17.415361404418945,14.883382797241211,14687.01953125
2022-11-01,16.100000381469727,1.0499999523162842,80.75,9.19485855102539,56.70000076293945,7.895174503326416,139.60000610351562,14.848669052124023,5.787981033325195,155.9541015625,18.488304138183594,15.856389045715332,15455.26953125
2022-11-02,16.979999542236328,1.190000057220459,81.05000305175781,10.928454399108887,62.54999923706055,7.792126655578613,146.6999969482422,16.636730194091797,5.885806083679199,160.21731567382812,18.976003646850586,16.396947860717773,15827.169921875
2022-11-03,16.579999923706055,1.159999966621399,75.8499984741211,10.027665138244629,63.650001525878906,8.1171293258667,141.5,15.74269962310791,5.755372047424316,151.19515991210938,18.22228240966797,16.270814895629883,15339.490234375
2022-11-04,17.860000610351562,1.2699999809265137,82.5999984741211,10.86047077178955,74.80000305175781,8.529325485229492,149.5,16.42293930053711,5.910261631011963,170.1317596435547,19.508041381835938,17.1717472076416,16161.1396484375
2022-11-07,18.0,1.409999966621399,85.8499984741211,11.455330848693848,74.75,8.767134666442871,153.0,16.558988571166992,6.065152168273926,175.48553466796875,19.77406120300293,17.60419464111328,16595.91015625
2022-11-08,17.18000030517578,1.440000057220459,83.6500015258789,11.387348175048828,69.94999694824219,8.989087104797363,148.8000030517578,17.16148567199707,6.1140642166137695,176.67526245117188,19.419368743896484,17.08165168762207,16557.310546875
2022-11-09,16.600000381469727,1.6399999856948853,80.25,11.846240997314453,69.0,8.81469440460205,144.3000030517578,16.675600051879883,6.089608192443848,170.62747192382812,19.46370506286621,16.829395294189453,16358.51953125
2022-11-10,16.1200008392334,1.659999966621399,78.30000305175781,11.982211112976074,64.25,8.830548286437988,141.89999389648438,16.325761795043945,5.991782188415527,164.38136291503906,19.286357879638672,17.20778465270996,16081.0400390625
2022-11-11,17.81999969482422,2.240000009536743,85.44999694824219,15.466399192810059,71.69999694824219,9.623235702514648,159.60000610351562,18.21099853515625,6.203737258911133,190.85292053222656,21.237163543701172,18.01862335205078,17325.66015625
2022-11-14,18.68000030517578,3.259999990463257,88.69999694824219,18.015806198120117,71.80000305175781,9.987874031066895,156.5,18.21099853515625,6.260801315307617,199.08192443847656,21.76919937133789,18.649274826049805,17619.7109375
2022-11-15,19.899999618530273,3.200000047683716,97.0,18.313234329223633,75.9000015258789,10.431778907775879,166.39999389648438,19.318819046020508,6.521668910980225,215.53985595703125,22.389909744262695,18.874507904052734,18343.119140625
2022-11-16,19.219999313354492,2.7100000381469727,96.5999984741211,17.293476104736328,73.0,10.526901245117188,162.3000030517578,19.4354305267334,6.358626842498779,210.97923278808594,21.813539505004883,19.730392456054688,18256.48046875
2022-11-17,18.760000228881836,2.7899999618530273,92.94999694824219,17.335962295532227,69.1500015258789,10.257386207580566,153.0,19.39655876159668,6.2852582931518555,208.59974670410156,21.591854095458984,19.685344696044922,18045.66015625
2022-11-18,18.559999465942383,2.609999895095825,93.75,17.081022262573242,70.4000015258789,10.193971633911133,160.39999389648438,19.066158294677734,6.1140642166137695,216.13473510742188,21.68052864074707,20.180856704711914,17992.5390625
2022-11-21,17.68000030517578,2.4800000190734863,91.75,16.537147521972656,68.8499984741211,10.162264823913574,152.5,17.589065551757812,6.171128749847412,204.83229064941406,21.591854095458984,18.919553756713867,17655.91015625
2022-11-22,17.260000228881836,2.3299999237060547,89.9000015258789,15.772323608398438,65.5,10.035433769226074,139.89999389648438,17.29753303527832,6.236345291137695,195.90928649902344,21.591854095458984,18.51413345336914,17424.41015625
2022-11-23,17.299999237060547,2.3499999046325684,92.94999694824219,16.24821662902832,67.19999694824219,10.130558013916016,138.39999389648438,17.219791412353516,6.334171295166016,202.4528045654297,21.414508819580078,18.28890037536621,17523.810546875
2022-11-24,17.799999237060547,2.8299999237060547,95.4000015258789,18.233644485473633,70.44999694824219,10.320801734924316,138.89999389648438,17.530759811401367,6.374931335449219,198.28875732421875,21.857873916625977,18.378995895385742,17660.900390625
2022-11-25,17.6200008392334,3.0999999046325684,92.44999694824219,18.92661476135254,66.8499984741211,10.526901245117188,136.60000610351562,16.85051918029785,6.399387359619141,196.99986267089844,21.724863052368164,18.01862335205078,17573.580078125
2022-11-28,16.65999984741211,2.9200000762939453,90.05000305175781,17.973785400390625,63.5,10.257386207580566,139.39999389648438,18.269304275512695,6.228193759918213,188.4734649658203,20.926807403564453,18.469087600708008,17297.939453125
2022-11-29,19.0,3.049999952316284,98.1500015258789,20.00937271118164,71.69999694824219,10.669585227966309,155.39999389648438,19.318819046020508,6.3504743576049805,208.996337890625,22.522920608520508,19.18983268737793,18204.6796875
2022-11-30,20.100000381469727,3.009999990463257,101.5999984741211,20.39916229248047,78.05000305175781,11.398859024047852,163.60000610351562,20.407203674316406,6.513516902923584,216.92788696289062,22.700267791748047,20.180856704711914,18597.23046875
2022-12-01,20.950000762939453,2.9700000286102295,106.80000305175781,20.09599494934082,79.80000305175781,11.430566787719727,163.0,20.844501495361328,6.399387359619141,215.14328002929688,22.47858428955078,21.126834869384766,18736.439453125
2022-12-02,20.799999237060547,2.8499999046325684,106.0999984741211,19.22978973388672,81.0999984741211,10.986660957336426,168.0,20.747323989868164,6.146673202514648,215.34156799316406,22.434247970581055,21.397113800048828,18675.349609375
2022-12-05,23.049999237060547,3.0999999046325684,117.9000015258789,22.521371841430664,91.0,11.430566787719727,174.3000030517578,23.61404800415039,6.268953800201416,239.53280639648438,23.58699607849121,21.802534103393555,19518.2890625
2022-12-06,22.049999237060547,3.1700000762939453,115.5,22.607994079589844,89.30000305175781,11.620810508728027,173.8000030517578,24.002758026123047,6.374931335449219,233.78244018554688,23.18796730041504,22.162906646728516,19441.1796875
2022-12-07,21.049999237060547,2.680000066757202,111.30000305175781,19.87944221496582,87.80000305175781,11.335443496704102,167.5,22.836631774902344,6.277105808258057,219.90220642089844,22.21256446838379,21.53225326538086,18814.8203125
2022-12-08,22.600000381469727,2.819999933242798,116.5999984741211,21.56854248046875,93.0999984741211,11.430566787719727,178.3000030517578,25.12029457092285,6.277105808258057,231.99783325195312,23.099294662475586,21.71244239807129,19450.23046875
2022-12-09,22.450000762939453,3.059999942779541,123.0,25.5530948638916,94.0,11.890324592590332,188.5,25.557592391967773,6.4238433837890625,234.7738800048828,23.808677673339844,22.072813034057617,19900.869140625
2022-12-12,21.799999237060547,2.9000000953674316,114.4000015258789,22.73792266845703,82.69999694824219,11.589102745056152,175.39999389648438,24.731586456298828,6.374931335449219,228.0320587158203,23.05495834350586,21.622344970703125,19463.630859375
2022-12-13,22.200000762939453,2.7799999713897705,114.0999984741211,22.261512756347656,81.5,11.826910972595215,179.0,25.800533294677734,6.374931335449219,226.04916381835938,23.143630981445312,22.11785888671875,19596.19921875
2022-12-14,22.049999237060547,2.700000047683716,118.19999694824219,22.044960021972656,81.9000015258789,11.73178768157959,182.8000030517578,25.21747398376465,6.44014835357666,226.04916381835938,23.409650802612305,22.298046112060547,19673.44921875
2022-12-15,21.25,2.690000057220459,113.30000305175781,21.91502571105957,80.6500015258789,11.811056137084961,176.8000030517578,24.925939559936523,6.431995391845703,219.7039337158203,23.276641845703125,21.667394638061523,19368.58984375
2022-12-16,21.25,2.8499999046325684,112.5,22.348129272460938,82.0,11.811056137084961,175.89999389648438,25.16888427734375,6.4972124099731445,223.07484436035156,23.58699607849121,22.027769088745117,19450.669921875
2022-12-19,20.75,2.950000047683716,111.0999984741211,22.174888610839844,81.19999694824219,11.969594955444336,178.8000030517578,24.197111129760742,6.431995391845703,222.2816925048828,23.45398712158203,22.298046112060547,19352.810546875
2022-12-20,20.25,2.690000057220459,106.5,20.70233726501465,77.8499984741211,11.700079917907715,175.5,24.488643646240234,6.407539367675781,218.51419067382812,22.788938522338867,21.84758186340332,19094.80078125
2022-12-21,20.299999237060547,2.6500000953674316,106.69999694824219,20.659027099609375,79.30000305175781,11.573250770568848,174.1999969482422,24.440053939819336,6.374931335449219,217.1261749267578,23.45398712158203,21.622344970703125,19160.490234375
2022-12-22,21.450000762939453,2.680000066757202,112.5999984741211,21.178752899169922,83.5,11.66837215423584,186.1999969482422,24.634408950805664,6.554277420043945,230.6098175048828,24.074697494506836,22.298046112060547,19679.220703125
2022-12-23,20.950000762939453,2.680000066757202,112.0,20.962202072143555,79.55000305175781,11.73178768157959,183.1999969482422,24.294288635253906,6.4238433837890625,225.85089111328125,23.58699607849121,22.253000259399414,19593.060546875
2022-12-28,21.600000381469727,2.630000114440918,113.19999694824219,21.04882049560547,74.25,12.17569351196289,184.1999969482422,24.68299674987793,6.692862510681152,228.4286346435547,23.941688537597656,22.883649826049805,19898.91015625
2022-12-29,21.0,2.619999885559082,110.0,20.442476272583008,74.5,12.04886245727539,183.8000030517578,25.071704864501953,6.627646446228027,216.13473510742188,23.675668716430664,22.523279190063477,19741.140625
2022-12-30,21.5,2.6700000762939453,111.69999694824219,21.04882049560547,76.80000305175781,12.09642505645752,174.6999969482422,25.16888427734375,6.717318534851074,218.31591796875,23.58699607849121,22.11785888671875,19781.41015625
2023-01-03,21.700000762939453,2.690000057220459,114.80000305175781,20.918888092041016,84.8499984741211,12.492769241333008,176.8000030517578,26.140653610229492,6.709166049957275,222.87655639648438,23.58699607849121,22.478233337402344,20145.2890625
2023-01-04,23.950000762939453,2.890000104904175,124.19999694824219,23.387577056884766,84.25,12.492769241333008,181.3000030517578,27.25819206237793,6.823296070098877,238.9379425048828,24.473726272583008,23.018789291381836,20793.109375
2023-01-05,25.0,2.859999895095825,126.0,23.387577056884766,89.30000305175781,12.28666877746582,190.8000030517578,27.015247344970703,6.872208595275879,245.2831573486328,25.183107376098633,23.82962989807129,21052.169921875
2023-01-06,25.149999618530273,3.0299999713897705,127.30000305175781,23.820682525634766,83.44999694824219,12.223254203796387,182.6999969482422,26.237831115722656,6.774383544921875,247.86093139648438,24.917089462280273,24.235048294067383,20991.640625
2023-01-09,26.200000762939453,2.9800000190734863,131.39999389648438,23.257646560668945,82.94999694824219,11.826910972595215,180.60000610351562,27.209604263305664,6.847751617431641,247.86093139648438,25.67081069946289,24.32513999938965,21388.33984375
2023-01-10,26.100000381469727,2.9000000953674316,130.60000610351562,22.564680099487305,88.55000305175781,11.937886238098145,178.5,28.521495819091797,6.831448078155518,247.86093139648438,25.6264705657959,23.73953628540039,21331.4609375
2023-01-11,26.600000381469727,2.9200000762939453,133.8000030517578,22.47806167602539,87.6500015258789,11.557395935058594,174.0,27.598312377929688,6.937424659729004,244.4900360107422,25.848155975341797,22.883649826049805,21436.05078125
2023-01-12,26.350000381469727,2.8499999046325684,132.60000610351562,21.655166625976562,88.55000305175781,11.604957580566406,173.0,27.306781768798828,7.190139293670654,245.2831573486328,25.715145111083984,22.92869758605957,21514.099609375
2023-01-13,27.049999237060547,2.9100000858306885,133.89999389648438,21.655166625976562,87.5,11.747641563415527,171.1999969482422,27.938430786132812,7.157531261444092,246.07632446289062,26.20284652709961,23.28907012939453,21738.66015625
2023-01-16,27.0,2.869999885559082,134.3000030517578,21.178752899169922,86.0,11.684226989746094,165.60000610351562,27.938430786132812,7.271660804748535,241.71397399902344,27.17824935913086,23.1539306640625,21746.720703125
2023-01-17,26.899999618530273,2.8299999237060547,132.10000610351562,21.092130661010742,86.5999984741211,11.747641563415527,164.8000030517578,27.161014556884766,7.198290824890137,237.5499267578125,26.60187530517578,22.838605880737305,21577.640625
2023-01-18,27.100000381469727,2.6500000953674316,128.60000610351562,20.832265853881836,85.44999694824219,11.763495445251465,163.60000610351562,28.18137550354004,7.230899810791016,233.38584899902344,26.20284652709961,22.34309196472168,21678.0
2023-01-19,26.799999237060547,2.7799999713897705,125.0999984741211,21.56854248046875,85.0,11.874469757080078,160.1999969482422,28.91020393371582,7.198290824890137,229.816650390625,26.15850830078125,22.388137817382812,21650.98046875
2023-01-20,27.5,2.880000114440918,131.1999969482422,21.655166625976562,85.1500015258789,11.890324592590332,168.10000610351562,29.15314483642578,7.345030307769775,236.75677490234375,26.646209716796875,22.523279190063477,22044.650390625
2023-01-26,28.200000762939453,3.049999952316284,134.5,23.430885314941406,95.5,12.143986701965332,172.39999389648438,28.521495819091797,7.508071422576904,243.30029296875,27.222585678100586,22.92869758605957,22566.779296875
2023-01-27,28.100000381469727,3.240000009536743,136.89999389648438,24.42702865600586,97.44999694824219,12.318377494812012,174.89999389648438,29.687620162963867,7.548832416534424,249.24896240234375,26.9122314453125,22.748510360717773,22688.900390625
2023-01-30,26.399999618530273,2.9700000286102295,136.10000610351562,23.041095733642578,93.5999984741211,12.350085258483887,173.5,28.03561019897461,7.548832416534424,235.3687286376953,25.93682861328125,22.568323135375977,22069.73046875
2023-01-31,26.100000381469727,2.940000057220459,132.39999389648438,22.434749603271484,95.0,11.700079917907715,174.60000610351562,28.4729061126709,7.467310428619385,229.61837768554688,25.537799835205078,22.253000259399414,21842.330078125
2023-02-01,26.450000762939453,3.0299999713897705,144.3000030517578,22.39143943786621,103.9000015258789,12.033010482788086,180.10000610351562,29.10455894470215,7.556983947753906,235.96360778808594,26.114173889160156,22.298046112060547,22072.1796875
2023-02-02,26.200000762939453,2.9100000858306885,151.5,22.131576538085938,105.9000015258789,12.365939140319824,176.60000610351562,28.327138900756836,7.508071422576904,234.3772735595703,25.848155975341797,22.162906646728516,21958.359375
2023-02-03,25.899999618530273,2.799999952316284,144.8000030517578,21.52523422241211,101.69999694824219,12.698868751525879,172.8000030517578,28.03561019897461,7.402094841003418,228.82521057128906,25.6264705657959,22.027769088745117,21660.470703125
2023-02-06,24.0,2.700000047683716,140.89999389648438,21.005508422851562,98.4000015258789,12.365939140319824,164.10000610351562,27.355369567871094,7.320572853088379,220.69537353515625,24.872753143310547,21.577301025390625,21222.16015625
2023-02-07,23.549999237060547,2.759999990463257,162.5,21.30868148803711,100.0,12.524476051330566,163.6999969482422,27.355369567871094,7.3042683601379395,220.69537353515625,25.360454559326172,21.21692657470703,21298.69921875
2023-02-08,23.350000381469727,2.700000047683716,157.39999389648438,21.611854553222656,100.4000015258789,12.508622169494629,153.10000610351562,27.209604263305664,7.475462913513184,217.324462890625,25.582136154174805,21.126834869384766,21283.51953125
2023-02-09,24.299999237060547,2.740000009536743,151.60000610351562,22.261512756347656,102.80000305175781,12.619598388671875,153.5,28.667261123657227,7.4347028732299805,222.6782684326172,26.025501251220703,21.352067947387695,21624.359375
2023-02-10,23.25,2.6700000762939453,140.39999389648438,21.958337783813477,94.94999694824219,12.667159080505371,148.10000610351562,27.938430786132812,7.442853927612305,208.59974670410156,25.360454559326172,20.63132095336914,21190.419921875
2023-02-13,23.350000381469727,2.690000057220459,143.10000610351562,22.044960021972656,95.55000305175781,12.3976469039917,148.1999969482422,27.938430786132812,7.402094841003418,205.6254425048828,25.848155975341797,21.26197624206543,21164.419921875
2023-02-14,22.649999618530273,2.680000066757202,143.6999969482422,22.174888610839844,97.5,12.524476051330566,147.6999969482422,28.278553009033203,7.369484901428223,201.8579559326172,25.981163024902344,21.352067947387695,21113.759765625
2023-02-15,22.100000381469727,2.5299999713897705,149.10000610351562,21.395305633544922,97.6500015258789,12.508622169494629,145.89999389648438,28.278553009033203,7.287964820861816,200.27163696289062,25.316118240356445,21.036741256713867,20812.169921875
2023-02-16,21.899999618530273,2.5799999237060547,148.10000610351562,22.00164794921875,98.9000015258789,12.698868751525879,148.3000030517578,28.229963302612305,7.287964820861816,210.7809295654297,25.67081069946289,21.21692657470703,20987.669921875
2023-02-17,21.299999237060547,2.549999952316284,141.3000030517578,21.222061157226562,94.80000305175781,12.603743553161621,144.1999969482422,27.355369567871094,7.263508319854736,208.7980499267578,25.183107376098633,20.9916934967041,20719.810546875
2023-02-20,23.049999237060547,2.6600000858306885,145.0,21.56854248046875,99.1500015258789,12.714722633361816,145.8000030517578,27.015247344970703,7.3776373863220215,205.6254425048828,26.4688663482666,20.9466495513916,20886.9609375
2023-02-21,22.700000762939453,2.680000066757202,138.10000610351562,21.52523422241211,96.19999694824219,12.762282371520996,139.8000030517578,26.869483947753906,7.451006889343262,188.07687377929688,26.4688663482666,20.721416473388672,20529.490234375
2023-02-22,22.600000381469727,2.630000114440918,140.5,21.135440826416016,93.4000015258789,12.381792068481445,140.0,26.772306442260742,7.328725814819336,182.42564392089844,26.20284652709961,20.766462326049805,20423.83984375
2023-02-23,22.850000381469727,2.609999895095825,139.8000030517578,20.918888092041016,95.19999694824219,12.318377494812012,139.10000610351562,26.675128936767578,7.320572853088379,185.69741821289062,26.247182846069336,20.90160369873047,20351.349609375
2023-02-24,22.350000381469727,2.549999952316284,131.39999389648438,20.442476272583008,92.9000015258789,12.318377494812012,134.39999389648438,26.918073654174805,7.320572853088379,176.87356567382812,25.404788970947266,20.856555938720703,20010.0390625
2023-02-27,22.549999237060547,2.5199999809265137,134.0,20.39916229248047,94.8499984741211,12.128131866455078,136.1999969482422,26.869483947753906,7.222747802734375,176.47698974609375,24.784080505371094,21.352067947387695,19943.509765625
2023-02-28,22.549999237060547,2.4000000953674316,134.8000030517578,19.40302848815918,92.25,12.001302719116211,136.10000610351562,26.432188034057617,7.059706211090088,172.21376037597656,24.606735229492188,21.1718807220459,19785.939453125
2023-03-01,24.25,2.5999999046325684,145.0,21.265369415283203,100.19999694824219,12.334229469299316,142.8000030517578,27.744077682495117,7.2553558349609375,181.73162841796875,25.360454559326172,22.658418655395508,20619.7109375
2023-03-02,24.600000381469727,2.5799999237060547,141.89999389648438,21.438613891601562,97.75,12.159838676452637,141.3000030517578,26.38359832763672,7.18198823928833,177.5675811767578,25.13877296447754,22.20795249938965,20429.4609375
2023-03-03,25.600000381469727,2.640000104904175,149.39999389648438,21.56854248046875,98.8499984741211,12.254961013793945,142.3000030517578,26.723716735839844,7.247204780578613,183.11964416503906,25.360454559326172,21.397113800048828,20567.5390625
2023-03-06,24.700000762939453,2.5399999618530273,147.5,21.52523422241211,99.30000305175781,12.445207595825195,142.89999389648438,27.355369567871094,7.418397903442383,185.69741821289062,24.29637908935547,21.71244239807129,20603.189453125
2023-03-07,24.399999618530273,2.440000057220459,144.1999969482422,20.745649337768555,95.94999694824219,12.587889671325684,137.89999389648438,27.161014556884766,7.524374961853027,184.80511474609375,23.941688537597656,21.126834869384766,20534.48046875
2023-03-08,23.700000762939453,2.309999942779541,139.5,19.79281997680664,89.9000015258789,12.381792068481445,131.89999389648438,26.52936363220215,7.296116828918457,176.7744140625,23.498321533203125,20.9916934967041,20051.25
2023-03-09,23.149999618530273,2.2200000286102295,137.60000610351562,19.31640625,87.3499984741211,12.381792068481445,129.39999389648438,26.675128936767578,7.247204780578613,177.76585388183594,22.87761116027832,21.26197624206543,19925.740234375
2023-03-10,22.5,2.190000057220459,129.5,18.79668426513672,83.75,11.684226989746094,127.4000015258789,25.363237380981445,7.165683746337891,157.3421173095703,22.3455753326416,20.856555938720703,19319.919921875
2023-03-13,23.049999237060547,2.0999999046325684,134.0,18.363582611083984,88.0,11.636664390563965,129.0,26.432188034057617,7.271660804748535,157.63955688476562,23.18796730041504,21.622344970703125,19695.970703125
2023-03-14,21.299999237060547,2.009999990463257,129.0,17.41075325012207,84.1500015258789,11.652518272399902,125.4000015258789,25.75194549560547,7.108619689941406,154.16949462890625,22.567256927490234,20.9916934967041,19247.9609375
2023-03-15,22.5,2.069999933242798,133.60000610351562,18.190338134765625,86.44999694824219,11.858617782592773,126.69999694824219,25.46041488647461,7.312420845031738,157.83782958984375,22.87761116027832,21.352067947387695,19539.869140625
2023-03-16,22.399999618530273,2.0799999237060547,125.0999984741211,18.363582611083984,84.4000015258789,11.715933799743652,126.30000305175781,25.509002685546875,7.206444263458252,153.6737823486328,22.74460220336914,20.721416473388672,19203.91015625
2023-03-17,23.600000381469727,2.240000009536743,142.1999969482422,18.92661476135254,88.9000015258789,11.98544692993164,130.39999389648438,26.04347801208496,7.402094841003418,153.27720642089844,22.74460220336914,21.21692657470703,19518.58984375
2023-03-20,22.799999237060547,2.180000066757202,143.5,18.493511199951172,86.25,11.779349327087402,128.89999389648438,25.16888427734375,7.214596748352051,149.11314392089844,22.168228149414062,20.22590446472168,19000.7109375
2023-03-21,23.0,2.2100000381469727,148.10000610351562,18.450199127197266,90.4000015258789,11.620810508728027,130.10000610351562,25.849123001098633,7.271660804748535,148.81570434570312,22.92194938659668,20.90160369873047,19258.759765625
2023-03-22,25.0,2.2699999809265137,146.8000030517578,19.40302848815918,92.0,11.826910972595215,130.3000030517578,26.480775833129883,7.3776373863220215,151.59173583984375,22.567256927490234,21.036741256713867,19591.4296875
2023-03-23,25.399999618530273,2.319999933242798,150.89999389648438,19.359718322753906,94.0999984741211,11.874469757080078,141.10000610351562,26.18924331665039,7.467310428619385,157.44126892089844,22.788938522338867,21.44215965270996,20049.640625
2023-03-24,25.200000762939453,2.240000009536743,154.39999389648438,19.273096084594727,92.6500015258789,12.04886245727539,140.1999969482422,25.849123001098633,7.3857903480529785,157.44126892089844,22.65593147277832,21.44215965270996,19915.6796875
2023-03-27,24.450000762939453,2.1500000953674316,149.5,18.493511199951172,90.5,11.684226989746094,131.39999389648438,25.654769897460938,7.320572853088379,151.88917541503906,22.3455753326416,21.667394638061523,19567.689453125
2023-03-28,25.299999237060547,2.1700000762939453,152.1999969482422,18.623441696166992,93.6500015258789,11.715933799743652,134.60000610351562,25.606182098388672,7.442853927612305,154.76437377929688,22.434247970581055,22.11785888671875,19784.650390625
2023-03-29,24.600000381469727,2.1700000762939453,155.10000610351562,18.883302688598633,97.94999694824219,11.652518272399902,140.0,25.557592391967773,7.475462913513184,157.7386932373047,22.700267791748047,21.98271942138672,20192.400390625
2023-03-30,24.600000381469727,2.2799999713897705,149.5,19.489648818969727,98.25,11.652518272399902,142.0,25.849123001098633,7.491766452789307,161.80361938476562,23.2323055267334,22.20795249938965,20309.130859375
2023-03-31,24.75,2.2100000381469727,148.6999969482422,19.186473846435547,98.0,11.636664390563965,143.5,26.52936363220215,7.483614921569824,170.5283203125,21.902210235595703,21.577301025390625,20400.109375
2023-04-03,25.200000762939453,2.1700000762939453,145.60000610351562,19.22978973388672,97.44999694824219,11.620810508728027,140.0,28.375730514526367,7.442853927612305,168.2480010986328,21.458847045898438,21.75748634338379,20409.1796875
2023-04-04,25.100000381469727,2.0999999046325684,146.8000030517578,19.013235092163086,93.94999694824219,11.620810508728027,133.89999389648438,28.424318313598633,7.4347028732299805,162.89434814453125,20.97114372253418,21.98271942138672,20274.58984375
2023-04-06,25.200000762939453,2.049999952316284,142.89999389648438,18.536821365356445,92.94999694824219,11.715933799743652,133.8000030517578,27.98702049255371,7.410245418548584,157.9280548095703,21.2814998626709,22.162906646728516,20331.19921875
2023-04-11,26.100000381469727,2.3399999141693115,135.1999969482422,19.922754287719727,95.8499984741211,11.79520320892334,135.39999389648438,28.084197998046875,7.605896949768066,157.53076171875,21.591854095458984,21.892627716064453,20485.240234375
2023-04-12,25.700000762939453,2.4100000858306885,134.0,21.005508422851562,93.5,11.953739166259766,131.0,27.452545166015625,7.6466569900512695,151.968505859375,21.591854095458984,21.667394638061523,20309.859375
2023-04-13,25.799999237060547,2.359999895095825,134.10000610351562,21.52523422241211,96.44999694824219,11.937886238098145,130.89999389648438,27.69548988342285,7.638504505157471,148.88938903808594,21.94654655456543,21.667394638061523,20344.48046875
2023-04-14,25.75,2.3399999141693115,130.0,21.52523422241211,96.19999694824219,11.937886238098145,129.5,26.82089614868164,7.711873531341553,146.7042236328125,21.591854095458984,22.34309196472168,20438.810546875
2023-04-17,26.25,2.369999885559082,131.0,21.30868148803711,101.5999984741211,11.763495445251465,135.60000610351562,27.598312377929688,7.8912200927734375,148.3927764892578,22.21256446838379,22.027769088745117,20782.44921875
2023-04-18,26.549999237060547,2.3299999237060547,129.60000610351562,20.962202072143555,100.4000015258789,11.573250770568848,135.3000030517578,27.306781768798828,7.817850589752197,147.49884033203125,22.123891830444336,21.98271942138672,20650.509765625
2023-04-19,25.75,2.2200000286102295,126.4000015258789,20.659027099609375,96.25,11.303735733032227,135.60000610351562,27.938430786132812,7.850458145141602,143.2278289794922,21.458847045898438,21.487207412719727,20367.759765625
2023-04-20,26.149999618530273,2.140000104904175,126.19999694824219,20.00937271118164,92.1500015258789,11.430566787719727,140.39999389648438,29.05596923828125,7.8830671310424805,141.93658447265625,22.256900787353516,21.30702018737793,20396.970703125
2023-04-21,25.799999237060547,2.109999895095825,122.80000305175781,19.619579315185547,89.19999694824219,11.351297378540039,137.6999969482422,28.61867332458496,7.8912200927734375,138.75816345214844,21.99088478088379,21.1718807220459,20075.73046875
2023-04-24,25.100000381469727,2.059999942779541,121.9000015258789,19.143165588378906,90.30000305175781,11.240320205688477,137.60000610351562,28.278553009033203,7.834155082702637,137.46693420410156,21.325836181640625,20.90160369873047,19959.939453125
2023-04-25,23.899999618530273,2.0199999809265137,117.4000015258789,18.666749954223633,88.25,11.161051750183105,131.60000610351562,27.015247344970703,7.711873531341553,131.80535888671875,21.104154586791992,20.09076499938965,19617.880859375
2023-04-26,24.0,2.059999942779541,117.5,18.71006202697754,89.4000015258789,11.272027969360352,133.10000610351562,27.0638370513916,7.687417030334473,135.1824493408203,21.104154586791992,20.63132095336914,19757.26953125
2023-04-27,24.350000381469727,2.0199999809265137,115.5,18.493511199951172,89.9000015258789,11.36715030670166,134.0,26.772306442260742,8.111326217651367,134.98377990722656,21.059816360473633,20.135812759399414,19840.279296875
2023-04-28,24.299999237060547,2.009999990463257,115.69999694824219,18.493511199951172,91.44999694824219,11.351297378540039,133.0,27.0638370513916,8.013500213623047,134.98377990722656,22.567256927490234,20.36104393005371,19894.5703125
2023-05-02,24.5,1.9800000190734863,118.0,18.363582611083984,91.8499984741211,11.208613395690918,132.5,27.54972267150879,8.15208625793457,137.26828002929688,22.389909744262695,20.406089782714844,19933.810546875
2023-05-03,23.700000762939453,1.9199999570846558,114.30000305175781,18.060407638549805,89.5999984741211,10.894043922424316,131.3000030517578,26.18924331665039,7.931979656219482,133.3945770263672,22.87761116027832,20.9916934967041,19699.16015625
2023-05-04,25.200000762939453,1.9900000095367432,115.30000305175781,18.320268630981445,92.4000015258789,11.324506759643555,132.0,26.38359832763672,8.380343437194824,136.572998046875,22.567256927490234,20.09076499938965,19948.73046875
2023-05-05,25.200000762939453,2.0999999046325684,119.69999694824219,18.753372192382812,92.55000305175781,11.80463981628418,135.60000610351562,26.140653610229492,8.445560455322266,139.8507537841797,21.458847045898438,19.955625534057617,20049.310546875
2023-05-08,25.950000762939453,2.049999952316284,121.0,18.92661476135254,96.69999694824219,11.639078140258789,134.1999969482422,25.363237380981445,8.624906539916992,138.5595245361328,21.547515869140625,19.955625534057617,20297.029296875
2023-05-09,25.850000381469727,1.9900000095367432,115.5999984741211,18.666749954223633,96.05000305175781,11.208613395690918,130.3000030517578,24.391468048095703,8.478169441223145,135.57974243164062,21.2814998626709,19.685344696044922,19867.580078125
2023-05-10,24.850000381469727,1.9700000286102295,114.5,17.930479049682617,99.0,11.125831604003906,129.0,25.023117065429688,8.380343437194824,134.68580627441406,21.37017250061035,19.144786834716797,19762.19921875
2023-05-11,24.950000762939453,1.940000057220459,115.5999984741211,17.41075325012207,115.9000015258789,10.960268020629883,128.5,25.266061782836914,8.298824310302734,134.08985900878906,21.2814998626709,18.874507904052734,19743.7890625
2023-05-12,24.649999618530273,1.8799999952316284,119.0999984741211,17.168212890625,114.0999984741211,10.728479385375977,131.8000030517578,25.12029457092285,8.15208625793457,143.82379150390625,20.838134765625,18.919553756713867,19627.240234375
2023-05-15,25.149999618530273,1.7999999523162842,120.9000015258789,17.54068374633789,114.4000015258789,10.8278169631958,136.3000030517578,25.703357696533203,8.298824310302734,140.1487274169922,20.882469177246094,19.555660247802734,19971.130859375
2023-05-16,24.950000762939453,1.7100000381469727,124.30000305175781,17.36743927001953,118.0,10.745036125183105,137.39999389648438,25.994890213012695,8.217302322387695,145.810302734375,20.97114372253418,19.327205657958984,19978.25
2023-05-17,24.649999618530273,1.6200000047683716,123.80000305175781,16.128768920898438,114.5,10.31457233428955,133.0,25.509002685546875,8.135781288146973,142.63186645507812,20.261760711669922,18.824609756469727,19560.5703125
2023-05-18,24.899999618530273,1.6200000047683716,125.5999984741211,15.487773895263672,114.19999694824219,10.347684860229492,133.5,25.849123001098633,8.3151273727417,143.0291748046875,20.52777862548828,18.641845703125,19727.25
2023-05-19,24.350000381469727,1.5700000524520874,120.0,15.02002239227295,114.19999694824219,10.2483491897583,128.60000610351562,25.75194549560547,8.266215324401855,136.2750244140625,20.70512580871582,19.007369995117188,19450.5703125
2023-05-22,24.5,1.600000023841858,124.0,15.401151657104492,116.5,10.546360969543457,132.60000610351562,25.75194549560547,8.380343437194824,139.1554718017578,21.059816360473633,19.144445419311523,19678.169921875
2023-05-23,23.75,1.5399999618530273,122.0999984741211,15.175941467285156,113.0999984741211,10.529805183410645,132.8000030517578,25.41182518005371,8.33143138885498,137.46693420410156,21.01548194885254,19.053062438964844,19431.25
2023-05-24,23.399999618530273,1.5099999904632568,119.0999984741211,13.980574607849121,112.5999984741211,10.28145980834961,130.39999389648438,24.051345825195312,7.858611106872559,134.38783264160156,20.793800354003906,18.50477409362793,19115.9296875
2023-05-25,22.850000381469727,1.4900000095367432,116.5,13.616767883300781,111.30000305175781,10.016559600830078,126.0,24.002758026123047,7.752634525299072,129.22288513183594,20.261760711669922,18.41339111328125,18746.919921875
2023-05-29,22.700000762939453,1.4700000286102295,119.69999694824219,13.58211898803711,110.80000305175781,10.14901065826416,115.80000305175781,24.440053939819336,7.679265022277832,127.03772735595703,19.995742797851562,18.14838409423828,18551.109375
2023-05-30,22.850000381469727,1.4900000095367432,123.69999694824219,13.54747200012207,112.0,10.380797386169434,116.4000015258789,25.023117065429688,7.597743988037109,129.12356567382812,20.084415435791016,18.27631950378418,18595.779296875
2023-05-31,22.049999237060547,1.440000057220459,119.4000015258789,13.045071601867676,113.0999984741211,10.264904022216797,110.19999694824219,24.634408950805664,7.369484901428223,125.05120086669922,19.90707015991211,17.983898162841797,18234.26953125
2023-06-01,21.299999237060547,1.399999976158142,121.5999984741211,12.559995651245117,110.69999694824219,10.298015594482422,112.80000305175781,24.099933624267578,7.3776373863220215,129.12356567382812,19.818397521972656,17.709753036499023,18216.91015625
2023-06-02,22.299999237060547,1.5199999809265137,130.5,14.725512504577637,117.5999984741211,10.728479385375977,121.5999984741211,25.75194549560547,7.638504505157471,137.56625366210938,20.882469177246094,18.367700576782227,18949.939453125
2023-06-05,22.299999237060547,1.4600000381469727,129.89999389648438,14.742836952209473,116.69999694824219,10.811263084411621,121.5999984741211,25.75194549560547,7.679265022277832,137.46693420410156,20.926807403564453,17.983898162841797,19108.5
2023-06-06,22.200000762939453,1.5499999523162842,129.8000030517578,15.88622760772705,120.5999984741211,11.059605598449707,121.80000305175781,25.75194549560547,7.8015456199646,140.44668579101562,20.749462127685547,18.55046272277832,19099.279296875
2023-06-07,21.950000762939453,1.5700000524520874,132.39999389648438,15.747635841369629,125.4000015258789,10.99338150024414,123.5,26.723716735839844,7.817850589752197,143.2278289794922,20.97114372253418,18.77891731262207,19252.0
2023-06-08,22.450000762939453,1.7300000190734863,130.60000610351562,16.509897232055664,124.0,10.976824760437012,124.4000015258789,26.480775833129883,8.06241226196289,143.7244415283203,21.104154586791992,19.190134048461914,19299.1796875
2023-06-09,21.899999618530273,1.7000000476837158,132.6999969482422,16.579193115234375,125.0999984741211,10.927155494689941,127.0999984741211,26.52936363220215,8.070565223693848,144.02244567871094,20.838134765625,19.235824584960938,19389.94921875
2023-06-12,22.049999237060547,1.6799999475479126,131.6999969482422,16.25003433227539,123.0999984741211,10.960268020629883,127.5999984741211,26.869483947753906,7.980892181396484,142.83053588867188,21.237163543701172,19.60135269165039,19404.310546875
2023-06-13,22.399999618530273,1.7599999904632568,138.10000610351562,16.821731567382812,122.5,10.943714141845703,128.0,27.355369567871094,8.029804229736328,146.40625,21.14849090576172,19.829805374145508,19521.419921875
2023-06-14,22.350000381469727,1.7599999904632568,140.0,16.683137893676758,129.10000610351562,10.794705390930176,127.30000305175781,27.69548988342285,7.858611106872559,146.50558471679688,20.97114372253418,19.418588638305664,19408.419921875
2023-06-15,22.899999618530273,1.8700000047683716,145.89999389648438,17.41075325012207,134.5,10.943714141845703,137.1999969482422,28.084197998046875,8.086869239807129,154.15367126464844,21.68052864074707,19.921188354492188,19828.919921875
2023-06-16,23.0,1.8700000047683716,145.10000610351562,17.757234573364258,134.8000030517578,11.026493072509766,138.0,28.03561019897461,8.200998306274414,156.33883666992188,22.168228149414062,20.286714553833008,20040.369140625
2023-06-19,22.700000762939453,1.7699999809265137,142.5,17.713926315307617,137.0,10.860931396484375,137.0,27.938430786132812,8.3151273727417,153.3590545654297,21.636192321777344,19.784114837646484,19912.890625
2023-06-20,21.950000762939453,1.649999976158142,142.6999969482422,16.83905792236328,133.3000030517578,10.629142761230469,132.3000030517578,27.889842987060547,8.298824310302734,148.6907501220703,21.636192321777344,19.829805374145508,19607.080078125
2023-06-21,21.399999618530273,1.6200000047683716,140.3000030517578,16.319332122802734,136.1999969482422,10.529805183410645,127.5999984741211,27.403959274291992,8.095022201538086,141.6386260986328,21.76919937133789,19.464279174804688,19218.349609375
2023-06-23,21.149999618530273,1.590000033378601,138.1999969482422,16.094120025634766,132.1999969482422,10.132452011108398,124.69999694824219,27.209604263305664,7.997197151184082,139.1554718017578,21.059816360473633,18.961681365966797,18889.970703125
2023-06-26,21.0,1.5499999523162842,137.10000610351562,15.487773895263672,132.1999969482422,10.14901065826416,124.0,26.723716735839844,7.852786064147949,135.1824493408203,21.2814998626709,19.053062438964844,18794.130859375
2023-06-27,21.700000762939453,1.659999966621399,139.0,16.75243377685547,134.3000030517578,10.264904022216797,126.19999694824219,26.52936363220215,7.929692268371582,138.75816345214844,21.724863052368164,19.053062438964844,19148.130859375
2023-06-28,21.899999618530273,1.649999976158142,140.5,17.046945571899414,138.0,10.215235710144043,127.0999984741211,26.918073654174805,7.895511627197266,137.0696258544922,21.857873916625977,19.007369995117188,19172.05078125
2023-06-29,21.700000762939453,1.5700000524520874,134.60000610351562,16.80440902709961,135.10000610351562,9.950333595275879,124.69999694824219,26.140653610229492,7.886965751647949,132.00401306152344,21.68052864074707,18.20321273803711,18934.359375
2023-06-30,21.299999237060547,1.590000033378601,132.8000030517578,16.492572784423828,135.5,10.016559600830078,122.30000305175781,25.946300506591797,7.989505290985107,131.5073699951172,21.857873916625977,18.459083557128906,18916.4296875
2023-07-03,22.149999618530273,1.649999976158142,138.89999389648438,16.509897232055664,147.0,10.14901065826416,126.4000015258789,27.112424850463867,8.168949127197266,137.36761474609375,21.237163543701172,18.77891731262207,19306.58984375
2023-07-04,22.75,1.6399999856948853,141.10000610351562,16.665813446044922,144.10000610351562,10.082784652709961,127.5999984741211,27.403959274291992,8.10058879852295,141.24130249023438,21.01548194885254,18.641845703125,19415.6796875
2023-07-05,22.850000381469727,1.559999942779541,139.3000030517578,16.26736068725586,142.5,10.000001907348633,124.5,27.403959274291992,7.844242095947266,137.76490783691406,20.749462127685547,18.50477409362793,19110.380859375
2023-07-06,22.549999237060547,1.5199999809265137,137.6999969482422,15.834258079528809,139.60000610351562,9.76821517944336,120.5999984741211,25.946300506591797,7.442630767822266,134.58648681640625,20.52777862548828,17.600095748901367,18533.05078125
2023-07-07,21.850000381469727,1.5,137.39999389648438,15.57658863067627,137.1999969482422,9.552983283996582,119.0999984741211,26.04347801208496,7.263187408447266,133.7918701171875,20.660789489746094,17.252845764160156,18365.69921875
2023-07-10,21.899999618530273,1.4900000095367432,137.6999969482422,15.431011199951172,137.39999389648438,9.58609676361084,121.0999984741211,26.62653923034668,7.211916446685791,136.0763702392578,21.2814998626709,17.015254974365234,18479.720703125
2023-07-11,22.399999618530273,1.4700000286102295,139.1999969482422,15.39461898803711,143.39999389648438,9.718545913696289,122.0,27.452545166015625,7.271731853485107,138.5595245361328,21.50318145751953,17.070083618164062,18659.830078125
2023-07-12,23.049999237060547,1.4700000286102295,142.0,15.358222961425781,145.6999969482422,9.569540023803711,127.30000305175781,27.54972267150879,7.280277252197266,140.64537048339844,21.50318145751953,17.05180549621582,18860.94921875
2023-07-13,23.899999618530273,1.5299999713897705,148.3000030517578,15.831344604492188,145.60000610351562,9.685432434082031,134.60000610351562,27.938430786132812,7.442630767822266,149.6840057373047,21.724863052368164,17.307674407958984,19350.619140625
2023-07-14,23.399999618530273,1.5,147.89999389648438,15.612980842590332,144.0,9.668877601623535,132.5,27.98702049255371,7.493900299072266,149.48536682128906,21.591854095458984,17.234569549560547,19413.779296875
2023-07-18,22.600000381469727,1.3799999952316284,144.39999389648438,14.066241264343262,147.5,9.387420654296875,129.10000610351562,27.598312377929688,7.288821220397949,142.5325469970703,21.059816360473633,16.70455551147461,19015.720703125
2023-07-19,22.0,1.409999966621399,142.10000610351562,14.411982536315918,145.8000030517578,9.271525382995605,127.69999694824219,27.355369567871094,7.246097087860107,141.8372802734375,21.192827224731445,16.503515243530273,18952.310546875
2023-07-20,22.299999237060547,1.4600000381469727,140.60000610351562,14.86690616607666,144.3000030517578,9.51987075805664,126.69999694824219,26.869483947753906,7.246097087860107,141.93658447265625,21.50318145751953,16.70455551147461,18928.01953125
2023-07-21,22.200000762939453,1.3799999952316284,140.60000610351562,14.703133583068848,144.8000030517578,9.552983283996582,128.1999969482422,26.82089614868164,7.399906158447266,144.22108459472656,21.237163543701172,16.72283172607422,19075.259765625
2023-07-24,21.75,1.2599999904632568,135.3000030517578,13.447545051574707,142.3000030517578,9.188745498657227,125.0,26.772306442260742,6.981204986572266,140.44668579101562,20.98215103149414,16.814212799072266,18668.150390625
2023-07-25,22.950000762939453,1.4900000095367432,146.8000030517578,16.88676643371582,149.8000030517578,9.602651596069336,134.8000030517578,27.306781768798828,7.340091705322266,151.27322387695312,22.028982162475586,17.070083618164062,19434.400390625
2023-07-26,23.049999237060547,1.440000057220459,144.10000610351562,16.322664260864258,148.89999389648438,9.552983283996582,134.89999389648438,28.327138900756836,7.186282634735107,148.49209594726562,21.937952041625977,16.850767135620117,19365.140625
2023-07-27,23.75,1.6100000143051147,145.6999969482422,17.17791748046875,152.89999389648438,9.867552757263184,136.60000610351562,29.881975173950195,7.305912017822266,150.2799530029297,22.028982162475586,17.198017120361328,19639.109375
2023-07-28,24.799999237060547,1.690000057220459,148.6999969482422,18.697364807128906,160.89999389648438,9.917221069335938,142.39999389648438,29.93056297302246,7.399906158447266,152.3657989501953,22.666183471679688,16.978700637817383,19916.560546875
2023-07-31,25.399999618530273,1.5800000429153442,152.89999389648438,18.87933349609375,165.89999389648438,10.016559600830078,146.3000030517578,28.91020393371582,7.485354423522949,158.72265625,23.16684341430664,17.271120071411133,20078.939453125
2023-08-01,24.200000762939453,1.4600000381469727,152.1999969482422,17.869403839111328,169.89999389648438,9.354307174682617,145.5,28.813026428222656,7.442630767822266,157.13345336914062,22.93927001953125,17.070083618164062,20011.119140625
2023-08-02,23.149999618530273,1.4600000381469727,146.5,17.232511520385742,168.3000030517578,9.254969596862793,140.6999969482422,28.327138900756836,7.177737712860107,151.6705322265625,22.620670318603516,16.66800308227539,19517.380859375
2023-08-03,23.25,1.4500000476837158,144.8000030517578,17.323495864868164,174.89999389648438,9.271525382995605,140.1999969482422,28.715848922729492,7.100833415985107,149.2866973876953,22.620670318603516,15.991780281066895,19420.869140625
2023-08-04,23.899999618530273,1.4299999475479126,147.0,17.66923713684082,179.5,9.08940601348877,144.0,29.05596923828125,7.126467704772949,153.95501708984375,22.93927001953125,16.19281768798828,19539.4609375
2023-08-07,23.549999237060547,1.3200000524520874,146.5,17.17791748046875,184.3000030517578,9.072851181030273,144.6999969482422,29.007381439208984,7.177737712860107,154.15367126464844,22.57515525817871,16.795934677124023,19537.919921875
2023-08-08,22.799999237060547,1.1299999952316284,140.8000030517578,16.340858459472656,177.5,9.08940601348877,140.10000610351562,28.375730514526367,7.015383720397949,147.39950561523438,22.12000846862793,16.430410385131836,19184.169921875
2023-08-09,23.100000381469727,1.1100000143051147,141.0,16.468236923217773,167.6999969482422,9.105963706970215,140.89999389648438,28.084197998046875,7.032473564147949,148.09478759765625,22.256553649902344,16.686279296875,19246.029296875
2023-08-10,22.950000762939453,1.0399999618530273,140.60000610351562,16.10430145263672,171.8000030517578,9.056293487548828,141.0,28.278553009033203,7.100833415985107,148.09478759765625,22.34758186340332,16.686279296875,19248.259765625
2023-08-11,22.600000381469727,0.9800000190734863,137.8000030517578,15.904132843017578,165.39999389648438,8.907286643981934,137.1999969482422,27.792667388916016,6.981204986572266,145.1150360107422,21.5283203125,16.393857955932617,19075.189453125
2023-08-14,22.799999237060547,0.800000011920929,134.60000610351562,15.612980842590332,160.89999389648438,8.774837493896484,135.39999389648438,27.403959274291992,6.818850517272949,143.2278289794922,21.25523567199707,16.211095809936523,18773.55078125
2023-08-15,23.0,0.8100000023841858,134.3000030517578,15.558390617370605,158.89999389648438,8.57616138458252,133.89999389648438,27.112424850463867,6.810306072235107,141.24130249023438,21.164207458496094,15.68108081817627,18581.109375
2023-08-16,23.049999237060547,0.8299999833106995,130.60000610351562,16.14069366455078,158.3000030517578,8.62583065032959,132.39999389648438,26.723716735839844,6.707766532897949,139.65211486816406,20.93663787841797,15.461766242980957,18329.30078125
2023-08-17,23.399999618530273,0.7699999809265137,129.60000610351562,15.649374961853027,164.0,8.493380546569824,133.60000610351562,26.286418914794922,6.690676689147949,137.66558837890625,21.164207458496094,15.845569610595703,18326.630859375
2023-08-18,23.299999237060547,0.7599999904632568,126.0999984741211,15.04887866973877,155.39999389648438,8.34437370300293,129.89999389648438,25.314647674560547,6.502688884735107,130.31546020507812,20.663549423217773,15.589698791503906,17950.849609375
2023-08-21,21.799999237060547,0.7400000095367432,121.9000015258789,14.539361953735352,151.5,8.269868850708008,127.0,24.68299674987793,6.451419353485107,128.1302947998047,20.34494972229004,15.480043411254883,17623.2890625
2023-08-22,22.049999237060547,0.75,123.0,14.5575590133667,156.1999969482422,8.427155494689941,129.1999969482422,25.363237380981445,6.477053642272949,130.414794921875,20.435977935791016,15.443488121032715,17791.009765625
2023-08-23,22.450000762939453,0.699999988079071,128.39999389648438,14.448376655578613,152.0,8.543049812316895,130.3000030517578,25.023117065429688,6.451419353485107,130.1168212890625,20.572521209716797,15.443488121032715,17845.919921875
2023-08-24,22.850000381469727,0.7699999809265137,134.39999389648438,14.703133583068848,156.0,8.774837493896484,140.0,25.800533294677734,6.579592227935791,132.30198669433594,20.98215103149414,15.49831771850586,18212.169921875
2023-08-25,23.200000762939453,0.8100000023841858,131.89999389648438,14.957892417907715,152.3000030517578,8.824506759643555,132.1999969482422,25.46041488647461,6.562502861022949,129.12356567382812,20.93663787841797,15.29727840423584,18119.390625
2023-08-28,23.600000381469727,0.8100000023841858,132.6999969482422,14.739529609680176,155.0,8.725168228149414,134.6999969482422,25.75194549560547,6.553958415985107,130.21615600585938,21.437292098999023,15.315555572509766,18130.740234375
2023-08-29,23.600000381469727,0.9100000262260437,135.60000610351562,15.631178855895996,161.5,8.791394233703613,137.3000030517578,26.09206771850586,6.784671306610107,132.89794921875,21.61935043334961,15.662805557250977,18484.029296875
2023-08-30,23.149999618530273,0.8799999952316284,136.5,15.776754379272461,161.10000610351562,8.774837493896484,134.1999969482422,25.849123001098633,6.741946697235107,130.91143798828125,21.755895614624023,15.68108081817627,18482.859375
2023-08-31,23.299999237060547,0.8899999856948853,139.39999389648438,15.030678749084473,161.60000610351562,8.675498962402344,128.5,25.800533294677734,6.656497001647949,127.93165588378906,22.074495315551758,15.534870147705078,18382.060546875
2023-09-04,24.299999237060547,1.0199999809265137,144.1999969482422,16.28626823425293,163.3000030517578,8.841063499450684,132.6999969482422,26.577951431274414,6.904299736022949,134.2884979248047,23.257871627807617,15.662805557250977,18844.16015625
2023-09-05,24.149999618530273,1.0099999904632568,142.0,15.57658863067627,158.0,8.725168228149414,128.60000610351562,25.654769897460938,6.639407634735107,131.30873107910156,22.620670318603516,15.388660430908203,18456.91015625
2023-09-06,24.299999237060547,1.2200000286102295,139.6999969482422,16.28626823425293,155.5,8.80794906616211,128.3000030517578,25.703357696533203,6.596682071685791,131.70603942871094,22.620670318603516,15.315555572509766,18449.98046875
2023-09-07,23.649999618530273,1.0700000524520874,137.0,15.849541664123535,154.60000610351562,8.708612442016602,125.0,25.16888427734375,6.468508720397949,127.63367462158203,22.393098831176758,15.29727840423584,18202.0703125
2023-09-11,23.850000381469727,1.0299999713897705,137.0,15.249043464660645,154.8000030517578,8.592717170715332,125.69999694824219,24.634408950805664,6.519778728485107,124.75322723388672,22.256553649902344,15.27900218963623,18096.44921875
2023-09-12,23.850000381469727,1.0700000524520874,136.39999389648438,14.921497344970703,157.0,8.491626739501953,124.80000305175781,25.16888427734375,6.451419353485107,123.85929107666016,22.074495315551758,15.370384216308594,18025.890625
2023-09-13,24.149999618530273,1.100000023841858,135.10000610351562,14.885104179382324,156.8000030517578,8.626415252685547,123.0999984741211,25.12029457092285,6.365969657897949,122.86602783203125,22.074495315551758,15.352108001708984,18009.220703125
2023-09-14,24.350000381469727,1.0499999523162842,135.0,14.721331596374512,159.0,8.761200904846191,123.0,24.925939559936523,6.442873954772949,123.16401672363281,22.256553649902344,15.425212860107422,18047.919921875
2023-09-15,24.350000381469727,1.059999942779541,134.1999969482422,14.703133583068848,160.6999969482422,8.845444679260254,124.30000305175781,24.925939559936523,6.536868095397949,123.75997161865234,21.98346710205078,15.589698791503906,18182.890625
2023-09-18,23.5,1.0399999618530273,132.1999969482422,14.320998191833496,154.5,8.727505683898926,122.0,24.877351760864258,6.400148868560791,120.18423461914062,21.801410675048828,15.370384216308594,17930.55078125
2023-09-19,23.799999237060547,1.0099999904632568,130.89999389648438,14.102635383605957,150.3000030517578,8.811747550964355,121.69999694824219,24.585819244384766,6.485598564147949,118.7936782836914,22.21103858947754,15.333831787109375,17997.169921875
2023-09-20,23.600000381469727,1.0199999809265137,128.39999389648438,13.866073608398438,152.10000610351562,8.727505683898926,119.19999694824219,24.440053939819336,6.365969657897949,117.2044677734375,22.028982162475586,15.315555572509766,17885.599609375
2023-09-21,23.450000762939453,1.0399999618530273,126.0999984741211,13.538528442382812,150.6999969482422,8.592718124389648,116.30000305175781,24.002758026123047,6.246340751647949,115.9132308959961,21.98346710205078,15.077962875366211,17655.41015625
2023-09-22,23.549999237060547,1.0399999618530273,129.60000610351562,13.775090217590332,156.8000030517578,8.744353294372559,120.80000305175781,24.488643646240234,6.427652835845947,119.48896026611328,22.393098831176758,15.260727882385254,18057.44921875
2023-09-25,23.049999237060547,0.9599999785423279,127.4000015258789,12.883439064025879,144.6999969482422,8.5758695602417,117.19999694824219,23.225339889526367,6.252033710479736,114.62199401855469,22.165525436401367,14.730713844299316,17729.2890625
2023-09-26,22.299999237060547,0.9200000166893005,128.5,12.464909553527832,137.89999389648438,8.457929611206055,116.30000305175781,23.225339889526367,6.173006057739258,111.54290008544922,21.71038055419922,14.511397361755371,17466.900390625
2023-09-27,22.299999237060547,0.8999999761581421,129.10000610351562,12.355728149414062,137.89999389648438,8.592718124389648,114.80000305175781,23.51687240600586,6.1993489265441895,112.63548278808594,21.71038055419922,14.34691047668457,17611.869140625
2023-09-28,22.100000381469727,0.8799999952316284,128.8000030517578,11.991789817810059,133.5,8.55902099609375,110.80000305175781,22.399333953857422,6.146662712097168,110.35098266601562,21.39177894592285,13.98138427734375,17373.029296875
2023-09-29,23.100000381469727,0.9100000262260437,133.39999389648438,12.810651779174805,138.3000030517578,9.030778884887695,114.5999984741211,23.32251739501953,6.322281837463379,114.32401275634766,22.43861198425293,14.127594947814941,17809.66015625
2023-10-03,22.350000381469727,0.8700000047683716,129.39999389648438,11.973591804504395,134.10000610351562,8.71065616607666,110.0,22.399333953857422,6.058853626251221,110.64896392822266,21.573837280273438,13.890002250671387,17331.220703125
2023-10-04,22.149999618530273,0.8700000047683716,124.0999984741211,11.591456413269043,133.3000030517578,8.693809509277344,106.9000015258789,21.71909523010254,5.900795936584473,109.55638122558594,21.300748825073242,13.762068748474121,17195.83984375
2023-10-05,22.100000381469727,0.8700000047683716,125.0,11.809819221496582,135.39999389648438,8.828596115112305,105.9000015258789,21.67050552368164,6.01494836807251,110.74828338623047,21.11869239807129,14.511397361755371,17213.869140625
2023-10-06,22.600000381469727,0.8999999761581421,127.80000305175781,12.210153579711914,135.10000610351562,9.030778884887695,108.30000305175781,21.864858627319336,6.1203203201293945,112.43682861328125,21.34626579284668,14.255529403686523,17485.98046875
2023-10-09,22.649999618530273,0.8399999737739563,129.0,11.919002532958984,133.89999389648438,8.997081756591797,108.9000015258789,21.9134464263916,6.076415538787842,113.03278350830078,21.164207458496094,14.054489135742188,17517.400390625
2023-10-10,22.649999618530273,0.75,129.8000030517578,11.809819221496582,132.8000030517578,9.01392936706543,112.30000305175781,22.059215545654297,6.111538887023926,114.62199401855469,21.300748825073242,14.328635215759277,17664.73046875
2023-10-11,22.700000762939453,0.7799999713897705,130.3000030517578,11.773426055908203,137.39999389648438,9.064474105834961,116.5,21.962038040161133,6.137881755828857,116.3105239868164,21.209720611572266,14.237252235412598,17893.099609375
2023-10-12,23.350000381469727,0.7699999809265137,131.5,11.82801628112793,138.89999389648438,9.098172187805176,118.4000015258789,22.156391143798828,6.295938968658447,116.90648651123047,21.71038055419922,14.584503173828125,18238.2109375
2023-10-13,23.149999618530273,0.7599999904632568,124.5999984741211,11.263911247253418,134.60000610351562,8.845444679260254,114.5999984741211,21.330387115478516,6.067634105682373,103.49749755859375,21.11869239807129,13.944831848144531,17813.44921875
2023-10-16,22.5,0.7300000190734863,121.4000015258789,10.918169021606445,129.6999969482422,8.79489803314209,113.69999694824219,20.698732376098633,6.058853626251221,103.0008773803711,21.073177337646484,13.670686721801758,17640.359375
2023-10-17,22.700000762939453,0.7300000190734863,119.4000015258789,10.972760200500488,129.8000030517578,8.79489803314209,114.5,20.407203674316406,6.093976974487305,105.28536987304688,21.164207458496094,13.816896438598633,17773.33984375
2023-10-18,22.25,0.7400000095367432,113.69999694824219,10.845381736755371,130.6999969482422,8.744353294372559,113.69999694824219,20.115671157836914,6.067634105682373,102.10694122314453,21.164207458496094,13.652409553527832,17732.51953125
2023-10-19,21.549999237060547,0.7099999785423279,107.69999694824219,10.554230690002441,125.4000015258789,8.643263816833496,110.4000015258789,20.79591178894043,5.89201545715332,96.54469299316406,20.800092697143555,13.323436737060547,17295.890625
2023-10-20,21.100000381469727,0.75,104.30000305175781,10.59062385559082,125.30000305175781,8.643263816833496,107.80000305175781,20.650144577026367,5.848110198974609,95.99840545654297,20.663549423217773,13.177226066589355,17172.130859375
2023-10-24,21.5,0.7099999785423279,103.80000305175781,10.172094345092773,127.19999694824219,8.55902099609375,107.5,20.6015567779541,5.795424938201904,93.2669448852539,20.25391960144043,12.97618579864502,16991.529296875
2023-10-25,21.649999618530273,0.6899999976158142,105.9000015258789,10.208487510681152,133.8000030517578,8.660111427307129,109.5999984741211,20.698732376098633,5.865672588348389,95.99840545654297,20.435977935791016,13.359989166259766,17085.330078125
2023-10-26,21.700000762939453,0.6800000071525574,105.69999694824219,10.281275749206543,134.1999969482422,8.306293487548828,109.80000305175781,20.407203674316406,5.909576892852783,97.43862915039062,20.800092697143555,13.561028480529785,17044.609375
2023-10-27,21.399999618530273,0.699999988079071,107.0,10.59062385559082,139.3000030517578,8.643263816833496,113.0,20.650144577026367,5.997386932373047,100.71637725830078,20.93663787841797,13.890002250671387,17398.73046875
2023-10-30,21.299999237060547,0.699999988079071,107.0999984741211,10.608820915222168,138.39999389648438,8.71065616607666,114.0,20.6015567779541,5.988605499267578,100.61705780029297,21.11869239807129,14.145870208740234,17406.359375
2023-10-31,21.450000762939453,0.699999988079071,102.69999694824219,10.354063987731934,133.6999969482422,8.693809509277344,110.5999984741211,20.407203674316406,5.839329719543457,99.1271743774414,20.39046287536621,13.59758186340332,17112.48046875
2023-11-01,21.600000381469727,0.699999988079071,101.5999984741211,10.299473762512207,133.10000610351562,8.845444679260254,109.0,20.06708335876465,5.812986850738525,98.0842514038086,20.709064483642578,13.670686721801758,17101.779296875
2023-11-02,21.649999618530273,0.699999988079071,103.0999984741211,10.445047378540039,136.8000030517578,8.94653606414795,108.0,20.06708335876465,5.909576892852783,98.72986602783203,20.89112091064453,13.707239151000977,17230.58984375
2023-11-03,22.0,0.7099999785423279,105.30000305175781,10.881775856018066,139.89999389648438,9.047627449035645,111.0,20.94167709350586,6.076415538787842,102.40491485595703,21.164207458496094,14.017936706542969,17664.119140625
2023-11-06,22.399999618530273,0.7599999904632568,108.19999694824219,11.518668174743652,155.6999969482422,9.249807357788086,117.19999694824219,21.9134464263916,6.216910362243652,106.27862548828125,21.073177337646484,14.694160461425781,17966.58984375
2023-11-07,21.649999618530273,0.7400000095367432,106.4000015258789,11.027350425720215,155.89999389648438,8.895990371704102,115.5,21.427560806274414,5.971044063568115,103.89480590820312,20.435977935791016,14.310357093811035,17670.16015625
2023-11-08,21.549999237060547,0.8299999833106995,105.4000015258789,11.773426055908203,149.3000030517578,8.845444679260254,115.0,21.23320960998535,5.979824542999268,103.0008773803711,20.39046287536621,14.401739120483398,17568.4609375
2023-11-09,21.5,0.75,104.69999694824219,11.1365327835083,154.89999389648438,8.845444679260254,115.0,20.650144577026367,5.944700717926025,101.41165924072266,20.39046287536621,14.054489135742188,17511.2890625
2023-11-10,21.100000381469727,0.7599999904632568,101.30000305175781,10.808987617492676,144.89999389648438,8.676960945129395,110.69999694824219,19.92131805419922,5.839329719543457,98.33255767822266,20.299434661865234,13.816896438598633,17203.259765625
2023-11-13,21.149999618530273,0.75,104.5999984741211,11.045548439025879,148.8000030517578,8.845444679260254,111.5999984741211,20.261436462402344,6.0412917137146,100.12042236328125,20.208404541015625,13.926554679870605,17426.2109375
2023-11-14,21.200000762939453,0.7400000095367432,103.80000305175781,11.209320068359375,151.1999969482422,8.997081756591797,108.30000305175781,20.407203674316406,6.076415538787842,98.87885284423828,20.299434661865234,14.07276439666748,17396.859375
2023-11-15,21.899999618530273,0.7900000214576721,108.4000015258789,11.864409446716309,159.0,9.569928169250488,113.30000305175781,21.136032104492188,6.3486247062683105,105.18604278564453,20.89112091064453,14.621055603027344,18079.0
2023-11-16,21.700000762939453,0.7699999809265137,108.80000305175781,11.682441711425781,152.3000030517578,9.36774730682373,111.69999694824219,21.03885269165039,6.3310627937316895,107.27188110351562,20.93663787841797,14.109317779541016,17832.8203125
2023-11-17,20.549999237060547,0.7699999809265137,103.5,11.627850532531738,157.10000610351562,9.283504486083984,107.30000305175781,20.79591178894043,6.173006057739258,104.68941497802734,20.572521209716797,13.908279418945312,17454.189453125
2023-11-20,20.75,0.7699999809265137,104.5,11.846213340759277,160.89999389648438,9.418292045593262,109.0,21.03885269165039,6.576929092407227,107.86783599853516,21.11869239807129,14.54794979095459,17778.0703125
2023-11-21,20.549999237060547,0.8100000023841858,107.4000015258789,12.410319328308105,159.5,9.620474815368652,110.5,20.893089294433594,6.585710048675537,110.05300903320312,20.845605850219727,14.218976020812988,17733.890625
2023-11-22,20.299999237060547,0.8500000238418579,112.19999694824219,12.519501686096191,158.60000610351562,9.620474815368652,111.4000015258789,20.650144577026367,6.480339527130127,109.45704650878906,21.027664184570312,14.16414737701416,17734.599609375
2023-11-23,20.850000381469727,1.0499999523162842,119.80000305175781,14.193619728088379,164.60000610351562,9.603625297546387,112.19999694824219,20.650144577026367,6.620833873748779,111.84086608886719,21.437292098999023,14.16414737701416,17910.83984375
2023-11-24,20.399999618530273,0.9700000286102295,118.19999694824219,13.847877502441406,161.10000610351562,9.53623104095459,109.0999984741211,20.16425895690918,6.515462398529053,109.7550277709961,20.845605850219727,13.79862117767334,17559.419921875
2023-11-27,20.0,0.9399999976158142,119.80000305175781,13.283773422241211,158.3000030517578,9.38459587097168,108.5999984741211,19.87272834777832,6.506681442260742,109.95367431640625,20.663549423217773,13.396541595458984,17525.060546875
2023-11-28,19.899999618530273,0.8799999952316284,120.0,13.065408706665039,157.89999389648438,9.3172025680542,103.0,19.39655876159668,6.453996181488037,107.56986236572266,20.800092697143555,12.921358108520508,17354.140625
2023-11-29,19.540000915527344,0.8700000047683716,115.0999984741211,12.410319328308105,152.5,8.9296875,90.44999694824219,18.502531051635742,6.366186618804932,105.8813247680664,20.572521209716797,12.446172714233398,16993.439453125
2023-11-30,19.700000762939453,0.8799999952316284,116.0999984741211,12.592288970947266,145.8000030517578,8.79489803314209,90.5999984741211,18.619142532348633,6.462777137756348,105.98064422607422,20.61803436279297,12.628935813903809,17042.880859375
2023-12-01,19.84000015258789,0.8799999952316284,114.9000015258789,12.464909553527832,146.60000610351562,8.845444679260254,87.9000015258789,19.046722412109375,6.3310627937316895,105.08671569824219,19.79877471923828,12.482726097106934,16830.30078125
2023-12-04,19.440000534057617,0.8500000238418579,111.5999984741211,12.155561447143555,141.6999969482422,8.845444679260254,86.44999694824219,19.484018325805664,6.383748531341553,103.10020446777344,19.707746505737305,12.245133399963379,16646.05078125
2023-12-05,19.100000381469727,0.8199999928474426,108.9000015258789,11.700636863708496,139.89999389648438,8.71065616607666,84.6500015258789,19.62978744506836,6.295938968658447,101.41165924072266,19.6622314453125,11.806502342224121,16327.8603515625
2023-12-06,19.100000381469727,0.800000011920929,112.4000015258789,11.591456413269043,141.60000610351562,8.963383674621582,86.4000015258789,20.407203674316406,6.392529487609863,102.70289611816406,19.6622314453125,11.715120315551758,16463.259765625
2023-12-07,19.0,0.7900000214576721,111.4000015258789,11.373092651367188,139.60000610351562,8.845444679260254,86.0999984741211,20.455791473388672,6.260815143585205,103.2988510131836,19.43465805053711,11.861330032348633,16345.8896484375
2023-12-08,19.1200008392334,0.75,111.80000305175781,11.191123008728027,135.6999969482422,8.778051376342773,86.6500015258789,20.455791473388672,6.287158012390137,104.09346008300781,19.389142990112305,11.82477855682373,16334.3701171875
2023-12-11,19.100000381469727,0.7300000190734863,108.19999694824219,11.045548439025879,137.39999389648438,8.879141807556152,83.5,20.552967071533203,6.225691318511963,97.58761596679688,19.29811668395996,11.696844100952148,16201.490234375
2023-12-12,19.200000762939453,0.7900000214576721,110.5,11.591456413269043,138.6999969482422,8.9296875,84.5999984741211,20.455791473388672,6.374967575073242,99.62379455566406,19.252601623535156,11.733397483825684,16374.5
2023-12-13,18.899999618530273,0.7699999809265137,109.4000015258789,11.30030632019043,135.60000610351562,8.811747550964355,82.19999694824219,20.35861587524414,6.3310627937316895,97.23997497558594,18.7064266204834,11.550633430480957,16228.75
2023-12-14,18.860000610351562,0.7799999713897705,107.19999694824219,11.28210735321045,137.1999969482422,9.182414054870605,81.75,20.6015567779541,6.436433792114258,98.1339111328125,18.7064266204834,12.02581787109375,16402.189453125
2023-12-15,19.059999465942383,0.8199999928474426,111.5999984741211,11.991789817810059,139.60000610351562,9.131869316101074,84.94999694824219,20.844501495361328,6.726205825805664,104.98738861083984,19.070545196533203,12.647212982177734,16792.189453125
2023-12-18,18.440000534057617,0.800000011920929,109.69999694824219,11.64604663848877,135.5,8.91283893585205,83.1500015258789,20.79591178894043,6.489120006561279,104.78874206542969,19.025028228759766,12.738594055175781,16629.23046875
2023-12-19,17.360000610351562,0.7400000095367432,109.30000305175781,11.009154319763184,135.39999389648438,8.91283893585205,78.44999694824219,20.844501495361328,6.480339527130127,102.00761413574219,18.979515075683594,12.79342269897461,16505.0
2023-12-20,17.299999237060547,0.7400000095367432,110.5999984741211,11.263911247253418,135.39999389648438,8.811747550964355,78.80000305175781,21.864858627319336,6.515462398529053,105.38468933105469,18.888486862182617,12.994462966918945,16613.810546875
2023-12-21,17.239999771118164,0.7699999809265137,112.19999694824219,11.318501472473145,128.8000030517578,8.91283893585205,79.69999694824219,22.107803344726562,6.550586700439453,104.590087890625,19.20708656311035,13.213778495788574,16621.130859375
2023-12-22,16.84000015258789,0.7400000095367432,110.9000015258789,11.28210735321045,128.1999969482422,8.828596115112305,76.5999984741211,21.864858627319336,6.489120006561279,105.08671569824219,19.389142990112305,13.158949851989746,16340.41015625
2023-12-27,16.760000228881836,0.7200000286102295,111.5,10.990957260131836,136.89999389648438,8.828596115112305,78.30000305175781,21.71909523010254,6.717424392700195,106.4772720336914,19.6622314453125,12.957910537719727,16624.83984375
2023-12-28,17.65999984741211,0.7699999809265137,114.9000015258789,11.64604663848877,144.5,9.047627449035645,82.3499984741211,22.204980850219727,6.875481128692627,111.84086608886719,20.07185935974121,13.305160522460938,17043.529296875
2023-12-29,17.84000015258789,0.7799999713897705,116.0999984741211,11.694791793823242,147.10000610351562,9.165565490722656,81.9000015258789,22.204980850219727,6.8491387367248535,111.74154663085938,20.07185935974121,13.359989166259766,17047.390625
2024-01-02,17.420000076293945,0.7699999809265137,115.30000305175781,10.871477127075195,139.39999389648438,9.131869316101074,79.4000015258789,23.079574584960938,6.726205825805664,109.05974578857422,19.707746505737305,12.79342269897461,16788.55078125
2024-01-03,17.299999237060547,0.75,112.5,10.590803146362305,137.0,8.862293243408203,78.0,22.69086456298828,6.664738655090332,105.58334350585938,19.480173110961914,12.720317840576172,16646.41015625
2024-01-04,17.200000762939453,0.7400000095367432,114.69999694824219,10.441109657287598,140.10000610351562,8.71065616607666,77.5,22.44792366027832,6.7876715660095215,106.27862548828125,19.480173110961914,12.501002311706543,16645.98046875
2024-01-05,17.219999313354492,0.7400000095367432,115.30000305175781,10.459822654724121,134.89999389648438,8.676960945129395,77.75,22.25356674194336,6.708642959594727,104.590087890625,20.02634620666504,12.574108123779297,16535.330078125
2024-01-08,16.68000030517578,0.7400000095367432,113.0,10.366263389587402,131.60000610351562,8.474778175354004,73.94999694824219,21.9134464263916,6.568148136138916,100.5177230834961,19.616716384887695,12.39134407043457,16224.4501953125
2024-01-09,16.780000686645508,0.7300000190734863,113.5999984741211,10.328840255737305,131.0,8.693809509277344,70.55000305175781,21.962038040161133,6.585710048675537,97.33930206298828,19.707746505737305,12.427897453308105,16190.01953125
2024-01-10,16.559999465942383,0.7300000190734863,113.80000305175781,10.123011589050293,125.19999694824219,8.693809509277344,71.75,21.621917724609375,6.550586700439453,97.53795623779297,19.844287872314453,12.00754165649414,16097.2802734375
2024-01-11,16.6200008392334,0.7300000190734863,114.5,10.010741233825684,130.6999969482422,8.862293243408203,75.5999984741211,21.23320960998535,6.576929092407227,99.22649383544922,19.844287872314453,12.080647468566895,16302.0400390625
2024-01-12,16.31999969482422,0.7300000190734863,113.5999984741211,9.542948722839355,126.0999984741211,8.862293243408203,75.25,21.23320960998535,6.62961483001709,97.63728332519531,19.935317993164062,12.04409408569336,16244.580078125
2024-01-15,16.260000228881836,0.7300000190734863,113.5,9.524237632751465,125.9000015258789,8.980233192443848,75.0999984741211,21.281797409057617,6.612053394317627,97.28963470458984,19.844287872314453,12.04409408569336,16216.330078125
2024-01-16,15.84000015258789,0.6800000071525574,100.69999694824219,8.897397994995117,117.5999984741211,8.609565734863281,73.9000015258789,20.94167709350586,6.366186618804932,92.77031707763672,19.79877471923828,11.349594116210938,15865.919921875
2024-01-17,14.9399995803833,0.6399999856948853,96.80000305175781,8.289266586303711,114.0,7.994596481323242,68.75,20.115671157836914,6.050072193145752,87.15840911865234,19.571203231811523,10.910962104797363,15276.900390625
2024-01-18,14.520000457763672,0.6600000262260437,99.75,8.354758262634277,113.19999694824219,8.17150592803955,69.80000305175781,20.35861587524414,6.137881755828857,85.71817779541016,19.343629837036133,11.112001419067383,15391.7900390625
2024-01-19,14.079999923706055,0.6600000262260437,99.19999694824219,8.279912948608398,110.19999694824219,8.137808799743652,68.6500015258789,20.50438117980957,6.111538887023926,83.58267974853516,19.52568817138672,11.038896560668945,15308.6904296875
2024-01-22,13.15999984741211,0.6100000143051147,95.5999984741211,7.409819602966309,104.69999694824219,7.666051864624023,65.4000015258789,19.775550842285156,5.953482151031494,81.94380187988281,19.29811668395996,10.545435905456543,14961.1796875
2024-01-23,13.020000457763672,0.6499999761581421,98.5,8.092794418334961,111.5,7.851385593414307,66.30000305175781,19.92131805419922,6.129101276397705,85.76783752441406,19.43465805053711,10.362672805786133,15353.98046875
2024-01-24,13.539999961853027,0.6800000071525574,105.0999984741211,8.31733512878418,111.9000015258789,8.061989784240723,70.30000305175781,20.94167709350586,6.357405662536621,89.79054260253906,20.208404541015625,10.545435905456543,15899.8701171875
2024-01-25,13.960000038146973,0.7200000286102295,106.80000305175781,8.990954399108887,111.30000305175781,8.289445877075195,69.4000015258789,20.893089294433594,6.550586700439453,92.86963653564453,20.39046287536621,10.89268684387207,16211.9599609375
2024-01-26,13.579999923706055,0.699999988079071,103.0999984741211,8.83190631866455,106.9000015258789,8.247323989868164,66.69999694824219,20.94167709350586,6.497900485992432,90.734130859375,20.39046287536621,10.837857246398926,15952.23046875
2024-01-29,13.619999885559082,0.699999988079071,105.0999984741211,8.850617408752441,109.30000305175781,8.323143005371094,67.30000305175781,21.03885269165039,6.778890609741211,92.72064971923828,20.663549423217773,11.550633430480957,16077.240234375
2024-01-30,12.619999885559082,0.6600000262260437,103.4000015258789,8.289266586303711,107.5999984741211,7.62393045425415,65.4000015258789,20.407203674316406,6.462777137756348,88.94627380371094,20.07185935974121,11.514081001281738,15703.4501953125
2024-01-31,12.15999984741211,0.6299999952316284,101.4000015258789,8.05537223815918,106.0,7.649202823638916,62.54999923706055,19.92131805419922,6.603272438049316,86.21481323242188,20.07185935974121,11.221659660339355,15485.0703125
2024-02-01,12.199999809265137,0.6299999952316284,102.80000305175781,7.915035247802734,109.19999694824219,7.666051864624023,64.0999984741211,20.747323989868164,6.550586700439453,86.91009521484375,20.25391960144043,11.568909645080566,15566.2099609375
2024-02-02,12.0600004196167,0.6200000047683716,102.0,8.139575004577637,111.80000305175781,7.691324234008789,63.25,21.330387115478516,6.489120006561279,85.42020416259766,20.299434661865234,11.422699928283691,15533.5595703125
2024-02-05,11.779999732971191,0.6200000047683716,100.9000015258789,7.802765846252441,111.0,7.404900550842285,65.05000305175781,21.37897300720215,6.445215225219727,85.4698715209961,20.299434661865234,11.4409761428833,15510.009765625
2024-02-06,12.5600004196167,0.6700000166893005,105.80000305175781,8.588654518127441,119.0,7.5481133460998535,69.25,21.67050552368164,6.910604953765869,92.12469482421875,21.937952041625977,11.879607200622559,16136.8701171875
2024-02-07,12.619999885559082,0.6700000166893005,103.0999984741211,8.326690673828125,117.0999984741211,7.455446720123291,68.25,21.67050552368164,6.893043518066406,89.74087524414062,21.61935043334961,11.970989227294922,16081.8896484375
2024-02-08,12.880000114440918,0.6800000071525574,102.9000015258789,8.551231384277344,119.0999984741211,7.303810119628906,68.1500015258789,21.864858627319336,6.699862480163574,87.4067153930664,21.11869239807129,11.733397483825684,15878.0703125
2024-02-09,12.399999618530273,0.6600000262260437,101.0999984741211,7.980525970458984,116.80000305175781,7.008962154388428,67.69999694824219,22.204980850219727,6.647177219390869,85.71817779541016,21.25523567199707,11.696844100952148,15746.580078125
2024-02-14,12.15999984741211,0.6800000071525574,102.5999984741211,7.8121209144592285,119.5999984741211,6.916295528411865,71.0999984741211,22.545101165771484,6.7876715660095215,88.49929809570312,21.482807159423828,11.788225173950195,15879.3798828125
2024-02-15,12.079999923706055,0.6600000262260437,103.69999694824219,7.9618144035339355,119.80000305175781,6.832053184509277,71.3499984741211,22.69086456298828,6.743767261505127,90.63480377197266,21.61935043334961,11.788225173950195,15944.6298828125
2024-02-16,13.34000015258789,0.7200000286102295,106.9000015258789,8.775772094726562,126.69999694824219,7.093204498291016,74.6500015258789,23.80840301513672,6.893043518066406,95.1044692993164,21.98346710205078,12.226858139038086,16339.9599609375
2024-02-19,12.479999542236328,0.6899999976158142,103.5999984741211,8.326690673828125,124.80000305175781,6.916295528411865,72.75,22.933809280395508,6.831576347351074,91.23075866699219,21.164207458496094,11.952712059020996,16155.6103515625
2024-02-20,12.399999618530273,0.699999988079071,104.0,8.579298973083496,125.5999984741211,6.966841697692871,73.4000015258789,22.836631774902344,6.954509735107422,91.08177185058594,21.664865493774414,12.04409408569336,16247.509765625
2024-02-21,13.0,0.7200000286102295,105.9000015258789,9.393257141113281,130.6999969482422,7.303810119628906,77.0,22.69086456298828,7.147690773010254,93.5649185180664,22.028982162475586,12.263410568237305,16503.099609375
2024-02-22,13.0,0.7300000190734863,107.0,9.599084854125977,137.10000610351562,7.312233924865723,79.75,22.88521957397461,7.24428129196167,94.70716857910156,22.34758186340332,12.427897453308105,16742.94921875
2024-02-23,13.220000267028809,0.7300000190734863,109.9000015258789,10.048165321350098,139.10000610351562,7.2448410987854,81.5,22.88521957397461,7.200376987457275,93.11795806884766,22.028982162475586,12.59238338470459,16725.859375
2024-02-26,13.140000343322754,0.7300000190734863,107.5,9.935894012451172,139.89999389648438,7.21956729888916,81.1500015258789,22.545101165771484,7.138910293579102,92.42267608642578,22.12000846862793,12.299962043762207,16634.740234375
2024-02-27,13.239999771118164,0.7200000286102295,108.5,10.010741233825684,175.5,7.160597801208496,81.6500015258789,22.0106258392334,7.147690773010254,93.11795806884766,22.12000846862793,12.226858139038086,16790.80078125
2024-02-28,12.800000190734863,0.6299999952316284,106.5999984741211,9.309053421020508,176.89999389648438,7.126901626586914,78.3499984741211,21.767683029174805,6.972071647644043,90.58514404296875,21.664865493774414,12.409621238708496,16536.849609375
2024-02-29,12.399999618530273,0.6399999856948853,99.55000305175781,9.243562698364258,177.3000030517578,7.126901626586914,79.80000305175781,21.67050552368164,6.945728778839111,88.44963836669922,21.755895614624023,11.587186813354492,16511.439453125
2024-03-01,12.380000114440918,0.6299999952316284,101.19999694824219,9.140649795532227,179.1999969482422,7.143749713897705,88.4000015258789,21.427560806274414,6.901823997497559,89.93952941894531,22.12000846862793,11.806502342224121,16589.439453125
2024-03-04,12.15999984741211,0.5899999737739563,101.0999984741211,8.990954399108887,160.0,7.118476867675781,91.5,20.115671157836914,6.893043518066406,88.8966064453125,22.529640197753906,11.788225173950195,16595.970703125
2024-03-05,11.65999984741211,0.550000011920929,95.30000305175781,8.719636917114258,152.0,7.008962154388428,86.3499984741211,19.824138641357422,6.726205825805664,82.1921157836914,22.074495315551758,11.404422760009766,16162.6396484375
2024-03-06,11.720000267028809,0.5699999928474426,97.0999984741211,9.00966739654541,153.0,7.126901626586914,88.69999694824219,20.261436462402344,6.928167343139648,88.5986328125,22.028982162475586,11.64201545715332,16438.08984375
2024-03-07,11.5,0.550000011920929,95.55000305175781,8.74770450592041,144.1999969482422,6.949992656707764,85.4000015258789,20.50438117980957,6.884262561798096,93.91255950927734,22.028982162475586,11.020620346069336,16229.7802734375
2024-03-08,11.84000015258789,0.5600000023841858,96.19999694824219,8.775772094726562,144.6999969482422,7.000537395477295,84.69999694824219,20.31002426147461,7.007195949554443,91.9757080078125,22.12000846862793,10.929238319396973,16353.3896484375
2024-03-11,12.199999809265137,0.5799999833106995,97.55000305175781,8.888041496276855,144.1999969482422,7.227991580963135,89.19999694824219,20.844501495361328,6.9808526039123535,97.8855972290039,22.21103858947754,11.294764518737793,16587.5703125
2024-03-12,13.180000305175781,0.6100000143051147,102.0,10.141724586486816,147.0,7.564960956573486,93.4000015258789,21.281797409057617,7.314527988433838,105.58334350585938,22.711698532104492,11.84305477142334,17093.5
2024-03-13,12.720000267028809,0.5799999833106995,104.19999694824219,10.010741233825684,151.6999969482422,7.438597679138184,94.3499984741211,21.281797409057617,7.296967506408691,105.58334350585938,22.256553649902344,11.934436798095703,17082.109375
2024-03-14,12.34000015258789,0.5799999833106995,103.69999694824219,10.216569900512695,149.1999969482422,7.497567653656006,92.9000015258789,21.23320960998535,7.200376987457275,105.68267059326172,22.34758186340332,11.4409761428833,16961.66015625
2024-03-15,12.140000343322754,0.5799999833106995,101.30000305175781,9.86104679107666,147.3000030517578,7.261689186096191,89.4000015258789,20.6015567779541,7.095005035400391,103.79547882080078,21.5283203125,11.221659660339355,16720.890625
2024-03-18,12.680000305175781,0.5600000023841858,102.19999694824219,9.411968231201172,139.0,7.236416816711426,90.4000015258789,20.747323989868164,7.103786468505859,106.57660675048828,21.437292098999023,11.239936828613281,16737.119140625
2024-03-19,12.65999984741211,0.5299999713897705,101.5999984741211,9.243562698364258,127.9000015258789,7.118476867675781,89.19999694824219,20.552967071533203,7.015976428985596,105.8813247680664,21.25523567199707,10.947514533996582,16529.48046875
2024-03-20,12.619999885559082,0.5299999713897705,101.9000015258789,9.411968231201172,133.6999969482422,7.017385959625244,88.80000305175781,20.552967071533203,7.007195949554443,106.1792984008789,21.164207458496094,10.746476173400879,16543.0703125
2024-03-21,13.079999923706055,0.5400000214576721,101.0,9.935894012451172,135.10000610351562,7.202719211578369,92.30000305175781,21.281797409057617,7.191595077514648,108.66244506835938,21.073177337646484,10.947514533996582,16863.099609375
2024-03-22,12.15999984741211,0.5099999904632568,98.19999694824219,9.524237632751465,120.4000015258789,6.949992656707764,88.25,21.524738311767578,7.024757385253906,102.90154266357422,20.663549423217773,10.545435905456543,16499.470703125
2024-03-25,11.920000076293945,0.5099999904632568,100.69999694824219,9.97331714630127,119.0,6.874173641204834,93.30000305175781,21.427560806274414,6.998414993286133,102.60357666015625,20.709064483642578,10.61854076385498,16473.640625
2024-03-26,11.84000015258789,0.5199999809265137,104.4000015258789,10.272705078125,121.80000305175781,6.789932727813721,93.4000015258789,21.57332992553711,7.112566947937012,103.99412536621094,20.709064483642578,10.746476173400879,16618.3203125
2024-03-27,12.720000267028809,0.47999998927116394,99.44999694824219,10.104300498962402,117.5,6.730961799621582,91.0999984741211,21.08744239807129,6.6559576988220215,101.510986328125,20.481491088867188,10.472331047058105,16392.83984375
2024-03-28,12.5,0.48500001430511475,102.69999694824219,10.347552299499512,121.30000305175781,6.756235599517822,96.80000305175781,21.427560806274414,6.603272438049316,107.17256164550781,22.165525436401367,10.527159690856934,16541.419921875
2024-04-02,13.359999656677246,0.48500001430511475,104.9000015258789,10.197856903076172,123.69999694824219,6.781507968902588,101.4000015258789,22.350746154785156,6.840357780456543,107.96715545654297,22.848241806030273,10.61854076385498,16931.51953125
2024-04-03,13.680000305175781,0.48500001430511475,104.0,9.786201477050781,117.5,6.815205097198486,98.94999694824219,22.204980850219727,6.383748531341553,104.0599365234375,22.757211685180664,10.399226188659668,16725.099609375
2024-04-05,13.65999984741211,0.48500001430511475,105.0999984741211,9.468103408813477,116.0999984741211,6.756235599517822,100.4000015258789,22.059215545654297,6.3486247062683105,102.5648193359375,23.348899841308594,10.253015518188477,16723.919921875
2024-04-08,13.5600004196167,0.48500001430511475,103.5,9.599084854125977,120.80000305175781,6.848901271820068,99.4000015258789,21.71909523010254,6.3047194480896,101.9667739868164,23.075815200805664,9.668172836303711,16732.849609375
2024-04-09,13.880000114440918,0.48500001430511475,100.0999984741211,9.636507987976074,121.9000015258789,6.941567897796631,99.69999694824219,21.71909523010254,6.3310627937316895,101.26905059814453,23.303386688232422,9.997146606445312,16828.0703125
2024-04-10,13.260000228881836,0.48500001430511475,102.0,9.786201477050781,126.0,7.04265832901001,103.80000305175781,21.71909523010254,6.436433792114258,106.05342102050781,22.93927001953125,9.905765533447266,17139.169921875
2024-04-11,13.720000267028809,0.48500001430511475,100.80000305175781,9.636507987976074,123.30000305175781,7.110052108764648,104.5,21.71909523010254,6.3310627937316895,105.45537567138672,23.3944149017334,9.832659721374512,17095.029296875
2024-04-12,12.539999961853027,0.48500001430511475,97.55000305175781,8.803839683532715,118.0,6.8236284255981445,102.0999984741211,21.330387115478516,6.146662712097168,102.06645202636719,22.984783172607422,9.448856353759766,16721.689453125
2024-04-15,12.640000343322754,0.48500001430511475,96.75,8.794483184814453,116.19999694824219,6.798355579376221,101.5999984741211,20.35861587524414,6.102757930755615,100.87035369873047,23.212358474731445,9.412304878234863,16600.4609375
2024-04-16,12.0,0.48500001430511475,94.1500015258789,8.626077651977539,110.5,6.7646589279174805,98.69999694824219,19.143901824951172,5.988605499267578,98.52800750732422,23.16684341430664,9.1564359664917,16248.9697265625
2024-04-17,12.119999885559082,0.48500001430511475,93.0999984741211,8.607365608215332,114.9000015258789,6.7646589279174805,97.55000305175781,18.502531051635742,6.032510280609131,98.42833709716797,23.212358474731445,9.028501510620117,16251.83984375
2024-04-18,12.319999694824219,0.48500001430511475,93.55000305175781,8.607365608215332,114.80000305175781,6.832053184509277,97.75,18.3470458984375,6.146662712097168,97.73062133789062,24.213672637939453,9.1564359664917,16385.869140625
2024-04-19,11.15999984741211,0.48500001430511475,92.5,8.51380729675293,106.30000305175781,6.916295528411865,95.30000305175781,17.49188804626465,6.085196018218994,96.98306274414062,23.713014602661133,9.174712181091309,16224.1396484375
2024-04-22,11.699999809265137,0.48500001430511475,93.94999694824219,8.626077651977539,97.44999694824219,7.04265832901001,100.5999984741211,17.608501434326172,6.243253707885742,100.17263793945312,23.849559783935547,9.4854097366333,16511.689453125
2024-04-23,11.920000076293945,0.48500001430511475,96.3499984741211,8.738348007202148,98.3499984741211,7.000537395477295,108.5999984741211,17.958337783813477,6.278377532958984,106.25276947021484,23.94058609008789,9.631620407104492,16828.9296875
2024-04-24,12.239999771118164,0.48500001430511475,97.9000015258789,8.841261863708496,96.55000305175781,7.076355457305908,113.5999984741211,17.938901901245117,6.418872356414795,110.83778381347656,23.849559783935547,9.796107292175293,17201.26953125
2024-04-25,12.119999885559082,0.48500001430511475,97.9000015258789,9.168716430664062,93.5,7.051082611083984,111.5,17.686243057250977,6.506681442260742,110.93746185302734,24.077131271362305,9.796107292175293,17284.5390625
2024-04-26,13.119999885559082,0.48500001430511475,100.9000015258789,10.29141616821289,98.9000015258789,7.076355457305908,115.5999984741211,18.19156265258789,6.585710048675537,117.31661224365234,24.532276153564453,9.997146606445312,17651.150390625
2024-04-29,13.399999618530273,0.48500001430511475,103.30000305175781,11.021170616149902,101.30000305175781,7.320658206939697,111.4000015258789,18.599706649780273,6.6559576988220215,117.61563110351562,24.668819427490234,10.198185920715332,17746.91015625
2024-04-30,13.260000228881836,0.48500001430511475,104.69999694824219,11.039883613586426,104.0,7.3375067710876465,109.5,18.152692794799805,6.5593671798706055,114.42606353759766,26.625938415527344,10.051976203918457,17763.029296875
2024-05-02,13.859999656677246,0.48500001430511475,105.5,11.88190746307373,107.5999984741211,7.573385715484619,119.0999984741211,18.755191802978516,6.6559576988220215,120.00782012939453,27.035568237304688,10.27129077911377,18207.130859375
2024-05-03,14.399999618530273,0.48500001430511475,110.0,11.975465774536133,111.0,7.615507125854492,119.69999694824219,19.678373336791992,6.699862480163574,126.58631896972656,27.08108139038086,10.362672805786133,18475.919921875
2024-05-06,14.460000038146973,0.48500001430511475,110.69999694824219,11.676079750061035,117.80000305175781,7.489143371582031,120.30000305175781,19.726961135864258,6.7525482177734375,127.08468627929688,27.945858001708984,10.43577766418457,18578.30078125
2024-05-07,14.079999923706055,0.48500001430511475,108.30000305175781,11.638655662536621,115.0,7.371203899383545,115.5,19.41599464416504,6.7876715660095215,124.39348602294922,27.536226272583008,10.45405387878418,18479.369140625
2024-05-08,13.699999809265137,0.48500001430511475,106.9000015258789,10.759207725524902,109.4000015258789,7.072738170623779,113.5,19.24107551574707,6.6559576988220215,123.99478912353516,27.809314727783203,10.051976203918457,18313.859375
2024-05-09,14.300000190734863,0.48500001430511475,107.4000015258789,11.152152061462402,107.19999694824219,7.10891580581665,117.9000015258789,19.484018325805664,6.8140153884887695,125.2905502319336,27.763797760009766,10.45405387878418,18537.810546875
2024-05-10,14.859999656677246,0.48500001430511475,107.19999694824219,11.750926971435547,105.5,7.3440704345703125,118.5999984741211,19.484018325805664,7.217938423156738,126.1876220703125,28.309972763061523,10.344396591186523,18963.6796875
2024-05-13,15.300000190734863,0.48500001430511475,107.4000015258789,11.657367706298828,105.0,7.488781452178955,122.30000305175781,20.31002426147461,7.349652290344238,128.8788299560547,28.90165901184082,10.380949020385742,19115.060546875
2024-05-14,15.039999961853027,0.48500001430511475,109.19999694824219,11.638655662536621,102.5,7.217448711395264,121.9000015258789,19.87272834777832,7.2530622482299805,128.6794891357422,28.355485916137695,10.23473834991455,19073.7109375
2024-05-16,14.640000343322754,0.48500001430511475,108.4000015258789,12.911049842834473,99.69999694824219,7.335026264190674,125.5999984741211,20.261436462402344,7.4462432861328125,131.96871948242188,28.26445770263672,10.326120376586914,19376.529296875
2024-05-17,15.579999923706055,0.48500001430511475,110.9000015258789,14.314424514770508,95.9000015258789,7.42547082901001,125.0,20.407203674316406,7.507709980010986,133.66319274902344,28.4010009765625,10.581988334655762,19553.609375
2024-05-20,15.699999809265137,0.48500001430511475,107.4000015258789,14.071172714233398,99.9000015258789,7.524959087371826,124.0,20.698732376098633,7.648205280303955,136.35440063476562,27.217626571655273,10.655094146728516,19636.220703125
2024-05-21,15.020000457763672,0.48500001430511475,102.80000305175781,14.108596801757812,80.6500015258789,7.3983378410339355,121.4000015258789,20.115671157836914,7.551614284515381,131.57003784179688,26.762481689453125,10.326120376586914,19220.619140625
2024-05-22,15.140000343322754,0.48500001430511475,100.80000305175781,13.790497779846191,82.19999694824219,7.380248069763184,120.5999984741211,19.92131805419922,7.560395240783691,128.57980346679688,26.443880081176758,10.167537689208984,19195.599609375
2024-05-23,14.079999923706055,0.48500001430511475,99.05000305175781,13.397553443908691,78.9000015258789,7.217448711395264,119.5,19.41599464416504,7.481367111206055,123.29706573486328,26.307334899902344,10.0726900100708,18868.7109375
2024-05-24,13.739999771118164,0.48500001430511475,97.9000015258789,12.649085998535156,78.25,6.909938335418701,116.30000305175781,18.891239166259766,7.279405117034912,119.21041870117188,26.125280380249023,9.826089859008789,18608.939453125
2024-05-27,14.199999809265137,0.48500001430511475,98.0999984741211,12.742644309997559,81.30000305175781,6.75618314743042,118.69999694824219,18.755191802978516,7.358433246612549,118.41303253173828,27.08108139038086,9.939905166625977,18827.349609375
2024-05-28,14.100000381469727,0.48500001430511475,97.8499984741211,12.51810359954834,80.5,6.647649765014648,119.0,18.930110931396484,7.358433246612549,117.91465759277344,26.944538116455078,9.97784423828125,18821.16015625
2024-05-29,13.9399995803833,0.48500001430511475,95.8499984741211,12.349699020385742,79.9000015258789,6.738094806671143,112.69999694824219,18.58027458190918,7.112566947937012,114.12703704833984,26.534910202026367,9.807120323181152,18477.009765625
2024-05-30,14.0,0.48500001430511475,94.80000305175781,11.900619506835938,77.8499984741211,6.5752949714660645,108.9000015258789,18.463659286499023,7.007195949554443,113.0306167602539,26.580425262451172,9.598458290100098,18230.189453125
2024-05-31,13.300000190734863,0.48500001430511475,93.5,11.507675170898438,78.1500015258789,6.448673248291016,105.0999984741211,18.113821029663086,6.936948299407959,113.52899169921875,25.761165618896484,9.370826721191406,18079.609375
2024-06-03,13.34000015258789,0.48500001430511475,95.0,11.750926971435547,82.30000305175781,6.602428436279297,109.0,18.36648178100586,7.112566947937012,116.41954803466797,26.35285186767578,9.40876579284668,18403.0390625
2024-06-04,13.359999656677246,0.48500001430511475,94.30000305175781,12.200005531311035,79.55000305175781,6.810449600219727,113.5,18.36648178100586,7.156471252441406,116.8182373046875,26.80799674987793,9.456189155578613,18444.109375
2024-06-05,13.319999694824219,0.48500001430511475,93.94999694824219,12.050313949584961,79.0999984741211,6.846627712249756,112.5999984741211,18.288740158081055,7.138910293579102,119.01107788085938,26.8535099029541,9.275979995727539,18424.9609375
2024-06-06,13.079999923706055,0.48500001430511475,94.6500015258789,11.61994457244873,78.94999694824219,6.774272441864014,112.69999694824219,18.074951171875,7.08622407913208,117.01759338378906,27.39968490600586,9.370826721191406,18476.80078125
2024-06-07,12.960000038146973,0.48500001430511475,94.5999984741211,11.71350383758545,78.0999984741211,6.720005512237549,110.4000015258789,18.05551528930664,7.05109977722168,115.3231201171875,27.126596450805664,9.181134223937988,18366.94921875
2024-06-11,13.039999961853027,0.48500001430511475,92.75,11.376693725585938,75.8499984741211,6.195428848266602,115.30000305175781,17.744548797607422,6.857919692993164,115.3231201171875,26.80799674987793,8.915563583374023,18176.33984375
2024-06-12,13.460000038146973,0.48500001430511475,91.3499984741211,11.20828628540039,72.94999694824219,6.2858734130859375,112.5999984741211,17.239227294921875,6.691081523895264,113.4293212890625,26.534910202026367,8.744840621948242,17937.83984375
2024-06-13,13.65999984741211,0.48500001430511475,92.44999694824219,11.114729881286621,74.4000015258789,6.340140342712402,116.69999694824219,17.47245216369629,6.708642959594727,115.62214660644531,25.943222045898438,8.83020305633545,18112.630859375
2024-06-14,14.279999732971191,0.48500001430511475,91.5999984741211,11.563809394836426,73.75,6.258739948272705,114.69999694824219,17.29753303527832,6.620833873748779,113.52899169921875,26.170793533325195,8.754324913024902,17941.779296875
2024-06-17,14.100000381469727,0.48500001430511475,90.6500015258789,11.17086410522461,73.4000015258789,6.267784595489502,116.80000305175781,17.18092155456543,6.550586700439453,112.7315902709961,25.897708892822266,8.659479141235352,17936.119140625
2024-06-18,14.579999923706055,0.48500001430511475,88.4000015258789,10.815342903137207,71.1500015258789,6.249695301055908,115.0,17.103179931640625,6.524243354797363,112.5322494506836,25.80668067932129,8.574116706848145,17915.55078125
2024-06-19,14.899999618530273,0.48500001430511475,90.44999694824219,11.245711326599121,73.94999694824219,6.313006401062012,121.4000015258789,17.744548797607422,6.734986305236816,114.82475280761719,25.62462043762207,8.649993896484375,18430.390625
2024-06-20,14.619999885559082,0.48500001430511475,88.8499984741211,10.64693832397461,71.19999694824219,6.294917583465576,119.9000015258789,17.3558406829834,6.699862480163574,112.03387451171875,25.62462043762207,8.34648609161377,18335.3203125
2024-06-21,14.539999961853027,0.48500001430511475,87.3499984741211,10.53466796875,69.1500015258789,6.005496025085449,116.19999694824219,16.9865665435791,6.576929092407227,109.14331817626953,25.078449249267578,8.318032264709473,18028.51953125
2024-06-24,14.180000305175781,0.48500001430511475,86.3499984741211,10.422398567199707,70.25,5.996452331542969,115.4000015258789,16.86995506286621,6.612053394317627,109.74136352539062,25.533592224121094,8.583601951599121,18027.7109375
2024-06-25,14.140000343322754,0.48500001430511475,86.9000015258789,10.721785545349121,70.44999694824219,6.086895942687988,116.80000305175781,16.733905792236328,6.647177219390869,109.04364776611328,25.761165618896484,8.678447723388672,18072.900390625
2024-06-26,14.039999961853027,0.48500001430511475,87.30000305175781,10.609515190124512,73.30000305175781,6.114029884338379,117.0,16.42293930053711,6.6383957862854,107.54853820800781,25.21499252319336,9.0673189163208,18089.9296875
2024-06-27,13.5600004196167,0.48500001430511475,86.0999984741211,10.197856903076172,72.19999694824219,6.023584842681885,113.69999694824219,16.053665161132812,6.414391040802002,105.1563491821289,23.849559783935547,8.944018363952637,17716.470703125
2024-06-28,13.579999923706055,0.48500001430511475,85.25,10.029454231262207,70.30000305175781,6.023584842681885,111.0999984741211,15.820442199707031,6.552831172943115,102.9635238647461,23.758529663085938,8.725871086120605,17718.609375
2024-07-02,13.380000114440918,0.48500001430511475,83.9000015258789,10.328840255737305,73.80000305175781,5.9602742195129395,112.19999694824219,15.664958953857422,6.589748859405518,100.87035369873047,23.03030014038086,8.93453311920166,17769.140625
2024-07-03,13.640000343322754,0.48500001430511475,86.19999694824219,10.721785545349121,77.75,5.996452331542969,117.0999984741211,16.461811065673828,6.700500965118408,102.9635238647461,22.666183471679688,9.105257034301758,17978.5703125
2024-07-04,13.300000190734863,0.48500001430511475,87.30000305175781,10.628225326538086,80.80000305175781,5.924096584320068,119.69999694824219,16.500680923461914,6.7374186515808105,103.06319427490234,22.848241806030273,8.944018363952637,18028.279296875
2024-07-05,13.100000381469727,0.48500001430511475,86.4000015258789,10.422398567199707,79.25,5.942185878753662,119.0999984741211,16.034231185913086,6.728188991546631,102.36547088623047,22.529640197753906,9.01041030883789,17799.609375
2024-07-08,12.539999961853027,0.48500001430511475,86.4000015258789,10.104300498962402,78.25,5.869830131530762,117.0,15.684392929077148,6.589748859405518,102.66449737548828,22.302066802978516,8.887109756469727,17524.060546875
2024-07-09,12.800000190734863,0.48500001430511475,86.30000305175781,10.066876411437988,78.6500015258789,5.91505241394043,114.69999694824219,15.839875221252441,6.571290016174316,101.86709594726562,22.21103858947754,8.981956481933594,17523.23046875
2024-07-10,12.760000228881836,0.48500001430511475,95.05000305175781,9.917182922363281,77.0999984741211,5.9602742195129395,114.9000015258789,15.72326374053955,6.497455596923828,103.56156158447266,21.892436981201172,9.143196105957031,17471.669921875
2024-07-11,13.079999923706055,0.48500001430511475,97.19999694824219,10.179145812988281,82.55000305175781,6.050718307495117,116.0999984741211,16.170278549194336,6.6728129386901855,106.45211791992188,22.43861198425293,9.275979995727539,17832.330078125
2024-07-12,13.460000038146973,0.48500001430511475,99.5,11.033994674682617,83.44999694824219,6.340140342712402,121.80000305175781,16.539552688598633,6.94969367980957,111.63517761230469,23.121328353881836,9.475157737731934,18293.380859375
2024-07-15,13.0,0.48500001430511475,93.94999694824219,10.55508804321289,79.9000015258789,6.240651607513428,119.0999984741211,15.956489562988281,6.783565044403076,106.3524398803711,22.583486557006836,9.257011413574219,18015.939453125
2024-07-16,13.020000457763672,0.48500001430511475,91.1500015258789,10.42099380493164,78.5,6.1682963371276855,117.5,15.781569480895996,6.70973014831543,104.15960693359375,22.20630645751953,9.209588050842285,17727.98046875
2024-07-17,13.239999771118164,0.48500001430511475,91.6500015258789,10.727494239807129,80.3499984741211,6.213518142700195,119.0999984741211,15.87874698638916,6.7558770179748535,106.3524398803711,22.300600051879883,9.446703910827637,17739.41015625
2024-07-18,13.319999694824219,0.48500001430511475,89.44999694824219,10.880743026733398,79.0999984741211,6.258739948272705,119.4000015258789,15.567780494689941,6.7558770179748535,105.85406494140625,22.91351318359375,9.693305015563965,17778.41015625
2024-07-19,12.859999656677246,0.48500001430511475,88.1500015258789,10.22943115234375,77.25,6.123073577880859,117.5,15.101329803466797,6.608207702636719,102.36547088623047,22.347749710083008,9.48464298248291,17417.6796875
2024-07-22,12.899999618530273,0.48500001430511475,89.44999694824219,10.286900520324707,78.44999694824219,6.07785177230835,121.30000305175781,15.217942237854004,6.700500965118408,103.76091003417969,22.724925994873047,9.617427825927734,17635.880859375
2024-07-23,12.600000381469727,0.48500001430511475,88.25,10.018712997436523,77.6500015258789,5.887918472290039,118.0999984741211,15.062458992004395,6.682041645050049,102.26579284667969,22.017719268798828,9.475157737731934,17469.359375
2024-07-24,12.520000457763672,0.48500001430511475,87.75,9.597275733947754,74.5,5.752252578735352,113.30000305175781,15.062458992004395,6.654354572296143,100.27230834960938,22.064865112304688,8.991440773010254,17311.05078125
2024-07-25,12.399999618530273,0.48500001430511475,85.80000305175781,9.616432189941406,73.1500015258789,5.779385566711426,107.0999984741211,14.654314994812012,6.552831172943115,98.97654724121094,23.196399688720703,9.01041030883789,17021.91015625
2024-07-26,12.819999694824219,0.48500001430511475,85.5999984741211,9.616432189941406,74.55000305175781,5.734163761138916,107.5999984741211,14.421090126037598,6.543601989746094,101.9667739868164,24.61081314086914,9.114741325378418,17021.310546875
2024-07-29,13.039999961853027,0.48500001430511475,86.80000305175781,9.511073112487793,73.75,5.779385566711426,108.4000015258789,14.518266677856445,6.645124912261963,103.36221313476562,24.045047760009766,8.90608024597168,17238.33984375
2024-07-30,12.699999809265137,0.48500001430511475,87.1500015258789,9.348245620727539,73.5999984741211,5.101053714752197,106.4000015258789,14.110123634338379,6.543601989746094,101.86709594726562,23.337839126586914,8.735356330871582,17002.91015625
2024-07-31,13.359999656677246,0.48500001430511475,87.69999694824219,9.731369018554688,76.69999694824219,5.200542449951172,109.30000305175781,14.246170997619629,6.654354572296143,103.66123962402344,24.186487197875977,9.019895553588867,17344.599609375
2024-08-01,13.279999732971191,0.48500001430511475,85.8499984741211,9.204571723937988,75.8499984741211,5.064876079559326,109.19999694824219,14.518266677856445,6.580519199371338,99.62442779541016,23.6207218170166,8.90608024597168,17304.9609375
2024-08-02,13.119999885559082,0.48500001430511475,83.5,9.127947807312012,74.4000015258789,5.019654750823975,104.0,13.954639434814453,6.571290016174316,98.07948303222656,23.479280471801758,9.162164688110352,16945.509765625
2024-08-05,13.260000228881836,0.48500001430511475,81.05000305175781,9.166260719299316,72.30000305175781,5.010610103607178,106.80000305175781,14.479395866394043,6.478996753692627,96.63420104980469,22.91351318359375,9.437219619750977,16698.359375
2024-08-06,13.199999809265137,0.48500001430511475,80.0,9.13752555847168,73.05000305175781,5.073921203613281,105.5999984741211,13.896333694458008,6.423620700836182,97.38175201416016,22.347749710083008,9.038864135742188,16647.33984375
2024-08-07,13.279999732971191,0.48500001430511475,81.25,9.13752555847168,74.55000305175781,5.092010021209717,106.0,13.54649543762207,6.497455596923828,99.42507934570312,22.724925994873047,9.105257034301758,16877.859375
2024-08-08,13.020000457763672,0.48500001430511475,80.9000015258789,9.175838470458984,74.3499984741211,5.073921203613281,104.5999984741211,13.41044807434082,6.478996753692627,98.52800750732422,22.536338806152344,9.086287498474121,16891.830078125
2024-08-09,13.119999885559082,0.48500001430511475,83.19999694824219,9.32908821105957,78.4000015258789,5.12818717956543,106.19999694824219,13.56593132019043,6.552831172943115,99.87361145019531,22.536338806152344,9.01041030883789,17090.23046875
2024-08-12,13.0,0.48500001430511475,82.6500015258789,9.14710521697998,77.0,5.055832386016846,104.0,13.177223205566406,6.552831172943115,99.77394104003906,22.91351318359375,8.820717811584473,17111.650390625
2024-08-13,12.9399995803833,0.48500001430511475,82.5999984741211,9.080057144165039,75.44999694824219,5.092010021209717,103.4000015258789,13.41044807434082,6.598978519439697,100.47166442871094,22.48919105529785,8.659479141235352,17174.060546875
2024-08-14,12.859999656677246,0.48500001430511475,82.4000015258789,8.802290916442871,74.44999694824219,5.101251125335693,102.0999984741211,13.643671989440918,6.589748859405518,100.47166442871094,22.064865112304688,8.659479141235352,17113.359375
2024-08-15,12.880000114440918,0.48500001430511475,81.44999694824219,8.735243797302246,74.0,5.073526859283447,102.4000015258789,13.721414566040039,6.635895729064941,99.02638244628906,22.112014770507812,8.678447723388672,17109.140625
2024-08-16,13.0,0.48500001430511475,83.80000305175781,8.62988567352295,76.5999984741211,5.073526859283447,107.69999694824219,14.343348503112793,6.682041645050049,107.8475570678711,22.253454208374023,8.991440773010254,17430.16015625
2024-08-19,13.100000381469727,0.48500001430511475,85.80000305175781,8.754401206970215,80.6500015258789,5.110492706298828,108.69999694824219,14.362783432006836,6.802023410797119,112.03387451171875,22.112014770507812,8.83020305633545,17569.5703125
2024-08-20,12.5600004196167,0.48500001430511475,86.6500015258789,8.572416305541992,81.44999694824219,5.1289753913879395,108.0999984741211,14.498831748962402,6.82048225402832,111.83452606201172,21.451953887939453,8.50772476196289,17511.080078125
2024-08-21,12.15999984741211,0.48500001430511475,85.0,8.62988567352295,80.94999694824219,5.2121477127075195,107.69999694824219,14.30447769165039,6.82048225402832,102.06645202636719,21.593393325805664,8.42236328125,17391.009765625
2024-08-22,12.020000457763672,0.48500001430511475,86.44999694824219,8.170136451721191,82.69999694824219,5.221389293670654,109.0,14.518266677856445,6.866629123687744,105.65472412109375,22.347749710083008,8.43184757232666,17641.0
2024-08-23,12.239999771118164,0.48500001430511475,82.19999694824219,8.131823539733887,82.9000015258789,5.1566996574401855,107.5,14.323912620544434,6.875858306884766,105.55504608154297,22.630632400512695,8.251639366149902,17612.099609375
2024-08-26,12.520000457763672,0.48500001430511475,83.55000305175781,8.380854606628418,82.1500015258789,5.360010147094727,109.0,14.4599609375,6.958921909332275,105.25602722167969,22.630632400512695,8.194731712341309,17798.73046875
2024-08-27,12.619999885559082,0.48500001430511475,84.5999984741211,8.237183570861816,83.94999694824219,5.461665153503418,106.19999694824219,14.557137489318848,7.171196937561035,101.36872863769531,21.876277923583984,8.583601951599121,17874.669921875
2024-08-28,10.420000076293945,0.48500001430511475,81.9000015258789,8.064776420593262,81.05000305175781,5.470906734466553,102.80000305175781,14.148994445800781,7.198885440826416,103.1628646850586,21.31051254272461,8.469786643981934,17692.44921875
2024-08-29,10.039999961853027,0.48500001430511475,81.44999694824219,8.122244834899902,73.1500015258789,5.433941841125488,115.69999694824219,13.799156188964844,7.198885440826416,103.1628646850586,21.40480613708496,8.43184757232666,17786.3203125
2024-08-30,10.140000343322754,0.48500001430511475,82.94999694824219,8.438323974609375,78.8499984741211,5.507872581481934,118.19999694824219,13.83802604675293,7.1896562576293945,106.8508071899414,22.677778244018555,8.498239517211914,17989.0703125
2024-09-02,9.779999732971191,0.48500001430511475,81.94999694824219,8.11266803741455,75.25,5.258354663848877,116.30000305175781,13.527060508728027,6.940464019775391,104.75765228271484,22.20630645751953,8.109369277954102,17691.970703125
2024-09-03,9.779999732971191,0.48500001430511475,81.25,8.26591682434082,74.44999694824219,5.258354663848877,118.9000015258789,13.54649543762207,6.940464019775391,104.55830383300781,22.81922149658203,8.014522552490234,17651.490234375
2024-09-04,9.550000190734863,0.48500001430511475,80.6500015258789,8.218026161193848,74.05000305175781,5.2121477127075195,119.19999694824219,13.449317932128906,6.91277551651001,105.45537567138672,22.677778244018555,8.033493041992188,17457.33984375
2024-09-05,9.720000267028809,0.48500001430511475,79.75,8.227603912353516,73.0999984741211,5.202906608581543,119.30000305175781,13.391012191772461,6.866629123687744,103.96026611328125,23.007808685302734,8.071431159973145,17444.30078125
2024-09-09,9.5,0.48500001430511475,79.05000305175781,7.959417343139648,71.9000015258789,5.073526859283447,118.5999984741211,13.04117488861084,6.774335861206055,100.87035369873047,21.923425674438477,7.853283882141113,17196.9609375
2024-09-10,9.430000305175781,0.48500001430511475,80.0999984741211,7.528401851654053,76.44999694824219,4.999595642089844,118.9000015258789,13.488188743591309,6.783565044403076,102.06645202636719,21.546247482299805,7.748953342437744,17234.08984375
2024-09-11,9.40999984741211,0.48500001430511475,80.44999694824219,7.3464179039001465,75.44999694824219,4.962629795074463,119.4000015258789,13.080044746398926,6.645124912261963,101.56807708740234,22.394895553588867,7.616168022155762,17108.7109375
2024-09-12,9.520000457763672,0.48500001430511475,81.5999984741211,7.461354732513428,74.44999694824219,4.925664901733398,122.30000305175781,13.371577262878418,6.700500965118408,104.0599365234375,21.923425674438477,7.5213212966918945,17240.390625
2024-09-13,9.630000114440918,0.48500001430511475,82.05000305175781,7.681652069091797,74.0999984741211,4.981112480163574,123.0,13.352141380310059,6.811253547668457,103.96026611328125,22.677778244018555,7.246266841888428,17369.08984375
2024-09-16,9.479999542236328,0.48500001430511475,82.5999984741211,7.499667644500732,74.25,4.971871852874756,126.5,13.604802131652832,6.802023410797119,103.06319427490234,22.583486557006836,7.454929351806641,17422.119140625
2024-09-17,9.649999618530273,0.48500001430511475,83.05000305175781,7.62418270111084,78.9000015258789,5.073526859283447,128.60000610351562,13.721414566040039,6.995840072631836,103.96026611328125,22.064865112304688,7.4264750480651855,17660.01953125
2024-09-19,9.819999694824219,0.48500001430511475,85.30000305175781,8.150979995727539,83.1500015258789,5.16594123840332,133.8000030517578,14.265606880187988,7.106591701507568,111.43583679199219,23.762163162231445,7.511837005615234,18013.16015625
2024-09-20,9.869999885559082,0.48500001430511475,85.44999694824219,8.40001106262207,85.44999694824219,5.267596244812012,135.89999389648438,14.945846557617188,7.2081146240234375,112.23322296142578,24.32792854309082,7.5782294273376465,18258.5703125
2024-09-23,9.760000228881836,0.48500001430511475,84.6500015258789,8.380854606628418,84.5999984741211,5.276837348937988,132.8000030517578,14.654314994812012,7.291503429412842,112.7315902709961,24.752254486083984,7.62565279006958,18247.109375
2024-09-24,10.380000114440918,0.48500001430511475,88.9000015258789,8.850181579589844,93.1500015258789,5.4524245262146,139.8000030517578,15.256813049316406,7.765592575073242,124.19413757324219,26.07237434387207,8.042976379394531,19000.560546875
2024-09-25,10.699999809265137,0.48500001430511475,88.69999694824219,8.792713165283203,91.44999694824219,5.554079532623291,141.3000030517578,15.217942237854004,8.040565490722656,125.39022827148438,26.355257034301758,8.080916404724121,19129.099609375
2024-09-26,11.699999809265137,0.48500001430511475,95.75,11.283023834228516,98.9000015258789,5.979183673858643,152.1999969482422,16.325761795043945,8.296574592590332,138.04885864257812,27.863964080810547,8.868141174316406,19924.580078125
2024-09-27,13.199999809265137,0.48500001430511475,100.5999984741211,13.141180038452148,99.75,6.2471842765808105,164.60000610351562,18.619142532348633,8.495692253112793,151.5048828125,28.5711727142334,9.617427825927734,20632.30078125
2024-09-30,15.859999656677246,0.48500001430511475,105.5999984741211,14.405491828918457,108.0999984741211,7.014220237731934,172.0,19.357690811157227,8.704292297363281,166.5557098388672,29.41982078552246,9.920936584472656,21133.6796875
2024-10-02,18.420000076293945,0.48500001430511475,115.19999694824219,17.96855354309082,121.5,7.9660844802856445,197.1999969482422,20.06708335876465,9.197344779968262,184.4970703125,31.588590621948242,10.262383460998535,22443.73046875
2024-10-03,17.65999984741211,0.48500001430511475,108.80000305175781,16.263647079467773,114.5,7.439324378967285,205.0,19.4354305267334,9.026673316955566,169.84494018554688,31.21141242980957,9.807120323181152,22113.509765625
2024-10-04,18.239999771118164,0.48500001430511475,110.5,16.244489669799805,118.80000305175781,7.356152057647705,213.39999389648438,19.92131805419922,9.273199081420898,182.20455932617188,32.4843864440918,9.807120323181152,22736.869140625
2024-10-07,20.600000381469727,0.48500001430511475,111.0,16.01461410522461,120.30000305175781,7.559463024139404,213.1999969482422,21.864858627319336,10.467906951904297,184.4970703125,33.71021270751953,9.90196704864502,23099.779296875
2024-10-08,15.65999984741211,0.48500001430511475,100.0999984741211,12.394085884094238,104.80000305175781,6.607599258422852,180.1999969482422,19.39655876159668,9.368017196655273,162.46905517578125,30.50420570373535,8.896595001220703,20926.7890625
2024-10-09,14.760000228881836,0.48500001430511475,99.1500015258789,12.01096248626709,104.0,6.376564025878906,184.39999389648438,18.910673141479492,8.599990844726562,161.07362365722656,29.466968536376953,8.612055778503418,20637.240234375
2024-10-10,14.699999809265137,0.48500001430511475,101.0,12.815523147583008,107.0,6.43201208114624,193.6999969482422,19.338253021240234,8.922372817993164,166.5557098388672,30.127029418945312,8.896595001220703,21251.98046875
2024-10-14,14.220000267028809,0.48500001430511475,98.3499984741211,12.930460929870605,105.9000015258789,6.43201208114624,183.60000610351562,18.65801429748535,8.799108505249023,168.15048217773438,30.221323013305664,8.42236328125,21092.869140625
2024-10-15,13.4399995803833,0.48500001430511475,92.5999984741211,12.279149055480957,98.55000305175781,6.182494163513184,170.8000030517578,18.09438705444336,8.562064170837402,159.8775177001953,29.608409881591797,8.090399742126465,20318.7890625
2024-10-16,13.5600004196167,0.48500001430511475,91.69999694824219,13.236960411071777,97.94999694824219,6.237942695617676,173.1999969482422,17.783418655395508,8.647400856018066,154.893798828125,29.042644500732422,7.881738662719727,20286.849609375
2024-10-17,13.180000305175781,0.48500001430511475,90.80000305175781,11.41711711883545,94.1500015258789,5.969942092895508,170.1999969482422,17.394710540771484,8.618955612182617,154.1960906982422,28.61832046508789,7.900707244873047,20079.099609375
2024-10-18,14.15999984741211,0.48500001430511475,93.30000305175781,11.896024703979492,98.5999984741211,6.191735744476318,185.39999389648438,18.24987030029297,9.007709503173828,158.28274536132812,29.514116287231445,8.109369277954102,20804.109375
2024-10-21,13.819999694824219,0.48500001430511475,91.0,11.838555335998535,96.19999694824219,6.0993218421936035,181.1999969482422,17.608501434326172,8.789628028869629,154.3954315185547,29.136938095092773,7.967099666595459,20478.4609375
2024-10-22,13.779999732971191,0.48500001430511475,88.3499984741211,12.01096248626709,101.0,6.053114891052246,184.8000030517578,17.997209548950195,8.780145645141602,153.89706420898438,29.70270538330078,8.005038261413574,20498.94921875
2024-10-23,13.899999618530273,0.48500001430511475,88.69999694824219,12.183367729187012,107.4000015258789,6.0993218421936035,194.89999389648438,18.133256912231445,8.865482330322266,158.48208618164062,28.7597599029541,8.071431159973145,20760.150390625
2024-10-24,13.520000457763672,0.48500001430511475,86.75,11.742774963378906,105.80000305175781,5.979183673858643,187.0,18.832931518554688,8.77066421508789,153.69772338867188,28.524024963378906,7.919677257537842,20489.619140625
2024-10-25,14.0,0.48500001430511475,87.05000305175781,11.646993637084961,111.19999694824219,6.025390625,184.89999389648438,19.29938316345215,8.789628028869629,155.6912078857422,28.476879119873047,7.843800067901611,20590.150390625
2024-10-28,14.199999809265137,0.48500001430511475,88.5,12.202524185180664,112.19999694824219,6.191735744476318,185.1999969482422,19.87272834777832,8.846518516540527,157.6846923828125,28.099700927734375,8.080916404724121,20599.359375
2024-10-29,14.119999885559082,0.48500001430511475,90.8499984741211,12.01096248626709,111.4000015258789,6.136287212371826,189.3000030517578,19.969905853271484,8.799108505249023,161.97068786621094,28.099700927734375,8.005038261413574,20701.140625
2024-10-30,13.960000038146973,0.48500001430511475,89.19999694824219,12.087587356567383,108.5999984741211,6.053114891052246,184.6999969482422,19.41599464416504,8.647400856018066,155.39218139648438,27.298200607299805,7.834315299987793,20380.640625
2024-10-31,14.0600004196167,0.48500001430511475,89.19999694824219,12.087587356567383,107.4000015258789,6.0438737869262695,182.5,19.26051139831543,8.656882286071777,154.9934844970703,26.638139724731445,7.692044734954834,20317.330078125
2024-11-01,13.779999732971191,0.48500001430511475,88.3499984741211,12.489867210388184,97.0999984741211,6.200977325439453,187.60000610351562,20.31002426147461,8.675846099853516,157.58502197265625,26.921022415161133,7.55925989151001,20506.4296875
2024-11-04,13.880000114440918,0.48500001430511475,88.25,12.54733657836914,99.1500015258789,6.200977325439453,187.6999969482422,20.31002426147461,8.656882286071777,155.59153747558594,27.20390510559082,7.606683731079102,20567.51953125
2024-11-05,14.680000305175781,0.48500001430511475,90.30000305175781,13.026243209838867,98.3499984741211,6.441253662109375,193.8000030517578,20.455791473388672,8.903409957885742,158.08338928222656,27.392494201660156,8.099884986877441,21006.970703125
2024-11-06,14.720000267028809,0.48500001430511475,88.4000015258789,12.834678649902344,95.69999694824219,6.330356597900391,189.3000030517578,19.92131805419922,8.599990844726562,151.5048828125,26.260963439941406,7.748953342437744,20538.380859375
2024-11-07,15.5600004196167,0.48500001430511475,89.80000305175781,13.945741653442383,97.80000305175781,6.404287815093994,199.89999389648438,20.455791473388672,9.093045234680176,153.0996856689453,26.590991973876953,8.166276931762695,20953.33984375
2024-11-08,15.100000381469727,0.48500001430511475,88.94999694824219,13.141180038452148,96.05000305175781,6.265666961669922,191.8000030517578,20.212846755981445,8.874963760375977,154.7941436767578,26.355257034301758,8.213700294494629,20728.189453125
2024-11-11,14.800000190734863,0.48500001430511475,87.19999694824219,12.470711708068848,95.5999984741211,6.136287212371826,185.60000610351562,19.969905853271484,8.742218971252441,151.2058563232422,26.07237434387207,8.175762176513672,20426.9296875
2024-11-12,14.079999923706055,0.48500001430511475,83.69999694824219,11.915180206298828,90.25,6.025390625,175.6999969482422,19.105030059814453,8.562064170837402,143.63063049316406,25.789491653442383,7.616168022155762,19846.880859375
2024-11-13,13.859999656677246,0.48500001430511475,83.25,11.723618507385254,88.5,5.997666358947754,175.39999389648438,18.968982696533203,8.514655113220215,141.33811950683594,26.213815689086914,7.54977560043335,19823.44921875
2024-11-14,13.319999694824219,0.48500001430511475,81.0,10.880743026733398,85.80000305175781,5.8960113525390625,169.3000030517578,18.40535545349121,8.249165534973145,134.65994262695312,26.119522094726562,7.284205436706543,19435.810546875
2024-11-15,13.239999771118164,0.48500001430511475,82.25,10.919055938720703,87.55000305175781,5.868286609649658,169.60000610351562,18.502531051635742,8.277609825134277,132.1680908203125,26.355257034301758,7.255751609802246,19426.33984375
2024-11-18,13.239999771118164,0.48500001430511475,81.80000305175781,10.899900436401367,88.19999694824219,5.84056282043457,169.0,18.619142532348633,8.391392707824707,136.9524383544922,25.553756713867188,7.160905361175537,19576.609375
2024-11-19,13.420000076293945,0.48500001430511475,83.3499984741211,10.919055938720703,90.8499984741211,5.868286609649658,171.89999389648438,18.968982696533203,8.524136543273926,136.7530975341797,25.600902557373047,7.2083282470703125,19663.669921875
2024-11-20,13.779999732971191,0.48500001430511475,84.0,10.880743026733398,90.1500015258789,5.905252456665039,174.8000030517578,19.027286529541016,8.57154655456543,137.0521240234375,25.600902557373047,7.170389652252197,19705.009765625
2024-11-21,13.460000038146973,0.48500001430511475,83.8499984741211,10.727494239807129,88.75,5.92373514175415,172.6999969482422,18.891239166259766,8.543100357055664,137.4508056640625,25.412315368652344,7.05657434463501,19601.109375
2024-11-22,12.680000305175781,0.48500001430511475,76.6500015258789,10.30605697631836,85.55000305175781,5.720424652099609,167.10000610351562,18.677448272705078,8.230202674865723,137.0521240234375,25.129430770874023,6.933273792266846,19229.970703125
2024-11-25,12.220000267028809,0.48500001430511475,77.8499984741211,10.152806282043457,87.05000305175781,5.692700386047363,162.0,18.24987030029297,8.211237907409668,132.8657989501953,24.61081314086914,6.88585090637207,19150.990234375
2024-11-26,12.140000343322754,0.48500001430511475,81.0999984741211,10.0953369140625,86.30000305175781,5.674217700958252,164.3000030517578,18.94954490661621,8.182792663574219,135.35765075683594,24.61081314086914,7.028120040893555,19159.19921875
2024-11-27,12.600000381469727,0.48500001430511475,82.3499984741211,10.325213432312012,88.5,5.785114288330078,176.1999969482422,18.968982696533203,8.410355567932129,142.13551330566406,25.506607055664062,7.141936302185059,19603.130859375
2024-11-28,12.239999771118164,0.48500001430511475,80.44999694824219,10.210274696350098,87.75,5.738907337188721,172.1999969482422,18.463659286499023,8.15434741973877,141.73680114746094,24.799400329589844,6.9901814460754395,19366.9609375
2024-11-29,12.600000381469727,0.48500001430511475,81.30000305175781,10.459306716918945,91.0999984741211,5.831321716308594,168.6999969482422,19.279949188232422,8.182792663574219,143.33160400390625,24.94084358215332,7.0186357498168945,19423.609375
2024-12-02,12.600000381469727,0.48500001430511475,82.9000015258789,10.650869369506836,88.75,5.979183673858643,167.39999389648438,19.726961135864258,8.31553840637207,146.8201904296875,25.03513526916504,7.085027694702148,19550.2890625
2024-12-03,12.619999885559082,0.48500001430511475,84.1500015258789,10.78496265411377,88.05000305175781,6.0993218421936035,165.5,19.824138641357422,8.467247009277344,144.8267059326172,25.03513526916504,7.122966766357422,19746.3203125
2024-12-04,12.619999885559082,0.48500001430511475,83.6500015258789,10.593400955200195,87.8499984741211,5.960700988769531,165.1999969482422,19.678373336791992,8.505173683166504,141.93614196777344,25.129430770874023,6.9901814460754395,19742.4609375
2024-12-05,12.279999732971191,0.48500001430511475,83.8499984741211,10.382682800292969,86.25,5.932976722717285,159.1999969482422,19.58119773864746,8.419837951660156,141.73680114746094,24.98798942565918,6.971212387084961,19560.439453125
2024-12-06,12.739999771118164,0.48500001430511475,84.94999694824219,10.727494239807129,88.25,5.960700988769531,162.39999389648438,19.62978744506836,8.495692253112793,146.1224822998047,25.836637496948242,7.075543403625488,19865.849609375
2024-12-09,13.420000076293945,0.48500001430511475,87.0999984741211,11.436273574829102,91.9000015258789,6.228701591491699,171.6999969482422,20.018495559692383,8.742218971252441,151.7042236328125,27.015316009521484,7.2652363777160645,20414.08984375
2024-12-10,13.0,0.48500001430511475,85.55000305175781,10.957367897033691,90.05000305175781,6.237942695617676,171.8000030517578,20.50438117980957,8.618955612182617,152.8006591796875,26.685287475585938,7.170389652252197,20311.279296875
2024-12-11,12.760000228881836,0.48500001430511475,85.5,10.84243106842041,88.5999984741211,6.006907939910889,167.0,20.455791473388672,8.495692253112793,148.51466369628906,26.355257034301758,6.999666690826416,20155.05078125
2024-12-12,12.920000076293945,0.48500001430511475,87.5999984741211,11.033994674682617,90.4000015258789,6.080839157104492,168.89999389648438,21.281797409057617,8.618955612182617,147.31857299804688,26.54384422302246,7.369567394256592,20397.05078125
2024-12-13,12.199999809265137,0.48500001430511475,86.8499984741211,10.22943115234375,85.94999694824219,5.822080135345459,162.60000610351562,21.23320960998535,8.429320335388184,143.9296417236328,25.64805030822754,6.9237895011901855,19971.240234375
2024-12-16,12.020000457763672,0.48500001430511475,87.19999694824219,9.731369018554688,85.44999694824219,5.822080135345459,159.60000610351562,20.893089294433594,8.372428894042969,143.53094482421875,25.553756713867188,6.952242851257324,19795.490234375
2024-12-17,11.819999694824219,0.48500001430511475,86.25,9.654744148254395,85.25,5.7481489181518555,158.60000610351562,20.552967071533203,8.277609825134277,141.73680114746094,25.36516761779785,6.847911834716797,19700.48046875
2024-12-18,12.0,0.48500001430511475,87.75,9.769680976867676,89.9000015258789,5.831321716308594,160.10000610351562,20.844501495361328,8.35346508026123,143.53094482421875,25.742341995239258,6.961728096008301,19864.55078125
2024-12-19,11.859999656677246,0.48500001430511475,84.0999984741211,9.673901557922363,91.05000305175781,5.692700386047363,158.39999389648438,20.698732376098633,8.306056022644043,141.23843383789062,25.553756713867188,6.999666690826416,19752.509765625
2024-12-20,11.739999771118164,0.48500001430511475,81.94999694824219,9.654744148254395,93.25,5.729665756225586,158.60000610351562,20.698732376098633,8.334501266479492,136.9524383544922,25.270872116088867,7.037604808807373,19720.69921875
2024-12-23,11.819999694824219,0.48500001430511475,84.55000305175781,9.731369018554688,93.80000305175781,5.7481489181518555,155.60000610351562,20.844501495361328,8.467247009277344,139.14527893066406,25.506607055664062,6.971212387084961,19883.130859375
2024-12-24,11.979999542236328,0.48500001430511475,85.5,9.94208812713623,94.69999694824219,5.822080135345459,155.1999969482422,20.844501495361328,8.637918472290039,140.9394073486328,26.166667938232422,6.952242851257324,20098.2890625
2024-12-27,11.859999656677246,0.48500001430511475,85.0,9.654744148254395,100.4000015258789,5.794355869293213,154.6999969482422,21.136032104492188,8.675846099853516,135.4573211669922,25.600902557373047,7.037604808807373,20090.4609375
2024-12-30,11.800000190734863,0.48500001430511475,83.80000305175781,9.635588645935059,98.0999984741211,5.757390022277832,152.8000030517578,20.06708335876465,8.675846099853516,134.26123046875,25.270872116088867,7.0186357498168945,20041.419921875
2024-12-31,11.739999771118164,0.48500001430511475,82.69999694824219,9.578119277954102,94.4000015258789,5.757390022277832,152.5,20.261436462402344,8.723254203796387,135.4573211669922,25.883785247802734,7.1134819984436035,20059.94921875
2025-01-02,11.199999809265137,0.48500001430511475,80.80000305175781,9.549385070800781,93.9000015258789,5.664976596832275,150.60000610351562,19.62978744506836,8.258646965026855,132.0684051513672,25.223724365234375,6.857396602630615,19623.3203125
2025-01-03,11.0,0.48500001430511475,81.05000305175781,9.49191665649414,96.05000305175781,5.53559684753418,153.6999969482422,19.163333892822266,8.192275047302246,133.7628631591797,24.799400329589844,6.847911834716797,19760.26953125
2025-01-06,10.979999542236328,0.48500001430511475,80.75,9.49191665649414,94.3499984741211,5.600286483764648,150.6999969482422,19.163333892822266,8.106938362121582,135.2579803466797,24.469371795654297,6.6487345695495605,19688.2890625
2025-01-07,11.0600004196167,0.48500001430511475,80.44999694824219,9.482337951660156,92.8499984741211,5.609528064727783,148.6999969482422,19.4354305267334,8.050046920776367,134.5602569580078,24.799400329589844,6.734096050262451,19447.580078125
2025-01-08,10.979999542236328,0.48500001430511475,79.8499984741211,9.338666915893555,91.55000305175781,5.600286483764648,146.6999969482422,19.105030059814453,8.00263786315918,134.85928344726562,25.506607055664062,6.639249801635742,19279.83984375
2025-01-09,10.9399995803833,0.48500001430511475,78.8499984741211,9.060900688171387,87.5,5.618769645690918,144.39999389648438,19.007850646972656,7.936265468597412,132.76611328125,25.6951961517334,6.591826438903809,19240.890625
2025-01-10,10.819999694824219,0.48500001430511475,77.69999694824219,8.907651901245117,87.94999694824219,5.554079532623291,140.10000610351562,18.560836791992188,7.869893550872803,130.47360229492188,24.846548080444336,6.582342147827148,19064.2890625
2025-01-13,10.880000114440918,0.48500001430511475,75.9000015258789,9.060900688171387,85.30000305175781,5.4524245262146,137.39999389648438,18.230436325073242,7.888856410980225,128.57980346679688,23.149250030517578,6.620280742645264,18874.140625
2025-01-14,11.300000190734863,0.48500001430511475,77.55000305175781,9.108792304992676,88.1500015258789,5.581803798675537,144.3000030517578,18.03607940673828,7.974193096160889,135.4573211669922,23.715015411376953,6.6487345695495605,19219.779296875
2025-01-15,11.220000267028809,0.48500001430511475,78.5,9.003432273864746,85.4000015258789,5.581803798675537,144.5,17.589065551757812,7.936265468597412,136.65342712402344,23.243545532226562,6.610795974731445,19286.0703125
2025-01-16,11.220000267028809,0.48500001430511475,79.0999984741211,9.252463340759277,85.4000015258789,5.600286483764648,147.60000610351562,17.530759811401367,8.050046920776367,139.64364624023438,23.715015411376953,6.696157932281494,19522.890625
2025-01-17,11.300000190734863,0.48500001430511475,78.6500015258789,9.472761154174805,86.75,5.785114288330078,147.8000030517578,17.433582305908203,8.087973594665527,146.22215270996094,24.092193603515625,6.8194580078125,19584.060546875
2025-01-20,11.479999542236328,0.48500001430511475,80.80000305175781,9.463181495666504,89.3499984741211,5.766631603240967,155.5,17.822290420532227,8.220719337463379,156.8872833251953,24.422222137451172,6.772034645080566,19925.810546875
2025-01-21,11.579999923706055,0.5699999928474426,81.75,9.673901557922363,94.0999984741211,5.757390022277832,158.5,17.608501434326172,8.325018882751465,157.884033203125,24.375076293945312,6.7056427001953125,20106.55078125
2025-01-22,11.220000267028809,0.48500001430511475,80.1500015258789,9.30035400390625,90.69999694824219,5.70194149017334,152.5,17.3558406829834,8.192275047302246,151.106201171875,23.85645866394043,6.591826438903809,19778.76953125
2025-01-23,11.300000190734863,0.41499999165534973,79.80000305175781,9.223729133605957,87.30000305175781,5.646493911743164,151.10000610351562,17.20035743713379,8.277609825134277,150.70748901367188,23.6207218170166,6.629765033721924,19700.560546875
2025-01-24,11.579999923706055,0.41999998688697815,81.55000305175781,9.214151382446289,89.69999694824219,5.498631000518799,150.0,17.530759811401367,8.38191032409668,155.1928253173828,23.997900009155273,6.743581295013428,20066.189453125
2025-01-27,11.699999809265137,0.4449999928474426,84.75,9.424869537353516,92.0,5.738907337188721,149.6999969482422,17.841726303100586,8.343982696533203,156.78762817382812,24.516517639160156,6.8004889488220215,20197.76953125
2025-01-28,12.100000381469727,0.4350000023841858,87.69999694824219,9.415291786193848,92.5,5.683459281921387,148.60000610351562,18.074951171875,8.306056022644043,156.4886016845703,24.139341354370117,6.772034645080566,20225.109375
2025-02-03,11.899999618530273,0.41999998688697815,84.44999694824219,9.223729133605957,86.6500015258789,5.600286483764648,142.3000030517578,16.811647415161133,8.287091255187988,151.40521240234375,23.762163162231445,6.904819965362549,20217.259765625
2025-02-04,12.079999923706055,0.4350000023841858,87.3499984741211,9.396135330200195,94.19999694824219,5.6280107498168945,150.8000030517578,16.792213439941406,8.476727485656738,161.57199096679688,24.375076293945312,7.028120040893555,20789.9609375
2025-02-05,11.9399995803833,0.4099999964237213,87.80000305175781,9.309932708740234,90.4000015258789,5.544837951660156,150.89999389648438,16.2674560546875,8.325018882751465,155.990234375,23.52642822265625,6.847911834716797,20597.08984375
2025-02-06,12.100000381469727,0.4050000011920929,86.6500015258789,9.386556625366211,95.9000015258789,5.637251853942871,150.10000610351562,16.28689193725586,8.524136543273926,157.18630981445312,23.52642822265625,6.914304733276367,20891.619140625
2025-02-07,12.380000114440918,0.4099999964237213,86.25,9.568540573120117,103.19999694824219,5.646493911743164,154.10000610351562,16.403501510620117,8.467247009277344,156.58827209472656,23.997900009155273,7.028120040893555,21133.5390625
2025-02-10,12.5600004196167,0.4099999964237213,89.44999694824219,9.597275733947754,105.5999984741211,5.720424652099609,162.6999969482422,16.44237518310547,8.514655113220215,160.97393798828125,24.186487197875977,7.0186357498168945,21521.98046875
2025-02-11,12.039999961853027,0.4000000059604645,88.75,9.309932708740234,99.69999694824219,5.618769645690918,161.8000030517578,15.5872163772583,8.287091255187988,157.9837188720703,23.715015411376953,6.866880893707275,21294.859375
2025-02-12,12.420000076293945,0.4350000023841858,88.9000015258789,10.057024955749512,100.9000015258789,5.84056282043457,155.1999969482422,15.995359420776367,8.533618927001953,155.59153747558594,23.809309005737305,6.999666690826416,21857.919921875
2025-02-13,12.319999694824219,0.4050000011920929,94.0,9.80799388885498,97.9000015258789,5.674217700958252,159.6999969482422,16.2674560546875,8.524136543273926,151.0065155029297,23.809309005737305,7.085027694702148,21814.369140625
2025-02-14,14.800000190734863,0.4050000011920929,96.55000305175781,9.94208812713623,101.5999984741211,5.812838554382324,169.89999389648438,16.500680923461914,8.713772773742676,162.46905517578125,24.516517639160156,7.217813491821289,22620.330078125
2025-02-17,14.399999618530273,0.4099999964237213,89.8499984741211,9.80799388885498,100.5999984741211,5.92373514175415,168.89999389648438,16.753339767456055,8.77066421508789,156.58827209472656,24.186487197875977,7.255751609802246,22616.23046875
2025-02-18,15.0,0.4050000011920929,90.19999694824219,9.6930570602417,102.80000305175781,5.932976722717285,172.89999389648438,16.831083297729492,8.846518516540527,156.08990478515625,24.56366539001465,7.511837005615234,22976.810546875
2025-02-19,14.5600004196167,0.4000000059604645,88.3499984741211,9.769680976867676,104.5,5.914494514465332,167.6999969482422,16.811647415161133,8.827555656433105,153.69772338867188,23.997900009155273,7.80586051940918,22944.240234375
2025-02-20,14.0,0.38999998569488525,85.5,9.55896282196045,101.9000015258789,5.868286609649658,156.89999389648438,17.00600242614746,8.723254203796387,153.1993408203125,23.762163162231445,7.445444583892822,22576.98046875
2025-02-21,15.0,0.38999998569488525,89.5,9.635588645935059,109.4000015258789,5.877528667449951,162.89999389648438,16.695035934448242,8.704292297363281,161.07362365722656,23.57357406616211,7.5213212966918945,23477.919921875
2025-02-24,12.920000076293945,0.4050000011920929,89.5,10.203241348266602,106.19999694824219,6.006907939910889,166.5,17.569629669189453,8.713772773742676,160.57525634765625,24.28078269958496,7.7015299797058105,23341.609375
2025-02-25,12.140000343322754,0.38499999046325684,86.0,9.928539276123047,119.5,5.969942092895508,158.60000610351562,17.122615814208984,8.552583694458008,154.4951171875,23.290693283081055,7.435960292816162,23034.01953125
2025-02-26,12.720000267028809,0.39500001072883606,88.8499984741211,10.988106727600098,128.6999969482422,6.191735744476318,174.1999969482422,17.14204978942871,8.808591842651367,167.5524444580078,24.092193603515625,8.213700294494629,23787.9296875
2025-02-27,12.4399995803833,0.4650000035762787,87.75,11.478646278381348,127.80000305175781,6.2471842765808105,172.8000030517578,17.219791412353516,8.761181831359863,166.65536499023438,24.61081314086914,8.45081615447998,23718.2890625
2025-02-28,11.619999885559082,0.5,83.5,10.458322525024414,117.5,6.025390625,162.0,17.29753303527832,8.438800811767578,160.07687377929688,23.337839126586914,7.900707244873047,22941.3203125
2025-03-03,11.619999885559082,0.5199999809265137,83.30000305175781,10.752646446228027,111.80000305175781,6.006907939910889,162.60000610351562,17.783418655395508,8.514655113220215,158.48208618164062,22.77207374572754,7.796376705169678,23006.26953125
2025-03-04,11.960000038146973,0.5,84.75,10.634918212890625,108.19999694824219,5.979183673858643,161.1999969482422,17.647371292114258,8.618955612182617,159.6781768798828,23.196399688720703,8.147308349609375,22941.76953125
2025-03-05,12.380000114440918,0.48500001430511475,87.5,10.634918212890625,109.80000305175781,6.108563423156738,171.5,17.725112915039062,8.893927574157715,164.56222534179688,23.762163162231445,8.204216003417969,23594.2109375
2025-03-06,12.84000015258789,0.5099999904632568,91.1500015258789,11.086214065551758,110.30000305175781,6.284150123596191,180.3000030517578,17.958337783813477,8.979263305664062,178.41693115234375,24.23363494873047,8.318032264709473,24369.7109375
2025-03-07,12.9399995803833,0.47999998927116394,90.80000305175781,10.713403701782227,110.9000015258789,6.173253059387207,183.5,17.822290420532227,9.026673316955566,169.54592895507812,24.23363494873047,8.36545467376709,24231.30078125
2025-03-10,12.619999885559082,0.5099999904632568,92.0,10.65453815460205,110.5,6.200977325439453,174.89999389648438,17.589065551757812,8.969781875610352,161.77133178710938,24.23363494873047,8.28957748413086,23783.490234375
2025-03-11,12.779999732971191,0.5099999904632568,92.25,10.634918212890625,113.0,6.237942695617676,171.60000610351562,18.09438705444336,9.036153793334961,159.57850646972656,24.705108642578125,8.393909454345703,23782.140625
2025-03-12,12.619999885559082,0.49000000953674316,90.05000305175781,10.477944374084473,112.30000305175781,6.237942695617676,168.3000030517578,17.33640480041504,9.074081420898438,156.1895751953125,23.997900009155273,8.223185539245605,23600.310546875
2025-03-13,12.5,0.48500001430511475,89.44999694824219,10.438701629638672,110.5999984741211,6.173253059387207,164.5,17.064308166503906,9.007709503173828,156.6879425048828,23.52642822265625,8.194731712341309,23462.650390625
2025-03-14,13.039999961853027,0.5199999809265137,91.6500015258789,10.693780899047852,113.19999694824219,6.2194600105285645,173.39999389648438,17.29753303527832,9.102527618408203,165.0605926513672,24.94084358215332,8.602570533752441,23959.98046875
2025-03-17,13.34000015258789,0.550000011920929,92.05000305175781,10.733024597167969,105.0999984741211,6.265666961669922,175.10000610351562,17.375274658203125,9.026673316955566,168.4495086669922,25.03513526916504,8.90608024597168,24145.5703125
2025-03-18,13.460000038146973,0.5299999713897705,103.30000305175781,10.811511993408203,112.19999694824219,6.3673224449157715,177.3000030517578,17.49188804626465,9.633506774902344,177.3205108642578,25.789491653442383,8.678447723388672,24740.5703125
2025-03-19,13.819999694824219,0.5199999809265137,99.19999694824219,10.752646446228027,108.69999694824219,6.395046710968018,175.89999389648438,17.29753303527832,9.481799125671387,175.6260528564453,25.600902557373047,9.238041877746582,24771.140625
2025-03-20,13.100000381469727,0.4950000047683716,93.80000305175781,10.497566223144531,106.30000305175781,6.284150123596191,168.10000610351562,16.947696685791016,9.24475383758545,166.9543914794922,24.98798942565918,8.972472190856934,24219.94921875
2025-03-21,13.5,0.4699999988079071,91.44999694824219,10.242485046386719,101.30000305175781,6.117804527282715,167.60000610351562,16.520116806030273,9.168899536132812,162.36936950683594,24.28078269958496,8.962986946105957,23689.720703125
2025-03-24,13.399999618530273,0.47999998927116394,93.55000305175781,10.026646614074707,105.19999694824219,6.108563423156738,165.6999969482422,16.44237518310547,9.168899536132812,166.0573272705078,25.742341995239258,8.925048828125,23905.560546875
2025-03-25,12.699999809265137,0.46000000834465027,92.0999984741211,9.967782020568848,100.0,6.053114891052246,158.5,16.24802017211914,9.121490478515625,160.67491149902344,25.129430770874023,9.086287498474121,23344.25
2025-03-26,12.600000381469727,0.4749999940395355,93.3499984741211,10.026646614074707,102.69999694824219,6.173253059387207,159.89999389648438,16.36463165283203,9.064600944519043,163.5654754638672,24.799400329589844,8.725871086120605,23483.3203125
2025-03-27,12.65999984741211,0.4650000035762787,95.0999984741211,10.085511207580566,103.19999694824219,6.090080738067627,162.8000030517578,16.09253692626953,9.102527618408203,164.0638427734375,25.176578521728516,8.962986946105957,23578.80078125
2025-03-28,12.579999923706055,0.47999998927116394,93.3499984741211,10.144376754760742,99.5999984741211,6.0993218421936035,160.10000610351562,15.87874698638916,8.979263305664062,163.86448669433594,23.290693283081055,9.00092601776123,23426.599609375
2025-03-31,12.220000267028809,0.47999998927116394,89.94999694824219,9.624403953552246,99.05000305175781,6.136287212371826,155.8000030517578,15.159636497497559,9.102527618408203,160.27622985839844,23.57357406616211,8.896595001220703,23119.580078125
2025-04-01,12.079999923706055,0.4650000035762787,89.0,9.644025802612305,99.0,6.330356597900391,157.89999389648438,15.412296295166016,9.18786334991455,160.67491149902344,23.337839126586914,8.801748275756836,23206.83984375
2025-04-02,12.260000228881836,0.44999998807907104,90.0,9.810809135437012,100.19999694824219,6.321115493774414,157.8000030517578,15.412296295166016,9.149935722351074,161.3726348876953,23.479280471801758,8.887109756469727,23202.529296875
2025-04-03,12.15999984741211,0.4449999928474426,87.80000305175781,9.967782020568848,97.5,6.237942695617676,157.89999389648438,15.1402006149292,8.931855201721191,153.0,21.593393325805664,8.640509605407715,22849.810546875
2025-04-07,10.039999961853027,0.3799999952316284,75.5,9.016133308410645,80.0999984741211,5.507872581481934,134.3000030517578,12.982867240905762,7.803520202636719,126.4000015258789,18.689130783081055,7.967099666595459,19828.30078125
2025-04-08,10.119999885559082,0.39500001072883606,78.5999984741211,9.10443115234375,81.19999694824219,5.443182468414307,140.60000610351562,12.885690689086914,7.794039249420166,137.60000610351562,19.23603630065918,8.204216003417969,20127.6796875
2025-04-09,10.220000267028809,0.41999998688697815,77.69999694824219,9.634214401245117,81.44999694824219,5.378493309020996,146.39999389648438,12.594159126281738,7.936265468597412,136.6999969482422,19.424625396728516,8.024007797241211,20264.490234375
2025-04-10,10.359999656677246,0.4300000071525574,79.55000305175781,9.987403869628906,85.4000015258789,5.461665153503418,145.39999389648438,13.002304077148438,8.031084060668945,141.6999969482422,20.131832122802734,8.147308349609375,20681.779296875
2025-04-11,10.699999809265137,0.4399999976158142,79.0999984741211,9.869674682617188,90.1500015258789,5.470906734466553,143.5,12.866255760192871,8.20175552368164,143.10000610351562,20.367568969726562,8.052461624145508,20914.689453125
2025-04-14,11.119999885559082,0.4350000023841858,82.25,10.026646614074707,92.80000305175781,5.6280107498168945,145.89999389648438,13.04117488861084,8.457764625549316,146.60000610351562,20.98048210144043,8.223185539245605,21417.400390625
2025-04-15,11.279999732971191,0.41999998688697815,82.30000305175781,9.800997734069824,90.3499984741211,5.674217700958252,146.8000030517578,12.78851318359375,8.438800811767578,146.5,20.98048210144043,8.166276931762695,21466.26953125
2025-04-16,10.819999694824219,0.41499999165534973,80.5,9.987403869628906,86.80000305175781,5.581803798675537,134.89999389648438,12.458111763000488,8.38191032409668,138.39999389648438,20.367568969726562,7.938645839691162,21056.98046875
2025-04-17,10.899999618530273,0.4350000023841858,82.55000305175781,10.438701629638672,89.6500015258789,5.600286483764648,136.5,12.67190170288086,8.457764625549316,139.1999969482422,20.414716720581055,8.005038261413574,21395.140625
2025-04-22,10.979999542236328,0.4350000023841858,81.75,10.634918212890625,92.30000305175781,5.664976596832275,130.1999969482422,12.769078254699707,8.666364669799805,130.39999389648438,20.886186599731445,7.995553970336914,21562.3203125
2025-04-23,11.399999618530273,0.4399999976158142,84.19999694824219,10.67416000366211,92.8499984741211,5.757390022277832,133.89999389648438,13.235528945922852,8.666364669799805,132.39999389648438,21.216217041015625,7.976584434509277,22072.619140625
2025-04-24,11.380000114440918,0.4350000023841858,84.3499984741211,10.477944374084473,90.69999694824219,5.711183071136475,127.0,13.216094017028809,8.647400856018066,124.19999694824219,21.027629852294922,7.7584381103515625,21909.759765625
2025-04-25,11.180000305175781,0.4399999976158142,87.5999984741211,10.419078826904297,90.94999694824219,5.785114288330078,127.5999984741211,13.604802131652832,8.723254203796387,123.80000305175781,21.074777603149414,7.739468097686768,21980.740234375
2025-04-28,11.079999923706055,0.42500001192092896,86.9000015258789,10.28172779083252,92.44999694824219,5.794355869293213,128.39999389648438,13.585366249084473,8.742218971252441,126.5,21.121923446655273,7.748953342437744,21971.9609375
2025-04-29,11.15999984741211,0.4300000071525574,86.6500015258789,10.105134010314941,94.25,5.822080135345459,132.10000610351562,13.507623672485352,8.827555656433105,128.89999389648438,21.216217041015625,7.673076152801514,22008.109375
2025-04-30,11.220000267028809,0.41999998688697815,86.44999694824219,10.242485046386719,95.25,5.886769771575928,130.3000030517578,13.585366249084473,8.979263305664062,127.9000015258789,21.263364791870117,7.796376705169678,22119.41015625
2025-05-02,11.600000381469727,0.42500001192092896,87.44999694824219,10.301349639892578,98.6500015258789,5.942217826843262,132.5,13.799156188964844,8.988744735717773,132.10000610351562,21.781984329223633,8.005038261413574,22504.6796875
2025-05-06,11.819999694824219,0.42500001192092896,87.80000305175781,10.203241348266602,98.5999984741211,5.960700988769531,138.5,14.537702560424805,9.093045234680176,131.5,21.593393325805664,8.080916404724121,22662.7109375
2025-05-07,11.819999694824219,0.42500001192092896,87.4000015258789,10.203241348266602,100.9000015258789,5.980406284332275,139.0,14.926410675048828,9.0551176071167,130.89999389648438,21.451953887939453,8.024007797241211,22691.880859375
2025-05-08,12.020000457763672,0.41999998688697815,85.0,10.007024765014648,105.9000015258789,6.000111103057861,141.39999389648438,15.159636497497559,9.121490478515625,131.60000610351562,21.546247482299805,7.881738662719727,22775.919921875
2025-05-09,12.0,0.41499999165534973,84.55000305175781,9.83043098449707,103.80000305175781,6.08878231048584,141.0,15.179071426391602,9.064600944519043,131.5,21.499099731445312,7.900707244873047,22867.740234375
2025-05-12,12.460000038146973,0.4350000023841858,88.80000305175781,10.301349639892578,111.30000305175781,6.236568450927734,144.5,15.664958953857422,9.443872451782227,139.89999389648438,23.290693283081055,8.128338813781738,23549.4609375
2025-05-13,12.319999694824219,0.42500001192092896,87.30000305175781,10.379836082458496,107.9000015258789,6.08878231048584,137.39999389648438,15.50947380065918,9.21630859375,137.0,22.77207374572754,8.194731712341309,23108.26953125
2025-05-14,12.9399995803833,0.41499999165534973,90.80000305175781,10.419078826904297,112.80000305175781,6.138044357299805,139.39999389648438,15.645523071289062,9.3774995803833,141.60000610351562,22.724925994873047,8.44133186340332,23640.650390625
2025-05-15,12.680000305175781,0.4099999964237213,89.5,10.046268463134766,111.30000305175781,6.059225082397461,135.39999389648438,15.315120697021484,9.301645278930664,135.39999389648438,22.394895553588867,8.35597038269043,23453.16015625
2025-05-16,12.380000114440918,0.4000000059604645,88.5,9.928539276123047,113.19999694824219,6.118339538574219,131.39999389648438,15.1402006149292,9.263718605041504,131.8000030517578,21.923425674438477,8.166276931762695,23345.05078125
2025-05-19,12.260000228881836,0.39500001072883606,86.44999694824219,9.908918380737305,109.5999984741211,6.049372673034668,134.39999389648438,15.062458992004395,9.330090522766113,130.39999389648438,22.159160614013672,7.9481306076049805,23332.720703125
2025-05-20,12.260000228881836,0.38999998569488525,87.80000305175781,9.908918380737305,111.0,6.138044357299805,136.39999389648438,15.043023109436035,9.40594482421875,133.5,22.48919105529785,8.090399742126465,23681.48046875
2025-05-21,12.180000305175781,0.39500001072883606,86.0999984741211,9.928539276123047,115.5,6.177453994750977,137.3000030517578,14.712621688842773,9.453353881835938,134.5,22.583486557006836,7.989999771118164,23827.779296875
2025-05-22,12.079999923706055,0.38999998569488525,82.6500015258789,9.70289134979248,112.30000305175781,6.078929901123047,136.0,14.693185806274414,9.443872451782227,132.5,22.347749710083008,7.659999847412109,23544.310546875
2025-05-23,12.4399995803833,0.38999998569488525,83.0999984741211,9.663647651672363,113.5,6.069077491760254,136.89999389648438,14.61544418334961,9.462835311889648,131.89999389648438,22.112014770507812,7.809999942779541,23601.259765625
2025-05-26,13.979999542236328,0.38999998569488525,81.9000015258789,9.673457145690918,109.9000015258789,6.098634719848633,129.39999389648438,14.926410675048828,9.434389114379883,129.60000610351562,22.112014770507812,7.880000114440918,23282.330078125
2025-05-27,15.680000305175781,0.38499999046325684,81.8499984741211,9.644025802612305,111.69999694824219,6.108487129211426,132.10000610351562,14.945846557617188,9.424907684326172,128.3000030517578,21.593393325805664,7.980000019073486,23381.990234375
2025-05-28,16.0,0.38499999046325684,82.5999984741211,9.604782104492188,108.9000015258789,6.128191947937012,131.39999389648438,15.271830558776855,9.424907684326172,126.5,21.73483657836914,8.3100004196167,23258.310546875
2025-05-29,21.049999237060547,0.38999998569488525,84.80000305175781,9.722512245178223,108.19999694824219,6.177453994750977,140.10000610351562,15.35085678100586,9.5955810546875,131.8000030517578,22.159160614013672,8.4399995803833,23573.380859375
2025-05-30,19.260000228881836,0.38499999046325684,81.6500015258789,9.644025802612305,112.30000305175781,6.108487129211426,138.0,15.232316970825195,9.40594482421875,128.89999389648438,21.68769073486328,8.180000305175781,23289.76953125
2025-06-02,21.100000381469727,0.38499999046325684,81.4000015258789,9.153484344482422,110.0,6.078929901123047,135.6999969482422,15.884284019470215,9.443872451782227,128.60000610351562,21.216217041015625,8.25,23157.970703125
2025-06-03,19.760000228881836,0.3799999952316284,82.0999984741211,9.222160339355469,116.4000015258789,6.108487129211426,136.60000610351562,15.587935447692871,9.614543914794922,128.60000610351562,21.499099731445312,8.390000343322754,23512.490234375
2025-06-04,19.139999389648438,0.39500001072883606,83.05000305175781,9.418376922607422,116.4000015258789,6.108487129211426,140.6999969482422,15.686718940734863,9.557653427124023,128.6999969482422,21.593393325805664,8.40999984741211,23654.029296875
2025-06-05,19.200000762939453,0.38999998569488525,83.94999694824219,9.506673812866211,116.80000305175781,6.31538724899292,144.39999389648438,15.548421859741211,9.728325843811035,130.60000610351562,21.593393325805664,8.619999885559082,23906.970703125
2025-06-06,17.5,0.38999998569488525,83.5999984741211,9.290836334228516,116.80000305175781,6.246420860290527,141.6999969482422,15.271830558776855,9.86107063293457,128.6999969482422,21.923425674438477,8.739999771118164,23792.5390625
2025-06-09,18.459999084472656,0.38499999046325684,86.05000305175781,9.398755073547363,120.0,6.31538724899292,148.39999389648438,15.548421859741211,9.974853515625,134.0,22.017719268798828,8.5600004196167,24181.4296875
2025-06-10,18.559999465942383,0.38499999046325684,85.6500015258789,9.624403953552246,116.69999694824219,6.433616638183594,144.39999389648438,15.686718940734863,10.221379280090332,131.89999389648438,21.923425674438477,8.649999618530273,24162.869140625
2025-06-11,19.15999984741211,0.38999998569488525,86.75,9.761754989624023,115.69999694824219,6.473026275634766,143.8000030517578,15.765745162963867,10.259305953979492,133.89999389648438,22.300600051879883,8.609999656677246,24366.939453125
2025-06-12,18.979999542236328,0.38499999046325684,85.80000305175781,9.614592552185059,112.80000305175781,6.492730617523193,141.0,15.3113431930542,10.316197395324707,131.39999389648438,22.017719268798828,8.0600004196167,24035.380859375
2025-06-13,18.299999237060547,0.3799999952316284,85.25,9.5557279586792,109.80000305175781,6.689778804779053,138.1999969482422,14.7384033203125,10.600651741027832,129.8000030517578,21.593393325805664,7.940000057220459,23892.560546875
2025-06-16,20.600000381469727,0.38999998569488525,85.4000015258789,9.761754989624023,111.19999694824219,6.857269287109375,138.8000030517578,14.69888973236084,10.524796485900879,130.89999389648438,21.593393325805664,8.029999732971191,24060.990234375
2025-06-17,20.649999618530273,0.38999998569488525,85.25,9.712700843811035,108.5999984741211,6.837564945220947,138.10000610351562,15.469395637512207,10.69546890258789,131.5,21.876277923583984,7.920000076293945,23980.30078125
2025-06-18,20.350000381469727,0.38499999046325684,83.3499984741211,9.418376922607422,104.0999984741211,6.729187965393066,133.3000030517578,15.271830558776855,10.714432716369629,129.39999389648438,21.73483657836914,7.980000019073486,23710.689453125
2025-06-19,20.149999618530273,0.3799999952316284,82.1500015258789,9.114241600036621,101.9000015258789,6.58140230178833,128.3000030517578,14.837185859680176,10.448943138122559,124.69999694824219,21.216217041015625,7.920000076293945,23237.740234375
2025-06-20,19.18000030517578,0.38499999046325684,82.9000015258789,9.025943756103516,102.0,6.67992639541626,128.60000610351562,14.837185859680176,10.524796485900879,125.5999984741211,21.451953887939453,8.010000228881836,23530.48046875
2025-06-23,20.799999237060547,0.3799999952316284,83.19999694824219,9.14367389678955,107.5999984741211,6.857269287109375,131.39999389648438,15.13353443145752,10.714432716369629,124.80000305175781,21.499099731445312,7.980000019073486,23689.130859375
2025-06-24,20.25,0.3799999952316284,84.0999984741211,9.192728042602539,111.69999694824219,6.837564945220947,130.0,15.508909225463867,11.017849922180176,126.5999984741211,21.829130172729492,8.079999923706055,24177.0703125
2025-06-25,19.940000534057617,0.38499999046325684,85.4000015258789,9.477241516113281,111.69999694824219,7.438560962677002,131.8000030517578,16.437467575073242,11.055777549743652,129.8000030517578,22.159160614013672,8.260000228881836,24474.669921875
2025-06-26,18.6200008392334,0.3799999952316284,85.75,9.506673812866211,112.5999984741211,7.409003734588623,130.0,16.22014617919922,10.88510513305664,130.10000610351562,21.876277923583984,8.029999732971191,24325.400390625
2025-06-27,18.219999313354492,0.38499999046325684,83.8499984741211,9.349700927734375,110.5999984741211,7.438560962677002,129.39999389648438,16.358440399169922,10.85975170135498,130.3000030517578,22.223154067993164,7.829999923706055,24284.150390625
2025-06-30,18.260000228881836,0.3799999952316284,83.44999694824219,9.084809303283691,107.0,7.379446506500244,125.30000305175781,16.1411190032959,10.584820747375488,127.9000015258789,22.173770904541016,7.769999980926514,24072.279296875
2025-07-02,17.700000762939453,0.3799999952316284,84.0,9.43799877166748,103.5999984741211,7.645461559295654,126.0,17.10919189453125,10.584820747375488,128.0,22.963926315307617,7.96999979019165,24221.41015625
2025-07-03,17.34000015258789,0.3799999952316284,84.6500015258789,9.418376922607422,103.0999984741211,7.527232646942139,122.80000305175781,17.5635929107666,10.584820747375488,125.30000305175781,23.408390045166016,8.0,24069.939453125
2025-07-04,16.65999984741211,0.3799999952316284,85.9000015258789,9.359511375427246,103.69999694824219,7.556789875030518,120.80000305175781,17.425296783447266,10.486631393432617,124.19999694824219,23.309619903564453,7.929999828338623,23916.060546875
2025-07-07,17.520000457763672,0.38499999046325684,85.9000015258789,9.477241516113281,106.5999984741211,7.546936988830566,119.0,18.09701919555664,10.447356224060059,124.80000305175781,23.457773208618164,8.039999961853027,23887.830078125
2025-07-08,18.139999389648438,0.3799999952316284,88.94999694824219,9.516485214233398,106.5,7.5764946937561035,122.19999694824219,18.51190757751465,10.722286224365234,127.69999694824219,23.309619903564453,8.130000114440918,24148.0703125
2025-07-09,17.579999923706055,0.38999998569488525,87.94999694824219,9.604782104492188,105.5,7.340036869049072,119.19999694824219,18.828012466430664,10.663372039794922,125.30000305175781,23.06269645690918,8.050000190734863,23892.3203125
2025-07-10,17.84000015258789,0.4099999964237213,86.9000015258789,10.28172779083252,107.0999984741211,7.2809224128723145,118.5999984741211,19.02557945251465,10.879388809204102,123.5999984741211,23.359004974365234,8.109999656677246,24028.369140625
2025-07-11,18.200000762939453,0.4099999964237213,86.5,10.22286319732666,108.69999694824219,7.320332050323486,120.0,18.986064910888672,10.85975170135498,123.30000305175781,23.70469856262207,8.220000267028809,24139.5703125
2025-07-14,18.559999465942383,0.42500001192092896,84.1500015258789,10.242485046386719,111.5,7.359741687774658,120.9000015258789,18.887283325195312,10.78119945526123,122.4000015258789,23.75408172607422,8.4399995803833,24203.3203125
2025-07-15,18.059999465942383,0.41999998688697815,87.69999694824219,9.987403869628906,113.0,7.379446506500244,126.19999694824219,18.887283325195312,10.6437349319458,125.0,24.34670066833496,8.40999984741211,24590.119140625
2025-07-16,17.8799991607666,0.4300000071525574,88.55000305175781,9.83043098449707,113.0999984741211,7.310479640960693,124.0999984741211,18.808258056640625,10.604458808898926,124.69999694824219,24.29731559753418,8.239999771118164,24517.759765625
2025-07-17,17.899999618530273,0.4449999928474426,85.5999984741211,9.761754989624023,124.0999984741211,7.251365661621094,125.5,18.413124084472656,10.6437349319458,124.5,24.396085739135742,8.420000076293945,24498.94921875
2025-07-18,19.559999465942383,0.4449999928474426,86.0,9.850052833557129,124.5,7.349889278411865,127.30000305175781,18.25507164001465,10.741923332214355,128.1999969482422,24.544239044189453,8.350000381469727,24825.66015625
2025-07-21,19.34000015258789,0.45500001311302185,86.75,9.908918380737305,122.9000015258789,7.389298915863037,130.8000030517578,18.235315322875977,10.977579116821289,130.89999389648438,24.840547561645508,8.369999885559082,24994.140625
2025-07-22,18.399999618530273,0.46000000834465027,87.94999694824219,10.046268463134766,120.69999694824219,7.389298915863037,129.0,18.136533737182617,11.115043640136719,130.5,25.08747100830078,8.609999656677246,25130.029296875
2025-07-23,19.780000686645508,0.4650000035762787,93.30000305175781,10.28172779083252,121.4000015258789,7.359741687774658,133.1999969482422,18.195802688598633,11.488162994384766,134.10000610351562,25.87763023376465,8.770000457763672,25538.0703125
2025-07-24,20.350000381469727,0.5,90.1500015258789,10.399457931518555,118.80000305175781,7.340036869049072,134.39999389648438,18.452638626098633,12.116576194763184,133.3000030517578,25.729473114013672,8.859999656677246,25667.1796875
2025-07-25,21.100000381469727,0.5099999904632568,88.5999984741211,10.301349639892578,116.9000015258789,7.310479640960693,130.10000610351562,18.25507164001465,11.979110717773438,130.5,25.38378143310547,8.770000457763672,25388.349609375
2025-07-28,21.899999618530273,0.5299999713897705,88.94999694824219,10.301349639892578,115.9000015258789,7.448413372039795,129.39999389648438,18.571176528930664,12.136213302612305,131.1999969482422,25.4825496673584,8.829999923706055,25562.130859375
2025-07-29,21.25,0.550000011920929,87.25,10.419078826904297,119.9000015258789,7.635609149932861,128.60000610351562,18.966310501098633,12.09693717956543,130.39999389648438,25.334396362304688,8.850000381469727,25524.44921875
2025-07-30,20.25,0.5099999904632568,85.5,10.242485046386719,104.5,7.8326568603515625,127.4000015258789,18.492151260375977,12.03802490234375,126.9000015258789,25.235626220703125,8.770000457763672,25176.9296875
2025-07-31,20.100000381469727,0.4699999988079071,84.5999984741211,9.604782104492188,103.80000305175781,7.960738182067871,121.5999984741211,18.808258056640625,11.5667142868042,122.9000015258789,24.396085739135742,8.260000228881836,24773.330078125
2025-08-01,18.579999923706055,0.4650000035762787,85.5,9.428186416625977,100.5,7.812952041625977,122.19999694824219,18.650203704833984,11.389974594116211,122.69999694824219,24.001005172729492,8.09000015258789,24507.810546875
2025-08-04,18.100000381469727,0.4699999988079071,86.0999984741211,9.634214401245117,101.19999694824219,7.89177131652832,123.0,18.995943069458008,11.50780200958252,123.0,24.001005172729492,8.130000114440918,24733.44921875
2025-08-05,18.200000762939453,0.4749999940395355,86.0,9.70289134979248,102.80000305175781,7.9016242027282715,122.9000015258789,19.489858627319336,11.64526653289795,123.0,24.2578067779541,8.140000343322754,24902.529296875
2025-08-06,18.280000686645508,0.4650000035762787,85.30000305175781,9.634214401245117,97.30000305175781,7.9016242027282715,121.0999984741211,19.321928024291992,11.468525886535645,122.5999984741211,24.593624114990234,8.199999809265137,24910.630859375
2025-08-07,17.780000686645508,0.4699999988079071,86.69999694824219,9.948160171508789,96.44999694824219,8.0592622756958,122.0,20.290000915527344,11.488162994384766,124.69999694824219,24.573869705200195,8.369999885559082,25081.630859375
2025-08-08,17.90999984741211,0.4650000035762787,85.6500015258789,9.95797061920166,96.5,7.95088529586792,120.80000305175781,19.875112533569336,11.497982025146484,122.9000015258789,24.55411720275879,8.470000267028809,24858.8203125
2025-08-11,17.309999465942383,0.4699999988079071,85.80000305175781,10.154187202453613,95.05000305175781,8.010000228881836,119.19999694824219,19.628154754638672,11.42924976348877,122.30000305175781,24.65288543701172,8.420000076293945,24906.810546875
2025-08-12,17.8799991607666,0.46000000834465027,84.6500015258789,10.242485046386719,94.05000305175781,8.010000228881836,119.4000015258789,20.11219024658203,11.517620086669922,122.69999694824219,25.067716598510742,8.4399995803833,24969.6796875
2025-08-13,17.979999542236328,0.45500001311302185,88.1500015258789,10.370025634765625,97.1500015258789,8.0600004196167,124.30000305175781,19.993650436401367,11.674723625183105,127.4000015258789,25.245502471923828,8.539999961853027,25613.669921875
2025-08-14,18.450000762939453,0.4699999988079071,87.94999694824219,10.468564987182617,95.5999984741211,8.199999809265137,124.4000015258789,20.19121742248535,11.74345588684082,125.0999984741211,25.205995559692383,8.5,25519.3203125
2025-08-15,19.049999237060547,0.4699999988079071,87.05000305175781,10.765966415405273,94.69999694824219,8.119999885559082,121.69999694824219,19.707181930541992,11.41943073272705,120.80000305175781,25.067716598510742,8.489999771118164,25270.0703125
2025-08-18,19.649999618530273,0.4749999940395355,87.9000015258789,10.438823699951172,95.80000305175781,7.940000057220459,121.5,19.736814498901367,11.448887825012207,124.0,25.12697982788086,8.449999809265137,25176.849609375
2025-08-19,19.059999465942383,0.47999998927116394,87.9000015258789,10.498305320739746,93.5,7.869999885559082,120.80000305175781,19.707181930541992,11.232870101928711,123.30000305175781,24.98870086669922,8.510000228881836,25122.900390625
2025-08-20,18.770000457763672,0.4650000035762787,87.25,10.498305320739746,92.1500015258789,7.940000057220459,120.80000305175781,20.033164978027344,11.350698471069336,122.5,24.79116439819336,8.569999694824219,25165.939453125
2025-08-21,20.079999923706055,0.4650000035762787,85.0,10.40908432006836,91.0,8.020000457763672,117.0999984741211,20.072677612304688,11.331060409545898,121.0999984741211,25.166486740112305,8.430000305175781,25104.609375
2025-08-22,20.360000610351562,0.47999998927116394,85.6500015258789,10.627179145812988,92.25,8.09000015258789,118.4000015258789,19.93438148498535,11.370336532592773,121.4000015258789,25.10722541809082,8.40999984741211,25339.140625
2025-08-25,20.1200008392334,0.47999998927116394,91.0,11.182330131530762,94.44999694824219,8.100000381469727,122.30000305175781,21.100019454956055,11.458706855773926,126.5999984741211,25.660335540771484,8.569999694824219,25829.91015625
2025-08-26,19.850000381469727,0.45500001311302185,89.3499984741211,11.003889083862305,92.5999984741211,7.909999847412109,120.0,20.843183517456055,11.232870101928711,124.4000015258789,25.680089950561523,8.600000381469727,25524.919921875
2025-08-27,19.739999771118164,0.45500001311302185,87.69999694824219,10.59743881225586,91.4000015258789,7.800000190734863,116.30000305175781,20.290000915527344,11.02667236328125,121.30000305175781,24.968950271606445,8.539999961853027,25201.759765625
2025-08-28,19.079999923706055,0.4399999976158142,86.5999984741211,10.478477478027344,88.1500015258789,7.889999866485596,101.69999694824219,20.100000381469727,11.154318809509277,115.19999694824219,24.77140998840332,8.300000190734863,24998.8203125
2025-08-29,19.719999313354492,0.4350000023841858,89.4000015258789,10.488391876220703,91.69999694824219,7.920000076293945,102.69999694824219,20.34000015258789,10.918664932250977,117.80000305175781,25.917137145996094,8.399999618530273,25077.619140625
2025-09-01,20.200000762939453,0.4449999928474426,92.8499984741211,10.736227035522461,92.05000305175781,7.940000057220459,103.0,20.200000762939453,11.075767517089844,121.4000015258789,25.83812141418457,8.720000267028809,25617.419921875
2025-09-02,19.8700008392334,0.4449999928474426,91.44999694824219,10.448738098144531,91.69999694824219,8.010000228881836,101.0999984741211,20.15999984741211,10.938302993774414,119.5999984741211,25.58131980895996,8.819999694824219,25496.55078125
2025-09-03,19.1299991607666,0.44999998807907104,94.0,10.240555763244629,92.5999984741211,7.989999771118164,100.5,20.020000457763672,10.85975170135498,120.69999694824219,25.146732330322266,8.619999885559082,25343.4296875
2025-09-04,18.6200008392334,0.4449999928474426,96.0,10.1414213180542,92.75,8.0,101.4000015258789,19.540000915527344,10.840113639831543,119.80000305175781,24.889934539794922,8.529999732971191,25058.509765625
2025-09-05,18.770000457763672,0.47999998927116394,97.0,10.22072982788086,93.1500015258789,8.489999771118164,103.0,19.709999084472656,11.105225563049316,122.0999984741211,25.423288345336914,8.40999984741211,25417.98046875
2025-09-08,18.40999984741211,0.5099999904632568,106.19999694824219,10.468564987182617,92.19999694824219,8.5,102.0,19.920000076293945,11.861283302307129,123.4000015258789,25.423288345336914,8.399999618530273,25633.91015625
2025-09-09,18.350000381469727,0.6499999761581421,106.0999984741211,11.103022575378418,95.0999984741211,8.600000381469727,99.6500015258789,19.969999313354492,11.733636856079102,127.5,25.660335540771484,8.239999771118164,25938.130859375
2025-09-10,18.3799991607666,0.6399999856948853,109.0999984741211,11.291378021240234,95.0999984741211,8.84000015258789,101.69999694824219,20.65999984741211,11.900559425354004,132.10000610351562,25.186241149902344,8.300000190734863,26200.259765625
2025-09-11,18.299999237060547,0.6200000047683716,106.5,11.24181079864502,92.25,8.869999885559082,96.55000305175781,20.860000610351562,12.106757164001465,129.8000030517578,25.265256881713867,8.359999656677246,26086.3203125
2025-09-12,18.020000457763672,0.6600000262260437,115.0999984741211,11.796961784362793,93.30000305175781,8.970000267028809,96.55000305175781,21.079999923706055,12.116576194763184,131.6999969482422,25.265256881713867,8.199999809265137,26388.16015625
2025-09-15,17.719999313354492,0.6299999952316284,112.30000305175781,11.69782829284668,97.55000305175781,8.880000114440918,97.3499984741211,21.059999465942383,12.018385887145996,131.6999969482422,25.205995559692383,8.100000381469727,26446.560546875
2025-09-16,17.760000228881836,0.6200000047683716,113.19999694824219,11.499560356140137,100.0999984741211,8.979999542236328,100.30000305175781,20.260000228881836,11.890739440917969,130.0,25.36402702331543,8.229999542236328,26438.509765625
2025-09-17,18.25,0.6899999976158142,131.0,11.995230674743652,104.5,9.079999923706055,105.19999694824219,20.600000381469727,12.047843933105469,136.6999969482422,27.2801570892334,8.279999732971191,26908.390625
2025-09-18,18.200000762939453,0.6299999952316284,132.8000030517578,11.71765422821045,101.80000305175781,8.90999984741211,105.5,20.34000015258789,11.979110717773438,134.3000030517578,26.45049285888672,8.229999542236328,26544.849609375
2025-09-19,18.360000610351562,0.6200000047683716,131.5,11.59869384765625,100.69999694824219,8.869999885559082,106.30000305175781,21.600000381469727,11.890739440917969,138.8000030517578,26.628276824951172,8.15999984741211,26545.099609375
2025-09-22,17.68000030517578,0.6100000143051147,135.6999969482422,11.549126625061035,99.55000305175781,8.75,103.9000015258789,21.079999923706055,11.329999923706055,134.1999969482422,25.956645965576172,8.079999923706055,26344.140625
2025-09-23,17.350000381469727,0.5799999833106995,128.39999389648438,11.112936973571777,97.19999694824219,8.609999656677246,101.0,20.799999237060547,11.5,128.3000030517578,25.58131980895996,8.0,26159.119140625
2025-09-24,17.25,0.5899999737739563,128.60000610351562,11.162504196166992,98.75,8.670000076293945,102.19999694824219,21.059999465942383,11.359999656677246,133.0,25.996152877807617,8.140000343322754,26518.650390625
2025-09-25,17.1299991607666,0.5699999928474426,131.60000610351562,11.301291465759277,102.0,8.510000228881836,102.30000305175781,21.34000015258789,11.130000114440918,137.60000610351562,24.75165557861328,8.050000190734863,26484.6796875
2025-09-26,17.200000762939453,0.5699999928474426,129.10000610351562,11.152589797973633,100.0999984741211,8.5,100.5999984741211,21.219999313354492,11.15999984741211,132.5,24.53436279296875,8.050000190734863,26128.19921875
2025-09-29,17.559999465942383,0.5899999737739563,131.5,11.499560356140137,98.55000305175781,8.670000076293945,102.80000305175781,22.200000762939453,11.319999694824219,136.60000610351562,25.225749969482422,8.170000076293945,26622.880859375
2025-09-30,17.59000015258789,0.6000000238418579,133.1999969482422,11.777135848999023,101.4000015258789,8.729999542236328,104.5,21.700000762939453,11.420000076293945,138.5,25.028209686279297,8.279999732971191,26855.560546875
2025-10-02,17.950000762939453,0.6000000238418579,139.1999969482422,11.152589797973633,102.0,8.539999961853027,105.80000305175781,21.780000686645508,11.350000381469727,142.8000030517578,25.285011291503906,8.34000015258789,27287.119140625
2025-10-03,18.1299991607666,0.6200000047683716,138.1999969482422,10.884927749633789,99.5999984741211,8.550000190734863,106.0999984741211,21.280000686645508,11.050000190734863,140.1999969482422,25.443042755126953,8.210000038146973,27140.919921875
2025-10-06,18.299999237060547,0.6399999856948853,139.1999969482422,10.716400146484375,96.30000305175781,8.619999885559082,105.5999984741211,20.760000228881836,10.970000267028809,137.1999969482422,24.8109188079834,8.0600004196167,26957.76953125
2025-10-08,18.06999969482422,0.6499999761581421,135.0,10.240555763244629,95.5,8.5,103.69999694824219,21.100000381469727,10.989999771118164,135.60000610351562,25.047964096069336,8.079999923706055,26829.4609375
2025-10-09,17.450000762939453,0.6100000143051147,133.5,10.428911209106445,94.5999984741211,8.800000190734863,103.5999984741211,21.31999969482422,11.420000076293945,135.6999969482422,25.4825496673584,8.3100004196167,26752.58984375
2025-10-10,17.110000610351562,0.6000000238418579,125.9000015258789,10.518131256103516,92.1500015258789,8.979999542236328,101.69999694824219,20.139999389648438,11.369999885559082,131.8000030517578,25.10722541809082,8.380000114440918,26290.3203125
2025-10-13,16.8799991607666,0.5899999737739563,123.19999694824219,10.468564987182617,88.94999694824219,8.869999885559082,99.80000305175781,19.030000686645508,11.390000343322754,127.0,24.435592651367188,8.399999618530273,25889.48046875
2025-10-14,16.3700008392334,0.5699999928474426,116.5999984741211,10.488391876220703,86.69999694824219,8.8100004196167,98.30000305175781,18.1299991607666,11.260000228881836,126.4000015258789,24.080020904541016,8.1899995803833,25441.349609375
2025-10-15,16.6200008392334,0.5799999833106995,119.80000305175781,10.577611923217773,89.6500015258789,8.960000038146973,99.9000015258789,18.579999923706055,11.479999542236328,129.0,24.2578067779541,8.260000228881836,25910.599609375
2025-10-16,16.600000381469727,0.5799999833106995,117.80000305175781,10.537959098815918,88.30000305175781,8.75,98.75,18.229999542236328,11.470000267028809,128.10000610351562,23.961498260498047,8.270000457763672,25888.509765625
2025-10-17,15.8100004196167,0.550000011920929,112.9000015258789,10.30994987487793,84.94999694824219,8.800000190734863,94.5,18.06999969482422,11.130000114440918,124.0999984741211,23.665189743041992,8.119999885559082,25247.099609375
2025-10-20,16.219999313354492,0.550000011920929,117.0999984741211,10.1414213180542,86.4000015258789,8.970000267028809,96.6500015258789,18.860000610351562,11.430000305175781,127.80000305175781,24.1200008392334,8.239999771118164,25858.830078125
2025-10-21,16.440000534057617,0.5600000023841858,117.5,10.290122985839844,86.6500015258789,8.899999618530273,96.5,18.68000030517578,11.600000381469727,128.60000610351562,24.579999923706055,8.220000267028809,26027.55078125
2025-10-22,16.059999465942383,0.5699999928474426,115.0999984741211,10.250470161437988,85.8499984741211,8.739999771118164,96.0999984741211,18.420000076293945,11.460000038146973,126.80000305175781,24.899999618530273,8.130000114440918,25781.76953125
2025-10-23,16.059999465942383,0.5600000023841858,116.5,10.240555763244629,86.9000015258789,8.8100004196167,100.0,19.229999542236328,11.5600004196167,128.6999969482422,24.920000076293945,8.140000343322754,25967.98046875
2025-10-24,16.190000534057617,0.5699999928474426,117.80000305175781,10.0224609375,85.0999984741211,8.829999923706055,100.5999984741211,19.860000610351562,11.609999656677246,128.8000030517578,25.260000228881836,8.109999656677246,26160.150390625
2025-10-27,16.809999465942383,0.5799999833106995,125.0999984741211,10.12159538269043,83.5999984741211,8.899999618530273,102.0,20.34000015258789,11.9399995803833,131.8000030517578,25.31999969482422,8.350000381469727,26433.69921875
2025-10-28,16.799999237060547,0.5899999737739563,123.9000015258789,10.012548446655273,81.5999984741211,8.920000076293945,100.0,20.84000015258789,11.979999542236328,130.8000030517578,24.920000076293945,8.399999618530273,26346.140625
2025-10-30,16.780000686645508,0.5799999833106995,120.5999984741211,9.645750999450684,80.55000305175781,8.6899995803833,102.4000015258789,20.520000457763672,12.1899995803833,130.89999389648438,24.600000381469727,8.0,26282.689453125
2025-10-31,16.739999771118164,0.5699999928474426,117.5999984741211,9.526789665222168,79.75,8.649999618530273,102.0,20.239999771118164,12.020000457763672,127.5999984741211,25.239999771118164,7.880000114440918,25906.650390625
2025-11-03,16.899999618530273,0.5699999928474426,118.5,9.606097221374512,80.9000015258789,8.600000381469727,102.30000305175781,19.950000762939453,12.1899995803833,127.19999694824219,25.059999465942383,7.849999904632568,26158.359375
2025-11-04,16.420000076293945,0.5600000023841858,121.9000015258789,9.37808895111084,77.75,8.510000228881836,99.9000015258789,19.75,12.40999984741211,123.4000015258789,25.399999618530273,7.760000228881836,25952.400390625
2025-11-05,16.229999542236328,0.5699999928474426,121.5999984741211,9.397915840148926,77.3499984741211,8.489999771118164,101.19999694824219,20.079999923706055,12.350000381469727,122.80000305175781,25.139999389648438,7.809999942779541,25935.41015625
2025-11-06,16.549999237060547,0.550000011920929,123.9000015258789,9.8341064453125,78.9000015258789,8.5600004196167,103.30000305175781,20.440000534057617,12.619999885559082,126.9000015258789,25.719999313354492,7.840000152587891,26485.900390625
2025-11-07,16.270000457763672,0.5299999713897705,124.4000015258789,9.893586158752441,77.5,8.550000190734863,102.0,20.34000015258789,12.5600004196167,124.0,25.81999969482422,7.78000020980835,26241.830078125
2025-11-10,16.739999771118164,0.5299999713897705,125.80000305175781,10.12159538269043,79.3499984741211,8.760000228881836,103.30000305175781,21.059999465942383,12.670000076293945,124.5,26.399999618530273,7.940000057220459,26649.060546875
2025-11-11,16.81999969482422,0.5299999713897705,128.6999969482422,10.339690208435059,79.6500015258789,9.050000190734863,102.0,21.15999984741211,12.739999771118164,123.0999984741211,25.940000534057617,7.949999809265137,26696.41015625
2025-11-12,16.989999771118164,0.5400000214576721,126.30000305175781,10.428911209106445,79.8499984741211,9.329999923706055,101.80000305175781,21.3799991607666,12.779999732971191,124.69999694824219,26.739999771118164,8.079999923706055,26922.73046875
2025-11-13,16.90999984741211,0.5400000214576721,126.19999694824219,10.438823699951172,79.1500015258789,9.399999618530273,102.0999984741211,21.31999969482422,12.9399995803833,124.4000015258789,26.780000686645508,8.220000267028809,27073.029296875
2025-11-14,16.389999389648438,0.5400000214576721,117.0999984741211,10.30994987487793,77.3499984741211,9.3100004196167,100.0,21.079999923706055,12.720000267028809,116.9000015258789,26.200000762939453,8.239999771118164,26572.4609375
2025-11-17,16.280000686645508,0.5199999809265137,113.5999984741211,10.181076049804688,75.4000015258789,9.270000457763672,100.30000305175781,20.940000534057617,12.65999984741211,115.4000015258789,25.940000534057617,8.149999618530273,26384.279296875
2025-11-18,15.75,0.4950000047683716,111.4000015258789,9.824193000793457,73.19999694824219,9.15999984741211,98.5999984741211,20.6200008392334,12.170000076293945,114.30000305175781,25.299999237060547,7.949999809265137,25930.029296875
2025-11-19,15.369999885559082,0.48500001430511475,111.19999694824219,9.675492286682129,71.30000305175781,9.079999923706055,98.0,20.260000228881836,12.020000457763672,113.5,25.440000534057617,7.860000133514404,25830.650390625
2025-11-20,15.369999885559082,0.5,113.9000015258789,9.675492286682129,70.05000305175781,9.100000381469727,98.5,20.280000686645508,12.239999771118164,113.5,25.81999969482422,7.96999979019165,25835.5703125
2025-11-21,14.970000267028809,0.5099999904632568,107.30000305175781,9.814278602600098,68.6500015258789,8.729999542236328,95.55000305175781,19.06999969482422,12.020000457763672,110.30000305175781,25.579999923706055,7.840000152587891,25220.01953125
2025-11-24,15.220000267028809,0.5299999713897705,111.80000305175781,10.012548446655273,71.3499984741211,9.079999923706055,98.1500015258789,19.6299991607666,12.109999656677246,112.4000015258789,26.020000457763672,7.940000057220459,25716.5
2025-11-25,15.170000076293945,0.5299999713897705,116.9000015258789,10.200902938842773,72.0,8.920000076293945,98.25,19.75,12.170000076293945,112.4000015258789,26.1200008392334,7.96999979019165,25894.55078125
2025-11-26,15.1899995803833,0.5199999809265137,114.5,10.032374382019043,71.69999694824219,9.09000015258789,103.80000305175781,19.979999542236328,12.289999961853027,114.80000305175781,26.5,7.980000019073486,25928.080078125
2025-11-27,15.460000038146973,0.5199999809265137,112.69999694824219,9.66557788848877,72.55000305175781,8.960000038146973,104.0,20.65999984741211,12.289999961853027,116.19999694824219,26.84000015258789,8.069999694824219,25945.9296875
2025-11-28,15.369999885559082,0.5199999809265137,113.80000305175781,9.635838508605957,71.94999694824219,9.0,102.5,21.200000762939453,12.170000076293945,116.5,26.579999923706055,8.010000228881836,25858.890625
2025-12-01,15.180000305175781,0.5099999904632568,115.5999984741211,9.844019889831543,70.30000305175781,9.020000457763672,99.55000305175781,21.420000076293945,12.140000343322754,117.0999984741211,26.700000762939453,8.100000381469727,26033.259765625
2025-12-02,14.869999885559082,0.5299999713897705,115.69999694824219,9.962981224060059,69.75,9.069999694824219,96.5,21.8799991607666,12.369999885559082,116.0,26.799999237060547,8.289999961853027,26095.05078125
2025-12-03,14.770000457763672,0.5199999809265137,114.5999984741211,9.73497200012207,69.75,8.949999809265137,95.9000015258789,21.799999237060547,12.329999923706055,115.5,27.040000915527344,8.170000076293945,25760.73046875
2025-12-04,14.899999618530273,0.5099999904632568,115.80000305175781,9.8341064453125,69.4000015258789,9.039999961853027,98.0999984741211,21.459999084472656,12.34000015258789,116.0999984741211,27.299999237060547,8.100000381469727,25935.900390625
2025-12-05,15.050000190734863,0.5199999809265137,121.5999984741211,9.9530668258667,69.9000015258789,9.039999961853027,99.05000305175781,21.399999618530273,12.390000343322754,117.0,27.059999465942383,7.920000076293945,26085.080078125
2025-12-08,15.149999618530273,0.4950000047683716,125.80000305175781,9.804366111755371,69.6500015258789,8.90999984741211,99.5,21.059999465942383,12.3100004196167,116.19999694824219,26.579999923706055,7.800000190734863,25765.359375
2025-12-09,14.960000038146973,0.48500001430511475,121.4000015258789,9.219474792480469,67.69999694824219,8.859999656677246,97.3499984741211,20.5,12.09000015258789,114.9000015258789,26.040000915527344,7.869999885559082,25434.23046875
2025-12-10,15.0600004196167,0.4950000047683716,123.5999984741211,9.219474792480469,66.75,8.90999984741211,100.0,20.799999237060547,11.949999809265137,114.80000305175781,26.100000381469727,7.789999961853027,25540.779296875
2025-12-11,14.970000267028809,0.48500001430511475,123.80000305175781,9.269042015075684,65.6500015258789,8.949999809265137,101.5,20.31999969482422,12.050000190734863,114.30000305175781,25.959999084472656,7.860000133514404,25530.509765625
2025-12-12,15.390000343322754,0.49000000953674316,126.0,9.25912857055664,67.55000305175781,9.15999984741211,102.4000015258789,20.719999313354492,12.260000228881836,115.5999984741211,26.520000457763672,7.809999942779541,25976.7890625
2025-12-15,15.300000190734863,0.47999998927116394,118.69999694824219,9.209561347961426,65.5999984741211,8.949999809265137,100.9000015258789,20.100000381469727,12.239999771118164,113.5,26.700000762939453,7.829999923706055,25628.880859375
2025-12-16,15.079999923706055,0.47999998927116394,116.5999984741211,9.001379013061523,64.19999694824219,8.930000305175781,99.5,19.93000030517578,12.0,110.9000015258789,26.18000030517578,7.840000152587891,25235.41015625
2025-12-17,15.270000457763672,0.4749999940395355,118.5999984741211,8.99146556854248,64.0999984741211,8.9399995803833,101.30000305175781,20.059999465942383,12.039999961853027,112.30000305175781,26.6200008392334,7.909999847412109,25468.779296875
2025-12-18,15.149999618530273,0.4650000035762787,117.5999984741211,8.83285140991211,63.04999923706055,8.680000305175781,101.4000015258789,19.979999542236328,11.899999618530273,112.19999694824219,26.440000534057617,7.880000114440918,25498.130859375
2025-12-19,15.390000343322754,0.45500001311302185,118.80000305175781,8.793197631835938,65.44999694824219,8.979999542236328,102.69999694824219,20.520000457763672,11.949999809265137,111.30000305175781,26.260000228881836,7.849999904632568,25690.529296875
2025-12-22,16.0,0.4399999976158142,120.30000305175781,8.813024520874023,66.05000305175781,8.779999732971191,102.80000305175781,20.719999313354492,11.9399995803833,112.30000305175781,25.8799991607666,7.840000152587891,25801.76953125
2025-12-23,16.040000915527344,0.4300000071525574,119.80000305175781,8.70397663116455,65.1500015258789,8.789999961853027,103.19999694824219,20.899999618530273,11.920000076293945,112.80000305175781,25.8799991607666,7.869999885559082,25774.140625
2025-12-24,16.170000076293945,0.4300000071525574,119.80000305175781,8.783284187316895,65.0,8.710000038146973,103.0999984741211,20.84000015258789,11.949999809265137,112.69999694824219,25.360000610351562,7.829999923706055,25818.9296875
2025-12-29,16.329999923706055,0.4300000071525574,119.0999984741211,8.604843139648438,66.0999984741211,8.550000190734863,104.19999694824219,19.90999984741211,12.050000190734863,112.0,24.540000915527344,7.769999980926514,25635.23046875
2025-12-30,15.949999809265137,0.41999998688697815,129.6999969482422,8.456141471862793,65.80000305175781,8.649999618530273,104.30000305175781,19.709999084472656,12.34000015258789,113.5999984741211,24.760000228881836,7.639999866485596,25854.599609375
2025-12-31,16.06999969482422,0.41499999165534973,131.39999389648438,8.466054916381836,64.6500015258789,8.579999923706055,102.80000305175781,19.639999389648438,12.0600004196167,111.4000015258789,24.299999237060547,7.590000152587891,25630.5390625
2026-01-02,16.520000457763672,0.39500001072883606,143.8000030517578,8.664322853088379,68.05000305175781,8.720000267028809,104.5999984741211,19.979999542236328,12.380000114440918,115.0999984741211,25.299999237060547,7.769999980926514,26338.470703125
2026-01-05,16.979999542236328,0.4000000059604645,143.39999389648438,9.080686569213867,66.3499984741211,8.640000343322754,105.4000015258789,19.75,12.09000015258789,113.69999694824219,25.239999771118164,7.860000133514404,26347.240234375
2026-01-06,17.729999542236328,0.4000000059604645,145.89999389648438,9.487136840820312,67.94999694824219,8.890000343322754,106.0999984741211,19.940000534057617,12.350000381469727,115.5,25.459999084472656,7.840000152587891,26710.44921875
2026-01-07,17.600000381469727,0.38499999046325684,145.10000610351562,9.427656173706055,66.80000305175781,8.880000114440918,104.5,19.6200008392334,12.329999923706055,114.0,25.739999771118164,7.989999771118164,26458.94921875
2026-01-08,17.030000686645508,0.3700000047683716,140.3000030517578,9.536704063415527,65.94999694824219,8.819999694824219,101.0,18.739999771118164,12.109999656677246,111.69999694824219,25.719999313354492,7.800000190734863,26149.310546875
2026-01-09,17.170000076293945,0.3700000047683716,137.39999389648438,9.25912857055664,65.05000305175781,9.170000076293945,98.5,18.75,12.119999885559082,114.5999984741211,26.0,7.78000020980835,26231.7890625
2026-01-12,17.110000610351562,0.36500000953674316,144.6999969482422,9.070773124694824,65.05000305175781,9.369999885559082,105.0,18.600000381469727,12.229999542236328,116.9000015258789,26.219999313354492,7.849999904632568,26608.48046875
2026-01-13,17.15999984741211,0.375,142.39999389648438,8.961726188659668,65.05000305175781,9.210000038146973,104.9000015258789,18.530000686645508,12.25,117.4000015258789,26.459999084472656,7.769999980926514,26848.470703125
2026-01-14,17.850000381469727,0.4099999964237213,145.10000610351562,9.120340347290039,63.900001525878906,9.170000076293945,101.5,18.780000686645508,12.149999618530273,115.9000015258789,26.3799991607666,7.699999809265137,26999.810546875
2026-01-15,17.440000534057617,0.4000000059604645,146.1999969482422,9.338435173034668,64.25,9.329999923706055,100.80000305175781,18.93000030517578,11.989999771118164,115.0999984741211,26.360000610351562,7.71999979019165,26923.619140625
2026-01-16,17.100000381469727,0.3799999952316284,145.60000610351562,9.269042015075684,62.79999923706055,9.420000076293945,100.0,18.59000015258789,12.050000190734863,113.5999984741211,26.479999542236328,7.650000095367432,26844.9609375
2026-01-19,16.739999771118164,0.32499998807907104,147.39999389648438,9.44748306274414,62.54999923706055,9.229999542236328,98.5,18.34000015258789,12.0,112.30000305175781,26.5,7.599999904632568,26563.900390625
2026-01-20,17.0,0.3050000071525574,148.8000030517578,9.586271286010742,61.849998474121094,9.140000343322754,97.3499984741211,18.450000762939453,11.989999771118164,112.4000015258789,26.780000686645508,7.679999828338623,26487.509765625
2026-01-21,17.190000534057617,0.28999999165534973,153.6999969482422,9.497050285339355,62.95000076293945,9.3100004196167,97.30000305175781,18.399999618530273,11.970000267028809,112.80000305175781,26.799999237060547,7.619999885559082,26585.060546875
2026-01-22,16.799999237060547,0.27000001072883606,160.0,9.625924110412598,65.55000305175781,9.399999618530273,97.0,18.65999984741211,11.970000267028809,113.9000015258789,26.31999969482422,7.71999979019165,26629.9609375
2026-01-23,16.899999618530273,0.2800000011920929,160.5,9.407829284667969,65.8499984741211,9.220000267028809,97.55000305175781,18.760000228881836,11.949999809265137,114.80000305175781,25.899999618530273,7.679999828338623,26749.509765625
2026-01-26,16.739999771118164,0.2849999964237213,155.5,9.397915840148926,65.75,9.539999961853027,97.0999984741211,18.829999923706055,12.029999732971191,116.0,25.639999389648438,7.690000057220459,26765.51953125
2026-01-27,16.979999542236328,0.26499998569488525,155.1999969482422,9.47722339630127,65.30000305175781,9.109999656677246,96.55000305175781,18.770000457763672,12.319999694824219,113.5,25.899999618530273,7.690000057220459,27126.94921875
2026-01-28,16.860000610351562,0.2750000059604645,156.10000610351562,9.784539222717285,68.5,9.390000343322754,98.3499984741211,18.84000015258789,12.600000381469727,116.30000305175781,25.65999984741211,7.699999809265137,27826.91015625
2026-01-29,16.979999542236328,0.3199999928474426,155.5,10.349603652954102,67.69999694824219,9.350000381469727,98.5999984741211,17.34000015258789,12.930000305175781,114.5999984741211,26.200000762939453,7.940000057220459,27968.08984375
2026-01-30,16.639999389648438,0.29499998688697815,152.8000030517578,10.210816383361816,65.94999694824219,9.4399995803833,97.19999694824219,17.030000686645508,12.510000228881836,112.4000015258789,25.799999237060547,7.699999809265137,27387.109375
2026-02-02,16.079999923706055,0.2750000059604645,146.6999969482422,10.111681938171387,64.44999694824219,9.239999771118164,94.8499984741211,17.719999313354492,12.199999809265137,110.5,25.6200008392334,7.75,26775.5703125
2026-02-03,16.030000686645508,0.2800000011920929,141.39999389648438,10.042287826538086,65.6500015258789,9.329999923706055,93.19999694824219,18.0,12.220000267028809,109.69999694824219,26.31999969482422,7.809999942779541,26834.76953125
2026-02-04,15.800000190734863,0.2849999964237213,137.1999969482422,10.349603652954102,67.9000015258789,9.390000343322754,92.1500015258789,17.84000015258789,12.34000015258789,107.9000015258789,27.0,7.960000038146973,26847.3203125
2026-02-05,15.770000457763672,0.2849999964237213,140.89999389648438,10.12159538269043,69.19999694824219,9.40999984741211,93.80000305175781,17.969999313354492,12.25,108.80000305175781,27.399999618530273,8.149999618530273,26885.240234375
2026-02-06,15.460000038146973,0.2800000011920929,137.8000030517578,10.181076049804688,71.69999694824219,9.479999542236328,91.4000015258789,18.09000015258789,12.390000343322754,106.9000015258789,26.899999618530273,8.199999809265137,26559.94921875
2026-02-09,15.90999984741211,0.2849999964237213,142.1999969482422,10.40908432006836,71.94999694824219,9.720000267028809,91.05000305175781,18.6299991607666,12.670000076293945,107.9000015258789,26.920000076293945,8.100000381469727,27027.16015625
2026-02-10,16.079999923706055,0.2800000011920929,143.39999389648438,10.151334762573242,72.80000305175781,9.800000190734863,88.80000305175781,18.309999465942383,12.890000343322754,110.0,27.139999389648438,8.220000267028809,27183.150390625
2026-02-11,16.549999237060547,0.2849999964237213,144.3000030517578,10.052201271057129,74.80000305175781,9.869999885559082,88.8499984741211,18.510000228881836,12.800000190734863,109.80000305175781,27.299999237060547,8.260000228881836,27266.380859375
2026-02-12,16.239999771118164,0.2800000011920929,140.10000610351562,10.032374382019043,73.94999694824219,9.789999961853027,84.8499984741211,18.510000228881836,12.529999732971191,108.4000015258789,27.200000762939453,7.829999923706055,27032.5390625
2026-02-13,16.1200008392334,0.2800000011920929,135.8000030517578,9.943153381347656,72.30000305175781,9.770000457763672,82.1500015258789,18.5,12.239999771118164,106.4000015258789,27.059999465942383,7.940000057220459,26567.119140625
2026-02-16,16.329999923706055,0.28999999165534973,137.10000610351562,9.903499603271484,71.94999694824219,9.760000228881836,82.05000305175781,18.93000030517578,12.380000114440918,105.9000015258789,27.559999465942383,7.900000095367432,26705.939453125
2026-02-20,15.90999984741211,0.28999999165534973,129.0,9.873760223388672,70.0999984741211,9.979999542236328,80.75,18.5,12.180000305175781,103.80000305175781,26.979999542236328,7.739999771118164,26413.349609375
2026-02-23,16.68000030517578,0.32499998807907104,133.1999969482422,10.052201271057129,72.8499984741211,10.220000267028809,85.0,18.75,12.40999984741211,107.5,27.81999969482422,7.829999923706055,27081.91015625
2026-02-24,16.31999969482422,0.3100000023841858,129.6999969482422,9.705231666564941,71.75,10.260000228881836,81.4000015258789,18.100000381469727,12.3100004196167,106.30000305175781,27.3799991607666,7.880000114440918,26590.3203125
2026-02-25,15.729999542236328,0.33000001311302185,128.89999389648438,10.151334762573242,71.8499984741211,10.0,82.69999694824219,17.920000076293945,12.420000076293945,106.80000305175781,27.360000610351562,7.960000038146973,26765.720703125
2026-02-26,15.550000190734863,0.33000001311302185,123.4000015258789,9.913414001464844,68.6500015258789,9.890000343322754,80.44999694824219,17.690000534057617,12.350000381469727,104.0,26.459999084472656,7.900000095367432,26381.01953125
2026-02-27,15.329999923706055,0.35499998927116394,123.69999694824219,9.863845825195312,68.75,10.270000457763672,81.1500015258789,17.709999084472656,12.520000457763672,104.4000015258789,26.68000030517578,7.789999961853027,26630.5390625
2026-03-02,14.569999694824219,0.3199999928474426,118.5,9.625924110412598,68.0,9.84000015258789,77.4000015258789,17.5,12.25,101.30000305175781,26.079999923706055,7.670000076293945,26059.849609375
2026-03-03,14.239999771118164,0.30000001192092896,117.30000305175781,9.288867950439453,66.55000305175781,9.649999618530273,75.6500015258789,17.5,12.069999694824219,100.4000015258789,25.440000534057617,7.639999866485596,25768.080078125
2026-03-04,13.649999618530273,0.30000001192092896,115.0,9.150080680847168,65.8499984741211,9.359999656677246,75.4000015258789,17.270000457763672,11.600000381469727,98.0,24.780000686645508,7.46999979019165,25249.48046875
2026-03-05,13.630000114440918,0.30000001192092896,115.9000015258789,9.199647903442383,65.5999984741211,9.539999961853027,74.5,17.440000534057617,11.859999656677246,96.94999694824219,24.739999771118164,7.480000019073486,25321.33984375
2026-03-06,14.229999542236328,0.3050000071525574,119.5,9.18973445892334,67.44999694824219,9.640000343322754,76.8499984741211,17.700000762939453,11.829999923706055,106.5999984741211,25.020000457763672,7.710000038146973,25757.2890625
2026-03-09,14.039999961853027,0.3100000023841858,117.4000015258789,8.981553077697754,68.9000015258789,9.170000076293945,78.69999694824219,16.950000762939453,11.369999885559082,105.5,24.84000015258789,7.630000114440918,25408.4609375
2026-03-10,14.430000305175781,0.3050000071525574,120.80000305175781,9.080686569213867,69.05000305175781,9.130000114440918,79.0999984741211,17.270000457763672,11.420000076293945,108.5,25.260000228881836,7.710000038146973,25959.900390625
2026-03-11,14.1899995803833,0.3050000071525574,121.80000305175781,9.130253791809082,69.8499984741211,9.210000038146973,77.4000015258789,17.549999237060547,11.420000076293945,108.5999984741211,25.239999771118164,7.71999979019165,25898.759765625
2026-03-12,14.140000343322754,0.3050000071525574,120.4000015258789,9.229388236999512,70.1500015258789,9.170000076293945,76.69999694824219,17.229999542236328,11.289999961853027,109.5,25.18000030517578,7.559999942779541,25716.759765625
2026-03-13,14.029999732971191,0.3100000023841858,122.19999694824219,9.09060001373291,67.9000015258789,9.170000076293945,75.94999694824219,16.899999618530273,11.319999694824219,109.5999984741211,25.059999465942383,7.489999771118164,25465.599609375
2026-03-16,14.289999961853027,0.3100000023841858,122.9000015258789,9.0,69.9000015258789,9.149999618530273,78.30000305175781,16.700000762939453,11.460000038146973,111.5,25.0,7.340000152587891,25834.01953125
2026-03-17,14.359999656677246,0.3149999976158142,119.19999694824219,9.399999618530273,71.30000305175781,9.300000190734863,80.0,16.75,11.420000076293945,112.0999984741211,25.059999465942383,7.380000114440918,25868.5390625
2026-03-18,14.5,0.3100000023841858,121.80000305175781,9.039999961853027,66.8499984741211,9.390000343322754,80.30000305175781,16.809999465942383,11.5600004196167,112.80000305175781,25.079999923706055,7.320000171661377,26025.419921875
2026-03-19,14.510000228881836,0.30000001192092896,117.80000305175781,8.680000305175781,66.0,9.020000457763672,80.69999694824219,16.309999465942383,11.4399995803833,110.69999694824219,24.600000381469727,7.150000095367432,25500.580078125
2026-03-20,13.699999809265137,0.3149999976158142,115.5999984741211,8.59000015258789,66.80000305175781,8.890000343322754,79.1500015258789,16.6299991607666,11.510000228881836,108.5999984741211,24.360000610351562,7.320000171661377,25277.3203125
2026-03-23,13.149999618530273,0.30000001192092896,109.80000305175781,8.15999984741211,64.80000305175781,8.5,76.55000305175781,16.270000457763672,11.229999542236328,105.0999984741211,23.360000610351562,7.050000190734863,24382.470703125
2026-03-24,13.369999885559082,0.3199999928474426,112.5999984741211,8.279999732971191,67.5999984741211,8.75,79.0,16.84000015258789,11.649999618530273,107.19999694824219,23.899999618530273,7.119999885559082,25063.7109375
2026-03-25,13.520000457763672,0.3400000035762787,112.0,8.279999732971191,70.44999694824219,8.859999656677246,90.0,17.149999618530273,11.930000305175781,112.4000015258789,23.65999984741211,7.150000095367432,25335.94921875
2026-03-26,13.239999771118164,0.32499998807907104,109.4000015258789,8.050000190734863,69.0,8.75,86.69999694824219,16.760000228881836,11.850000381469727,113.5999984741211,22.81999969482422,7.110000133514404,24856.4296875
2026-03-27,13.279999732971191,0.3199999928474426,108.4000015258789,7.75,70.05000305175781,8.65999984741211,85.9000015258789,16.940000534057617,11.829999923706055,113.69999694824219,21.8799991607666,7.139999866485596,24951.880859375
2026-03-30,12.930000305175781,0.3199999928474426,105.5999984741211,7.690000057220459,68.80000305175781,8.619999885559082,84.19999694824219,16.350000381469727,11.800000190734863,113.0,20.700000762939453,7.139999866485596,24750.7890625
2026-03-31,12.75,0.3149999976158142,105.69999694824219,7.550000190734863,67.69999694824219,8.729999542236328,82.94999694824219,16.489999771118164,11.819999694824219,113.19999694824219,20.719999313354492,7.199999809265137,24788.140625
2026-04-01,13.020000457763672,0.3199999928474426,109.5999984741211,7.909999847412109,71.19999694824219,9.039999961853027,81.94999694824219,17.09000015258789,11.890000343322754,112.9000015258789,20.760000228881836,7.340000152587891,25294.029296875
2026-04-02,12.770000457763672,0.3100000023841858,108.80000305175781,7.619999885559082,71.80000305175781,8.859999656677246,80.25,17.1200008392334,11.920000076293945,111.9000015258789,20.440000534057617,7.550000190734863,25116.529296875
