date,ticker,open,high,low,close,volume
2023-04-14,0005.HK,187.68,189.62,183.03,187.26,36241295
2023-04-17,0005.HK,189.16,188.27,183.2,188.19,5554261
2023-04-18,0005.HK,187.28,193.87,187.34,189.02,47943209
2023-04-19,0005.HK,190.38,194.75,188.89,191.92,18146985
2023-04-20,0005.HK,190.04,192.56,188.09,190.29,63874271
2023-04-21,0005.HK,187.11,190.95,186.71,188.83,50810489
2023-04-24,0005.HK,188.58,190.95,182.54,187.25,7986305
2023-04-25,0005.HK,185.21,184.83,182.39,184.69,94082793
2023-04-26,0005.HK,177.76,179.55,175.59,177.49,46367036
2023-04-27,0005.HK,180.22,185.14,176.74,180.05,96157865
2023-04-28,0005.HK,183.77,183.36,177.2,182.29,10977022
2023-05-01,0005.HK,176.45,178.67,176.47,178.16,8047676
2023-05-02,0005.HK,176.41,181.54,171.87,177.06,81632379
2023-05-03,0005.HK,174.35,175.74,173.53,175.12,63265341
2023-05-04,0005.HK,174.61,177.13,172.28,173.31,28921422
2023-05-05,0005.HK,166.7,171.56,166.81,167.78,99060009
2023-05-08,0005.HK,165.94,168.08,165.11,166.23,34739550
2023-05-09,0005.HK,169.2,172.07,164.88,167.75,75336235
2023-05-10,0005.HK,175.11,174.76,173.72,174.23,51019984
2023-05-11,0005.HK,176.44,176.97,174.74,175.29,39530966
2023-05-12,0005.HK,173.93,180.42,170.86,175.65,32612050
2023-05-15,0005.HK,175.89,179.3,172.09,174.32,63551884
2023-05-16,0005.HK,172.61,174.31,169.31,172.79,67579327
2023-05-17,0005.HK,176.16,179.44,174.17,175.28,10029404
2023-05-18,0005.HK,176.06,176.38,173.7,176.08,44711519
2023-05-19,0005.HK,175.79,176.27,169.82,174.44,15156176
2023-05-22,0005.HK,172.7,174.99,167.17,171.8,9326573
2023-05-23,0005.HK,172.11,171.79,170.5,171.42,70917980
2023-05-24,0005.HK,168.65,170.51,170.01,170.08,38052808
2023-05-25,0005.HK,169.66,174.25,169.83,170.1,98614105
2023-05-26,0005.HK,170.41,171.46,164.89,169.55,77937544
2023-05-29,0005.HK,170.77,172.74,170.09,170.57,12008550
2023-05-30,0005.HK,167.34,167.43,164.7,167.37,6574024
2023-05-31,0005.HK,168.85,170.74,168.35,170.14,74858443
2023-06-01,0005.HK,177.56,182.38,173.94,177.27,29285496
2023-06-02,0005.HK,181.81,181.69,180.28,180.48,2203292
2023-06-05,0005.HK,182.81,181.34,180.51,181.11,53242409
2023-06-06,0005.HK,185.35,183.94,181.08,183.54,96960951
2023-06-07,0005.HK,180.88,184.21,179.15,180.8,45999565
2023-06-08,0005.HK,176.99,179.63,176.01,176.54,5499191
2023-06-09,0005.HK,177.84,183.71,178.03,178.62,46110018
2023-06-12,0005.HK,177.64,178.69,172.9,177.22,46906142
2023-06-13,0005.HK,173.16,176.71,168.87,173.67,97465085
2023-06-14,0005.HK,173.08,175.0,169.03,171.41,31643234
2023-06-15,0005.HK,169.6,172.0,164.31,168.54,91181791
2023-06-16,0005.HK,170.0,173.73,167.52,168.91,61728104
2023-06-19,0005.HK,170.14,175.19,169.74,170.42,5476648
2023-06-20,0005.HK,171.09,174.68,171.74,172.73,98740336
2023-06-21,0005.HK,173.85,178.2,171.83,175.08,97021525
2023-06-22,0005.HK,178.31,181.55,174.27,177.09,42067130
2023-06-23,0005.HK,175.78,176.88,175.86,176.58,81477199
2023-06-26,0005.HK,176.71,180.2,172.63,174.96,77129754
2023-06-27,0005.HK,172.56,175.4,167.18,171.04,45603869
2023-06-28,0005.HK,172.61,178.87,171.84,173.9,23635637
2023-06-29,0005.HK,174.06,176.68,170.13,173.47,12242201
2023-06-30,0005.HK,173.03,175.13,171.26,172.43,52496186
2023-07-03,0005.HK,176.76,178.43,173.21,175.52,87788706
2023-07-04,0005.HK,172.86,173.89,168.14,173.19,75758588
2023-07-05,0005.HK,175.82,179.1,171.25,175.39,14500776
2023-07-06,0005.HK,174.5,178.06,174.04,176.21,39832160
2023-07-07,0005.HK,173.28,178.21,170.11,173.5,51884959
2023-07-10,0005.HK,174.32,175.4,171.37,173.34,86374007
2023-07-11,0005.HK,177.48,176.68,175.52,175.9,49719513
2023-07-12,0005.HK,177.18,180.49,177.93,178.04,49769191
2023-07-13,0005.HK,181.44,185.53,177.92,182.07,8510469
2023-07-14,0005.HK,181.67,183.73,178.37,183.03,14743890
2023-07-17,0005.HK,192.86,193.37,188.55,192.32,89782052
2023-07-18,0005.HK,189.61,193.5,184.99,189.7,20036612
2023-07-19,0005.HK,186.88,189.56,184.53,188.61,18524037
2023-07-20,0005.HK,186.92,189.16,185.43,188.47,21427038
2023-07-21,0005.HK,184.0,187.29,182.79,184.5,4891901
2023-07-24,0005.HK,188.55,190.95,182.26,187.42,87484283
2023-07-25,0005.HK,191.6,190.35,185.88,190.0,80813926
2023-07-26,0005.HK,191.04,191.14,185.58,190.09,37676738
2023-07-27,0005.HK,188.55,192.1,185.04,188.61,46790936
2023-07-28,0005.HK,185.33,184.62,180.28,184.41,71621609
2023-07-31,0005.HK,183.71,185.07,179.71,182.27,11610029
2023-08-01,0005.HK,184.14,187.28,180.15,184.34,27655079
2023-08-02,0005.HK,183.34,183.9,180.05,183.79,21933352
2023-08-03,0005.HK,182.02,183.3,182.05,182.65,59765652
2023-08-04,0005.HK,184.72,188.42,181.29,184.06,9605108
2023-08-07,0005.HK,187.43,190.59,185.86,187.29,43734295
2023-08-08,0005.HK,186.65,189.65,184.46,188.05,64945806
2023-08-09,0005.HK,189.25,191.0,188.9,188.98,60971707
2023-08-10,0005.HK,191.89,193.49,188.0,192.9,25349815
2023-08-11,0005.HK,192.14,194.53,189.3,193.45,18163985
2023-08-14,0005.HK,194.12,193.06,189.84,192.59,41629285
2023-08-15,0005.HK,196.45,195.23,191.06,194.58,96977572
2023-08-16,0005.HK,195.28,198.62,189.55,193.87,17917871
2023-08-17,0005.HK,193.48,198.21,190.27,192.83,57589656
2023-08-18,0005.HK,195.69,201.09,191.76,196.56,33044244
2023-08-21,0005.HK,195.44,198.72,191.29,195.74,12368845
2023-08-22,0005.HK,188.39,189.61,185.62,187.98,16281908
2023-08-23,0005.HK,188.92,192.01,183.61,188.99,34323823
2023-08-24,0005.HK,186.53,188.26,187.85,187.91,32913030
2023-08-25,0005.HK,188.29,188.56,185.34,187.13,76262558
2023-08-28,0005.HK,188.8,191.1,185.11,188.44,35537958
2023-08-29,0005.HK,189.62,192.69,187.81,188.01,13305425
2023-08-30,0005.HK,189.52,193.96,184.02,188.65,7583130
2023-08-31,0005.HK,183.85,186.12,182.1,182.97,14837465
2023-09-01,0005.HK,181.48,181.51,175.89,180.41,17262313
2023-09-04,0005.HK,185.41,187.93,181.61,184.25,36524217
2023-09-05,0005.HK,185.63,186.4,183.22,184.24,44474355
2023-09-06,0005.HK,179.21,182.14,175.88,179.65,75013328
2023-09-07,0005.HK,176.8,178.02,176.26,176.79,39005230
2023-09-08,0005.HK,174.35,178.93,172.23,174.2,12572906
2023-09-11,0005.HK,176.03,177.78,171.02,174.5,14787935
2023-09-12,0005.HK,174.42,176.63,170.97,173.4,89495365
2023-09-13,0005.HK,172.71,172.5,168.18,171.72,25600424
2023-09-14,0005.HK,172.6,171.94,169.55,171.77,76483409
2023-09-15,0005.HK,174.33,174.81,172.1,173.03,11952541
2023-09-18,0005.HK,173.59,173.05,169.28,172.39,79932241
2023-09-19,0005.HK,169.74,172.12,169.52,170.94,72283617
2023-09-20,0005.HK,170.37,173.43,167.56,169.9,25928106
2023-09-21,0005.HK,170.27,171.73,170.33,170.8,58755787
2023-09-22,0005.HK,170.47,173.18,170.54,170.81,16181788
2023-09-25,0005.HK,173.11,175.43,170.8,172.81,2792908
2023-09-26,0005.HK,171.13,174.61,167.65,169.86,69968431
2023-09-27,0005.HK,169.34,171.49,163.65,167.92,58052547
2023-09-28,0005.HK,170.27,172.07,168.56,169.9,93502334
2023-09-29,0005.HK,169.32,170.17,163.43,167.89,98499278
2023-10-02,0005.HK,172.58,172.05,171.01,171.41,87119739
2023-10-03,0005.HK,175.13,178.17,171.9,175.06,6421402
2023-10-04,0005.HK,178.16,183.06,173.41,178.75,34016417
2023-10-05,0005.HK,176.07,179.27,176.0,176.43,35288253
2023-10-06,0005.HK,176.12,180.57,173.76,176.67,23235877
2023-10-09,0005.HK,175.23,176.13,171.06,175.39,50338409
2023-10-10,0005.HK,177.57,182.74,174.45,177.86,58478246
2023-10-11,0005.HK,182.93,182.52,180.6,182.45,18625560
2023-10-12,0005.HK,186.58,185.7,181.63,184.87,9449617
2023-10-13,0005.HK,186.77,187.72,182.69,184.94,7640571
2023-10-16,0005.HK,184.88,185.12,183.4,183.96,21308824
2023-10-17,0005.HK,184.64,185.99,182.84,185.79,56919272
2023-10-18,0005.HK,180.83,186.66,179.42,182.42,52914636
2023-10-19,0005.HK,183.7,186.13,181.49,183.92,16368784
2023-10-20,0005.HK,180.28,186.12,181.14,181.43,37957622
2023-10-23,0005.HK,182.32,186.7,179.91,183.16,3513249
2023-10-24,0005.HK,181.5,186.68,180.88,182.75,3682503
2023-10-25,0005.HK,180.71,182.98,179.94,181.72,2951343
2023-10-26,0005.HK,177.93,183.65,174.93,179.35,65621864
2023-10-27,0005.HK,177.49,178.96,174.37,178.42,72504426
2023-10-30,0005.HK,181.23,184.43,176.69,179.95,67140428
2023-10-31,0005.HK,181.72,184.41,182.23,182.8,2287190
2023-11-01,0005.HK,182.75,185.43,178.9,184.28,18962108
2023-11-02,0005.HK,188.4,190.47,187.48,188.09,81926912
2023-11-03,0005.HK,194.67,196.81,191.65,195.29,59439199
2023-11-06,0005.HK,193.48,198.02,190.93,194.38,55652670
2023-11-07,0005.HK,193.57,195.53,193.52,193.82,76596973
2023-11-08,0005.HK,188.3,194.61,186.75,189.67,89560670
2023-11-09,0005.HK,194.25,195.56,187.43,193.09,27599058
2023-11-10,0005.HK,197.06,200.64,192.51,196.9,14796251
2023-11-13,0005.HK,195.68,200.11,191.61,194.37,17996249
2023-11-14,0005.HK,195.32,196.32,195.71,196.21,12657357
2023-11-15,0005.HK,200.14,201.48,197.16,199.84,65490618
2023-11-16,0005.HK,201.88,201.8,194.6,200.55,14551677
2023-11-17,0005.HK,204.77,208.47,200.69,203.14,60451169
2023-11-20,0005.HK,204.39,204.79,203.19,203.72,42458281
2023-11-21,0005.HK,199.57,203.15,194.32,200.04,17462053
2023-11-22,0005.HK,204.2,203.73,200.81,203.23,25289561
2023-11-23,0005.HK,206.85,209.1,203.3,207.31,72185544
2023-11-24,0005.HK,208.78,213.2,206.34,209.63,66703445
2023-11-27,0005.HK,208.48,211.22,201.81,206.67,4087130
2023-11-28,0005.HK,203.41,208.04,198.57,204.39,50140258
2023-11-29,0005.HK,201.35,202.98,199.58,200.96,11553227
2023-11-30,0005.HK,201.6,207.76,200.25,203.32,69151837
2023-12-01,0005.HK,206.96,208.76,206.11,207.23,80142172
2023-12-04,0005.HK,209.4,210.3,206.03,208.59,36736415
2023-12-05,0005.HK,209.85,217.4,206.1,211.58,95073498
2023-12-06,0005.HK,208.64,210.03,206.0,208.87,87421637
2023-12-07,0005.HK,210.34,214.43,207.22,209.36,69535379
2023-12-08,0005.HK,206.54,206.64,201.96,205.1,22899734
2023-12-11,0005.HK,204.75,208.51,196.93,202.77,70851942
2023-12-12,0005.HK,207.23,206.6,202.82,205.48,91633341
2023-12-13,0005.HK,202.88,209.07,200.47,204.79,92515223
2023-12-14,0005.HK,210.51,214.45,205.25,208.54,86342222
2023-12-15,0005.HK,211.72,212.28,209.19,210.27,4663755
2023-12-18,0005.HK,219.36,220.44,213.16,218.93,8618366
2023-12-19,0005.HK,220.15,221.52,217.47,219.29,7470277
2023-12-20,0005.HK,213.91,218.18,213.36,214.7,32556497
2023-12-21,0005.HK,215.18,220.34,212.16,214.64,24062988
2023-12-22,0005.HK,209.57,217.1,205.37,211.58,87595465
2023-12-25,0005.HK,214.85,220.77,213.42,214.72,99795476
2023-12-26,0005.HK,214.26,219.85,211.04,214.9,48507686
2023-12-27,0005.HK,215.05,220.12,214.4,214.5,77059067
2023-12-28,0005.HK,213.79,216.85,212.46,214.14,24638937
2023-12-29,0005.HK,214.88,218.87,211.93,216.56,30334503
2024-01-01,0005.HK,213.99,215.41,208.8,215.14,98784516
2024-01-02,0005.HK,217.37,220.2,215.6,217.69,22607134
2024-01-03,0005.HK,223.14,226.36,215.1,221.15,42340496
2024-01-04,0005.HK,221.72,226.29,216.54,220.06,61727727
2024-01-05,0005.HK,215.6,223.5,212.04,217.04,94330445
2024-01-08,0005.HK,216.06,219.34,212.27,215.42,23836311
2024-01-09,0005.HK,216.34,219.19,212.44,217.75,78178862
2024-01-10,0005.HK,217.45,218.48,217.9,218.1,88494802
2024-01-11,0005.HK,222.09,226.78,214.75,220.2,40227959
2024-01-12,0005.HK,227.24,230.79,220.33,226.07,81767479
2024-01-15,0005.HK,225.65,228.42,223.75,226.9,59701053
2024-01-16,0005.HK,224.55,224.81,223.37,224.19,27294404
2024-01-17,0005.HK,226.1,233.87,227.49,227.79,86350634
2024-01-18,0005.HK,229.43,232.5,224.94,228.01,9611689
2024-01-19,0005.HK,230.62,233.63,225.91,231.04,72618591
2024-01-22,0005.HK,234.77,235.36,229.29,234.78,68642617
2024-01-23,0005.HK,229.49,237.36,227.95,231.45,48578071
2024-01-24,0005.HK,236.74,242.14,231.67,236.3,68123599
2024-01-25,0005.HK,239.87,241.47,238.68,239.55,79945176
2024-01-26,0005.HK,238.18,243.49,236.49,237.43,71127934
2024-01-29,0005.HK,240.17,243.56,236.27,238.56,62242526
2024-01-30,0005.HK,240.74,240.67,238.68,239.53,87312509
2024-01-31,0005.HK,237.41,245.6,233.4,239.67,34176766
2024-02-01,0005.HK,244.03,244.02,241.52,242.85,83381283
2024-02-02,0005.HK,248.17,248.18,242.83,248.13,62075764
2024-02-05,0005.HK,250.6,252.91,242.7,248.21,63766564
2024-02-06,0005.HK,253.42,259.14,246.43,253.21,76341762
2024-02-07,0005.HK,257.23,264.44,251.94,257.02,63629567
2024-02-08,0005.HK,260.19,258.76,257.48,257.96,69100686
2024-02-09,0005.HK,256.46,261.03,256.43,258.7,7667709
2024-02-12,0005.HK,254.7,256.92,251.39,254.28,5528461
2024-02-13,0005.HK,250.45,255.86,248.37,248.6,75215531
2024-02-14,0005.HK,247.43,254.94,241.97,249.27,3190231
2024-02-15,0005.HK,245.25,249.73,244.42,246.12,68646242
2024-02-16,0005.HK,245.76,248.04,246.0,246.02,43191948
2024-02-19,0005.HK,243.86,245.3,242.6,244.1,69674540
2024-02-20,0005.HK,236.27,238.19,235.32,237.6,65796610
2024-02-21,0005.HK,237.84,245.73,232.83,238.92,43801145
2024-02-22,0005.HK,239.59,240.47,234.91,237.48,40361845
2024-02-23,0005.HK,236.74,244.83,233.6,237.81,89515821
2024-02-26,0005.HK,233.41,236.18,227.85,234.68,65515015
2024-02-27,0005.HK,232.93,239.6,229.85,233.54,96851149
2024-02-28,0005.HK,237.55,245.29,237.46,239.06,77321262
2024-02-29,0005.HK,241.22,245.04,236.88,239.57,13993242
2024-03-01,0005.HK,239.33,248.26,238.81,241.59,79857191
2024-03-04,0005.HK,236.94,237.87,230.81,237.03,68870963
2024-03-05,0005.HK,245.23,247.05,241.83,245.57,7356684
2024-03-06,0005.HK,252.83,254.45,250.88,252.41,31725833
2024-03-07,0005.HK,257.39,257.72,250.46,257.63,39856862
2024-03-08,0005.HK,260.78,265.58,255.34,260.88,69803206
2024-03-11,0005.HK,262.87,267.1,253.47,260.99,48570187
2024-03-12,0005.HK,260.7,264.68,262.67,262.77,15107058
2024-03-13,0005.HK,266.95,271.91,264.57,266.96,56405219
2024-03-14,0005.HK,261.9,267.08,260.67,264.49,9698783
2024-03-15,0005.HK,262.0,263.04,255.52,262.78,40295404
2024-03-18,0005.HK,254.37,260.62,253.87,256.26,80258083
2024-03-19,0005.HK,251.82,254.61,246.54,253.34,64006594
2024-03-20,0005.HK,260.78,259.95,259.21,259.7,6145157
2024-03-21,0005.HK,258.67,263.95,257.45,258.45,71694606
2024-03-22,0005.HK,258.83,259.89,255.84,257.27,8931369
2024-03-25,0005.HK,260.59,262.8,257.13,258.55,45779510
2024-03-26,0005.HK,253.08,256.34,250.32,252.35,9081368
2024-03-27,0005.HK,253.73,257.88,249.53,255.98,87306573
2024-03-28,0005.HK,259.43,268.53,255.7,260.89,19029673
2024-03-29,0005.HK,263.94,267.61,258.47,262.42,55980991
2023-04-14,0011.HK,370.17,376.94,359.91,370.02,75771771
2023-04-17,0011.HK,367.55,379.48,367.88,370.3,71165725
2023-04-18,0011.HK,367.6,374.42,362.84,371.04,36653504
2023-04-19,0011.HK,371.44,385.06,369.52,374.53,31246906
2023-04-20,0011.HK,368.1,373.81,364.44,368.86,52052263
2023-04-21,0011.HK,370.6,372.99,367.43,367.51,85291070
2023-04-24,0011.HK,356.3,368.39,348.89,358.39,81927521
2023-04-25,0011.HK,359.74,370.1,359.18,360.61,80786614
2023-04-26,0011.HK,366.29,367.51,354.14,364.18,40895037
2023-04-27,0011.HK,359.25,369.15,354.52,361.61,97585409
2023-04-28,0011.HK,371.27,379.36,360.59,370.22,86339433
2023-05-01,0011.HK,366.56,368.8,359.19,363.49,76716170
2023-05-02,0011.HK,353.26,360.94,349.16,355.58,15491025
2023-05-03,0011.HK,355.9,357.57,346.42,356.85,14381462
2023-05-04,0011.HK,365.88,368.5,362.15,362.52,43817289
2023-05-05,0011.HK,370.35,377.4,365.5,371.75,11460803
2023-05-08,0011.HK,370.31,371.66,365.05,369.27,65369908
2023-05-09,0011.HK,372.7,376.01,372.85,375.31,46520241
2023-05-10,0011.HK,371.86,386.37,364.57,375.17,69808487
2023-05-11,0011.HK,377.9,376.96,364.65,374.28,13017109
2023-05-12,0011.HK,377.82,380.46,375.81,379.31,7166888
2023-05-15,0011.HK,383.17,394.55,380.96,383.1,61906724
2023-05-16,0011.HK,372.67,381.12,368.81,374.12,43182255
2023-05-17,0011.HK,379.65,392.65,376.17,382.48,20267628
2023-05-18,0011.HK,389.44,395.32,388.45,390.47,73627823
2023-05-19,0011.HK,388.97,387.02,380.11,386.89,48653071
2023-05-22,0011.HK,385.52,392.3,386.46,389.26,14573860
2023-05-23,0011.HK,392.5,394.76,380.6,392.22,24878944
2023-05-24,0011.HK,397.58,403.31,393.36,393.84,49297550
2023-05-25,0011.HK,387.61,397.09,384.27,390.66,84591351
2023-05-26,0011.HK,383.7,392.47,376.94,386.81,33142916
2023-05-29,0011.HK,388.57,392.26,379.49,386.74,40053151
2023-05-30,0011.HK,393.3,402.89,392.34,393.62,95578133
2023-05-31,0011.HK,399.18,400.66,393.19,396.9,44322709
2023-06-01,0011.HK,392.84,404.74,383.39,394.78,90274437
2023-06-02,0011.HK,399.12,407.06,395.34,399.43,89616656
2023-06-05,0011.HK,383.48,389.48,371.73,382.44,52322394
2023-06-06,0011.HK,386.38,397.71,383.41,389.11,68342550
2023-06-07,0011.HK,375.55,379.99,375.8,379.03,8136349
2023-06-08,0011.HK,373.81,377.18,376.55,377.04,74013327
2023-06-09,0011.HK,369.7,374.09,363.55,370.79,77690699
2023-06-12,0011.HK,364.83,365.68,354.65,363.66,10741169
2023-06-13,0011.HK,371.25,378.55,361.91,370.07,3073551
2023-06-14,0011.HK,364.47,378.22,359.77,367.54,77153091
2023-06-15,0011.HK,370.45,373.76,360.72,369.53,13017255
2023-06-16,0011.HK,370.19,377.92,365.4,369.34,53499911
2023-06-19,0011.HK,368.65,382.87,369.81,372.06,29989381
2023-06-20,0011.HK,376.14,379.29,367.89,372.56,75059244
2023-06-21,0011.HK,367.74,372.66,355.91,365.47,34488483
2023-06-22,0011.HK,374.18,373.5,364.01,371.0,43775611
2023-06-23,0011.HK,367.88,375.1,367.7,368.33,24828578
2023-06-26,0011.HK,357.08,361.93,358.58,359.8,64935270
2023-06-27,0011.HK,356.03,366.31,356.07,357.56,84804919
2023-06-28,0011.HK,368.75,368.45,363.0,365.68,46593410
2023-06-29,0011.HK,372.95,378.51,367.93,370.42,65960021
2023-06-30,0011.HK,366.18,374.58,368.39,368.56,93801418
2023-07-03,0011.HK,363.35,368.51,357.15,366.7,72872011
2023-07-04,0011.HK,367.32,367.34,359.59,365.0,84229599
2023-07-05,0011.HK,378.2,382.57,371.82,376.45,51327694
2023-07-06,0011.HK,377.15,385.1,375.14,378.68,87458968
2023-07-07,0011.HK,382.24,389.9,371.59,381.2,46694189
2023-07-10,0011.HK,383.36,390.03,383.99,387.16,99189185
2023-07-11,0011.HK,385.51,393.31,386.3,388.63,21199527
2023-07-12,0011.HK,387.62,395.71,382.74,387.2,19614448
2023-07-13,0011.HK,385.02,395.21,380.97,386.13,1517731
2023-07-14,0011.HK,387.81,386.2,382.85,385.8,21045575
2023-07-17,0011.HK,389.19,389.91,377.87,385.66,15739916
2023-07-18,0011.HK,388.43,400.2,389.9,389.94,37462643
2023-07-19,0011.HK,389.92,398.78,388.99,390.33,59711389
2023-07-20,0011.HK,393.84,399.58,391.09,394.69,1318608
2023-07-21,0011.HK,395.24,398.5,391.86,394.29,10206073
2023-07-24,0011.HK,395.53,400.54,390.6,394.84,7420505
2023-07-25,0011.HK,383.7,389.54,378.03,383.08,60745278
2023-07-26,0011.HK,389.8,397.8,379.92,388.42,82679891
2023-07-27,0011.HK,390.51,391.42,379.49,390.52,34089593
2023-07-28,0011.HK,398.7,404.86,393.93,396.45,52209636
2023-07-31,0011.HK,378.85,380.98,371.66,379.3,43967917
2023-08-01,0011.HK,388.04,393.85,386.54,391.26,73830648
2023-08-02,0011.HK,394.41,401.45,386.33,390.52,42703557
2023-08-03,0011.HK,398.17,406.45,386.58,397.09,41580584
2023-08-04,0011.HK,393.63,395.48,385.95,390.97,59189166
2023-08-07,0011.HK,392.15,398.93,386.77,394.65,3593474
2023-08-08,0011.HK,384.79,398.18,380.02,388.49,52289797
2023-08-09,0011.HK,383.38,395.79,376.38,384.93,43536024
2023-08-10,0011.HK,399.01,406.06,386.39,396.06,80461687
2023-08-11,0011.HK,394.68,400.73,384.74,395.01,8979549
2023-08-14,0011.HK,398.18,402.28,389.68,396.37,73221314
2023-08-15,0011.HK,403.76,403.54,396.93,401.63,14400054
2023-08-16,0011.HK,406.73,412.67,404.17,404.69,7826843
2023-08-17,0011.HK,402.09,409.12,396.7,405.69,25450901
2023-08-18,0011.HK,411.3,411.04,399.08,407.99,76180427
2023-08-21,0011.HK,422.35,432.63,410.92,422.78,49269548
2023-08-22,0011.HK,418.56,423.29,421.31,422.5,14785291
2023-08-23,0011.HK,424.13,429.08,415.56,423.86,90083501
2023-08-24,0011.HK,426.5,439.2,430.15,430.62,56456650
2023-08-25,0011.HK,441.67,438.53,430.21,437.85,26755621
2023-08-28,0011.HK,447.79,458.85,435.79,445.73,65763285
2023-08-29,0011.HK,447.37,457.72,442.85,450.09,97228527
2023-08-30,0011.HK,443.42,447.1,430.71,442.46,15973436
2023-08-31,0011.HK,450.9,456.81,451.36,453.39,56561056
2023-09-01,0011.HK,445.9,447.22,443.82,445.69,72558616
2023-09-04,0011.HK,443.93,457.31,441.67,447.8,9090809
2023-09-05,0011.HK,442.45,449.26,431.74,442.82,94624116
2023-09-06,0011.HK,445.58,451.37,435.35,442.49,41764788
2023-09-07,0011.HK,446.1,452.03,432.25,444.76,51737762
2023-09-08,0011.HK,449.73,453.15,434.28,446.99,78841541
2023-09-11,0011.HK,447.22,453.4,438.63,449.91,33691291
2023-09-12,0011.HK,463.26,468.07,449.89,460.89,87905177
2023-09-13,0011.HK,467.64,476.24,453.52,464.12,45672695
2023-09-14,0011.HK,467.0,473.22,449.01,462.51,7455254
2023-09-15,0011.HK,468.95,482.09,462.8,469.29,50283438
2023-09-18,0011.HK,473.99,487.17,475.21,477.76,38661580
2023-09-19,0011.HK,471.64,482.63,457.85,469.06,52809633
2023-09-20,0011.HK,471.34,484.61,467.35,473.35,63823659
2023-09-21,0011.HK,481.28,484.11,477.21,478.43,53769857
2023-09-22,0011.HK,473.13,486.33,473.43,476.39,32359406
2023-09-25,0011.HK,489.79,499.53,475.76,486.31,98368625
2023-09-26,0011.HK,481.83,488.26,473.44,485.31,89504981
2023-09-27,0011.HK,487.83,488.54,478.16,486.33,61914504
2023-09-28,0011.HK,481.12,498.0,482.3,485.16,51015470
2023-09-29,0011.HK,489.91,491.45,485.14,485.37,67124079
2023-10-02,0011.HK,478.77,479.86,475.79,477.49,43321479
2023-10-03,0011.HK,464.11,467.44,461.1,467.27,53212562
2023-10-04,0011.HK,480.64,491.32,465.32,478.54,73418152
2023-10-05,0011.HK,469.6,484.72,469.99,472.55,54538581
2023-10-06,0011.HK,467.58,470.01,458.23,465.62,82342052
2023-10-09,0011.HK,450.31,455.51,443.84,450.67,82996675
2023-10-10,0011.HK,444.97,448.77,442.59,446.44,82771843
2023-10-11,0011.HK,434.18,440.82,426.41,437.67,35446199
2023-10-12,0011.HK,448.1,458.62,443.85,448.54,62471928
2023-10-13,0011.HK,454.08,466.92,448.2,455.42,97931388
2023-10-16,0011.HK,452.02,452.52,446.44,450.81,33185297
2023-10-17,0011.HK,467.87,467.11,454.6,466.14,85717988
2023-10-18,0011.HK,470.51,484.97,462.87,473.09,64645309
2023-10-19,0011.HK,472.71,478.13,461.07,470.88,22051793
2023-10-20,0011.HK,449.09,457.46,448.61,453.32,93892177
2023-10-23,0011.HK,472.47,479.77,466.02,468.99,66833505
2023-10-24,0011.HK,457.11,471.81,454.77,459.31,56483622
2023-10-25,0011.HK,444.58,454.08,440.81,448.07,86591797
2023-10-26,0011.HK,455.45,460.22,454.71,455.03,11961338
2023-10-27,0011.HK,471.04,472.37,468.09,471.77,91889578
2023-10-30,0011.HK,479.54,494.07,471.44,481.66,91166246
2023-10-31,0011.HK,488.3,497.56,471.52,485.83,96318225
2023-11-01,0011.HK,492.49,494.75,487.76,490.26,28870598
2023-11-02,0011.HK,500.34,498.32,492.22,496.64,54529149
2023-11-03,0011.HK,498.34,506.04,487.51,502.39,47408028
2023-11-06,0011.HK,502.61,513.67,493.97,504.61,30691992
2023-11-07,0011.HK,507.96,506.23,504.03,505.5,85374123
2023-11-08,0011.HK,506.82,514.12,503.5,505.13,19347687
2023-11-09,0011.HK,495.31,503.1,496.44,499.52,4432356
2023-11-10,0011.HK,498.34,512.37,495.36,497.51,52623123
2023-11-13,0011.HK,480.75,497.07,479.14,484.98,12378366
2023-11-14,0011.HK,480.43,497.58,479.55,484.36,83099393
2023-11-15,0011.HK,480.89,485.46,470.36,477.27,43612313
2023-11-16,0011.HK,467.75,475.59,466.28,469.47,60590419
2023-11-17,0011.HK,474.53,477.09,465.28,470.83,63499447
2023-11-20,0011.HK,481.64,490.89,469.76,480.75,51724013
2023-11-21,0011.HK,483.61,493.1,479.98,487.47,65570201
2023-11-22,0011.HK,480.38,484.67,472.42,476.09,51120339
2023-11-23,0011.HK,470.37,470.11,458.62,469.11,36823456
2023-11-24,0011.HK,475.57,476.48,463.55,475.83,28404616
2023-11-27,0011.HK,473.33,473.57,461.62,468.91,20413673
2023-11-28,0011.HK,468.46,471.36,456.3,467.42,52140690
2023-11-29,0011.HK,466.71,471.48,460.33,471.37,4635414
2023-11-30,0011.HK,460.98,469.35,461.87,464.62,57632815
2023-12-01,0011.HK,465.57,469.55,464.5,465.45,40304489
2023-12-04,0011.HK,452.46,464.67,444.1,456.23,35177091
2023-12-05,0011.HK,452.27,464.06,445.33,452.2,70523617
2023-12-06,0011.HK,458.94,456.26,444.58,454.46,40063031
2023-12-07,0011.HK,443.0,449.17,442.47,443.7,71689231
2023-12-08,0011.HK,447.68,450.86,444.35,446.72,95550990
2023-12-11,0011.HK,449.54,446.69,441.8,446.67,6062402
2023-12-12,0011.HK,448.28,451.27,445.11,450.47,68972401
2023-12-13,0011.HK,448.58,457.27,444.69,452.07,37536249
2023-12-14,0011.HK,457.91,467.21,457.96,461.41,8029758
2023-12-15,0011.HK,458.49,467.29,461.56,462.37,67188692
2023-12-18,0011.HK,461.12,464.47,453.88,459.48,2002987
2023-12-19,0011.HK,461.67,473.03,455.07,460.42,87496160
2023-12-20,0011.HK,466.34,465.94,462.9,464.26,7577940
2023-12-21,0011.HK,465.01,466.68,450.92,464.69,42781391
2023-12-22,0011.HK,463.16,471.85,459.17,465.07,5330168
2023-12-25,0011.HK,456.8,467.98,451.2,460.27,73188175
2023-12-26,0011.HK,457.17,467.34,451.58,455.78,43563176
2023-12-27,0011.HK,447.83,449.97,437.0,446.28,79109530
2023-12-28,0011.HK,457.59,469.06,455.64,458.08,85898671
2023-12-29,0011.HK,453.38,455.44,440.44,449.63,58637675
2024-01-01,0011.HK,443.9,453.07,441.12,445.05,69152096
2024-01-02,0011.HK,439.23,442.54,432.82,440.34,15116820
2024-01-03,0011.HK,449.82,450.97,435.02,446.34,3519328
2024-01-04,0011.HK,445.75,452.95,435.66,444.45,8099476
2024-01-05,0011.HK,452.04,457.09,448.47,452.86,60972145
2024-01-08,0011.HK,447.16,451.31,448.21,448.38,45946160
2024-01-09,0011.HK,452.04,452.24,443.39,450.34,3726135
2024-01-10,0011.HK,444.84,457.65,436.57,444.79,4860605
2024-01-11,0011.HK,454.88,464.53,447.62,459.19,3311857
2024-01-12,0011.HK,453.41,457.31,441.48,451.1,90108235
2024-01-15,0011.HK,449.81,466.29,443.96,453.29,88951963
2024-01-16,0011.HK,458.63,469.04,457.47,457.69,29552138
2024-01-17,0011.HK,464.87,466.0,452.13,460.62,34698323
2024-01-18,0011.HK,459.81,461.56,453.28,459.43,54628776
2024-01-19,0011.HK,461.03,470.1,450.93,458.63,30930991
2024-01-22,0011.HK,456.81,461.7,446.05,459.02,34902349
2024-01-23,0011.HK,456.0,471.38,452.02,458.1,35380426
2024-01-24,0011.HK,465.57,466.76,457.07,464.82,62997197
2024-01-25,0011.HK,480.22,486.11,480.23,480.32,88151161
2024-01-26,0011.HK,477.58,484.54,470.98,476.4,20929898
2024-01-29,0011.HK,465.73,467.26,459.37,466.71,54759433
2024-01-30,0011.HK,463.65,479.67,464.92,466.18,72492180
2024-01-31,0011.HK,484.64,496.96,471.69,484.32,79260469
2024-02-01,0011.HK,474.98,489.98,468.18,478.58,87831967
2024-02-02,0011.HK,494.79,492.63,482.53,490.44,98117750
2024-02-05,0011.HK,502.71,515.91,496.67,502.88,38157660
2024-02-06,0011.HK,496.67,501.84,495.24,498.8,39267510
2024-02-07,0011.HK,503.27,510.59,496.78,503.16,86692137
2024-02-08,0011.HK,520.51,521.85,512.88,515.55,76688251
2024-02-09,0011.HK,513.48,527.43,500.42,512.72,11817156
2024-02-12,0011.HK,514.88,517.99,508.91,511.26,89415930
2024-02-13,0011.HK,502.46,520.33,498.51,506.9,51532816
2024-02-14,0011.HK,500.55,513.16,484.59,499.29,48207503
2024-02-15,0011.HK,496.38,505.24,489.96,494.52,14309077
2024-02-16,0011.HK,483.59,490.77,482.69,485.54,28597227
2024-02-19,0011.HK,483.08,499.84,471.44,485.89,99784264
2024-02-20,0011.HK,482.07,492.31,470.21,480.37,2417212
2024-02-21,0011.HK,484.45,494.22,478.4,482.15,15142178
2024-02-22,0011.HK,473.39,481.86,466.17,471.0,76845477
2024-02-23,0011.HK,476.71,482.14,460.49,473.43,49275153
2024-02-26,0011.HK,475.39,485.31,470.92,479.44,7534974
2024-02-27,0011.HK,463.79,466.75,462.52,465.2,94821114
2024-02-28,0011.HK,463.9,481.31,461.2,467.9,30657002
2024-02-29,0011.HK,472.58,483.77,473.68,476.61,71001561
2024-03-01,0011.HK,463.85,469.09,459.68,468.06,30233758
2024-03-04,0011.HK,477.33,483.94,477.07,479.9,92993577
2024-03-05,0011.HK,482.09,496.14,473.18,483.01,48167261
2024-03-06,0011.HK,475.38,487.18,477.7,478.0,60745816
2024-03-07,0011.HK,476.34,486.98,465.13,477.7,88977248
2024-03-08,0011.HK,481.82,488.29,475.81,481.79,62853602
2024-03-11,0011.HK,478.31,492.32,471.47,482.44,71681310
2024-03-12,0011.HK,489.57,498.16,479.9,486.43,52496819
2024-03-13,0011.HK,476.38,490.97,469.32,479.81,50172846
2024-03-14,0011.HK,479.05,483.06,475.78,481.13,6378871
2024-03-15,0011.HK,473.36,475.51,456.89,471.02,51601784
2024-03-18,0011.HK,466.07,474.23,466.19,470.33,7206272
2024-03-19,0011.HK,467.2,464.1,453.56,464.05,74349501
2024-03-20,0011.HK,457.33,460.42,450.21,459.02,27768935
2024-03-21,0011.HK,470.83,472.02,464.66,467.62,89295342
2024-03-22,0011.HK,474.74,488.35,466.49,475.37,96443763
2024-03-25,0011.HK,475.87,489.7,472.52,479.81,39377231
2024-03-26,0011.HK,473.3,482.01,457.94,472.04,17528355
2024-03-27,0011.HK,471.9,479.29,469.42,469.9,76342741
2024-03-28,0011.HK,482.86,488.63,468.46,478.54,11431127
2024-03-29,0011.HK,482.36,488.92,465.96,479.65,36644996
2023-04-14,0388.HK,455.95,468.07,455.86,458.38,55096601
2023-04-17,0388.HK,462.87,459.29,451.77,458.58,72126940
2023-04-18,0388.HK,452.01,451.17,446.07,448.76,55718000
2023-04-19,0388.HK,446.51,449.21,445.63,447.44,16570047
2023-04-20,0388.HK,436.44,441.91,436.41,438.1,67597596
2023-04-21,0388.HK,431.43,432.1,424.06,428.88,57602852
2023-04-24,0388.HK,439.82,448.79,423.97,436.91,67727971
2023-04-25,0388.HK,431.0,442.06,425.61,434.9,31370883
2023-04-26,0388.HK,431.13,440.46,423.76,432.4,73537206
2023-04-27,0388.HK,434.79,436.51,432.79,435.62,29290074
2023-04-28,0388.HK,432.7,442.19,424.61,433.28,6601979
2023-05-01,0388.HK,445.92,459.71,442.24,447.04,67476435
2023-05-02,0388.HK,446.48,447.96,437.53,445.3,75343040
2023-05-03,0388.HK,444.26,451.56,438.11,447.83,43769873
2023-05-04,0388.HK,458.81,455.36,447.88,454.44,18757103
2023-05-05,0388.HK,469.84,467.04,457.13,465.46,74050613
2023-05-08,0388.HK,462.25,466.21,451.34,460.37,40363625
2023-05-09,0388.HK,455.42,460.39,450.48,457.57,27584841
2023-05-10,0388.HK,464.43,475.6,465.97,466.41,60760082
2023-05-11,0388.HK,468.18,473.24,471.49,472.17,30431788
2023-05-12,0388.HK,475.97,488.51,474.47,479.88,65201977
2023-05-15,0388.HK,467.94,470.34,469.63,470.13,25838411
2023-05-16,0388.HK,482.83,491.34,475.51,481.14,31977832
2023-05-17,0388.HK,473.56,484.27,473.83,475.74,94726639
2023-05-18,0388.HK,473.44,479.42,476.41,477.21,73916987
2023-05-19,0388.HK,479.89,479.14,470.35,476.24,70412819
2023-05-22,0388.HK,471.75,475.82,456.18,470.06,58709679
2023-05-23,0388.HK,457.92,466.41,459.61,460.19,40504496
2023-05-24,0388.HK,451.3,450.78,443.84,448.25,97723688
2023-05-25,0388.HK,445.56,449.25,441.51,449.14,10169922
2023-05-26,0388.HK,441.13,451.0,431.5,438.95,26612452
2023-05-29,0388.HK,431.01,440.94,418.74,431.57,59355944
2023-05-30,0388.HK,431.22,438.48,420.47,430.25,71691219
2023-05-31,0388.HK,409.93,415.78,411.79,413.31,74133591
2023-06-01,0388.HK,414.15,421.33,408.36,418.22,27809826
2023-06-02,0388.HK,401.15,403.94,396.64,403.18,73540614
2023-06-05,0388.HK,403.66,410.93,391.69,402.8,95197580
2023-06-06,0388.HK,405.7,412.7,400.83,402.97,93338340
2023-06-07,0388.HK,406.66,408.74,401.63,406.3,74545267
2023-06-08,0388.HK,408.06,412.48,394.78,406.13,37740180
2023-06-09,0388.HK,422.02,425.84,412.71,418.5,27616497
2023-06-12,0388.HK,418.84,431.22,415.74,419.94,78951315
2023-06-13,0388.HK,426.27,434.73,417.04,426.66,70840622
2023-06-14,0388.HK,421.51,427.72,417.68,422.12,93691781
2023-06-15,0388.HK,419.28,433.43,413.99,422.97,44948025
2023-06-16,0388.HK,428.73,436.78,426.41,432.87,6561431
2023-06-19,0388.HK,431.34,443.41,419.84,431.41,76679632
2023-06-20,0388.HK,431.96,441.25,423.14,432.74,16789733
2023-06-21,0388.HK,436.22,440.13,428.47,439.2,66757719
2023-06-22,0388.HK,437.71,445.01,430.29,434.4,11932754
2023-06-23,0388.HK,418.63,424.31,410.94,420.4,51985560
2023-06-26,0388.HK,422.39,426.61,413.91,422.09,83027004
2023-06-27,0388.HK,430.92,432.39,427.33,428.44,95328686
2023-06-28,0388.HK,418.38,424.3,413.61,419.84,94170960
2023-06-29,0388.HK,427.34,425.45,416.42,424.14,55783747
2023-06-30,0388.HK,428.56,431.03,426.72,428.54,68017137
2023-07-03,0388.HK,416.81,424.67,410.88,414.01,44481849
2023-07-04,0388.HK,409.18,410.24,404.28,408.28,18746072
2023-07-05,0388.HK,407.51,408.73,395.19,405.93,17363164
2023-07-06,0388.HK,400.89,413.65,401.67,404.92,51978401
2023-07-07,0388.HK,397.78,401.49,388.7,400.49,17409069
2023-07-10,0388.HK,398.87,398.65,388.11,395.78,11429202
2023-07-11,0388.HK,403.53,412.1,401.01,405.78,25289879
2023-07-12,0388.HK,401.62,409.96,395.9,405.21,22735838
2023-07-13,0388.HK,404.75,408.48,395.73,401.07,42161735
2023-07-14,0388.HK,400.33,407.4,397.25,400.9,70512463
2023-07-17,0388.HK,401.55,410.27,397.08,404.21,87182169
2023-07-18,0388.HK,405.67,411.07,393.86,404.6,60958151
2023-07-19,0388.HK,400.35,407.52,393.06,403.43,69515291
2023-07-20,0388.HK,397.23,404.28,398.33,399.58,21227321
2023-07-21,0388.HK,395.75,400.67,384.04,395.69,79483053
2023-07-24,0388.HK,388.84,397.8,387.05,392.22,63214219
2023-07-25,0388.HK,395.78,397.29,382.58,394.3,72620922
2023-07-26,0388.HK,388.77,398.24,386.41,388.49,84489290
2023-07-27,0388.HK,390.75,394.78,388.42,390.86,45678117
2023-07-28,0388.HK,396.7,409.47,397.82,399.23,47164665
2023-07-31,0388.HK,397.85,405.92,398.89,401.26,90275628
2023-08-01,0388.HK,396.75,399.91,397.64,399.11,39551088
2023-08-02,0388.HK,391.75,402.79,380.46,391.42,65183482
2023-08-03,0388.HK,397.35,405.28,398.41,400.76,43913751
2023-08-04,0388.HK,397.73,400.42,385.79,393.81,22791021
2023-08-07,0388.HK,397.71,403.36,387.76,398.9,37587845
2023-08-08,0388.HK,402.51,411.54,398.65,402.8,71167799
2023-08-09,0388.HK,397.51,404.07,397.38,401.45,48914947
2023-08-10,0388.HK,395.99,409.6,397.22,399.95,55293497
2023-08-11,0388.HK,385.64,397.96,384.16,389.02,78414037
2023-08-14,0388.HK,392.99,400.44,385.37,391.02,14892127
2023-08-15,0388.HK,396.09,402.08,391.68,394.73,17818219
2023-08-16,0388.HK,386.0,398.74,385.45,388.36,90914620
2023-08-17,0388.HK,389.54,394.48,383.51,387.53,89023664
2023-08-18,0388.HK,388.44,395.19,378.02,387.83,47918200
2023-08-21,0388.HK,393.0,394.49,381.95,391.31,32068854
2023-08-22,0388.HK,389.39,393.93,384.66,391.41,90876012
2023-08-23,0388.HK,382.0,384.09,371.36,381.94,69919458
2023-08-24,0388.HK,378.09,388.33,375.11,378.98,79827903
2023-08-25,0388.HK,378.6,388.23,371.94,380.33,93967779
2023-08-28,0388.HK,386.26,388.96,376.77,385.21,19901731
2023-08-29,0388.HK,383.21,384.22,377.09,381.72,27198867
2023-08-30,0388.HK,395.6,403.96,391.7,394.32,76324281
2023-08-31,0388.HK,380.8,384.21,379.73,383.2,37466374
2023-09-01,0388.HK,379.52,380.39,371.59,380.03,4333963
2023-09-04,0388.HK,382.51,382.41,374.59,379.63,4858952
2023-09-05,0388.HK,379.83,382.24,377.41,378.57,88923700
2023-09-06,0388.HK,370.35,381.69,371.6,371.65,82716150
2023-09-07,0388.HK,376.8,377.01,369.47,374.22,7658335
2023-09-08,0388.HK,373.33,387.65,368.77,376.38,75070207
2023-09-11,0388.HK,379.03,386.42,376.69,376.72,24908152
2023-09-12,0388.HK,375.19,383.34,368.79,378.67,3220163
2023-09-13,0388.HK,375.29,385.19,371.44,376.34,31965020
2023-09-14,0388.HK,368.42,369.84,356.43,367.29,76670985
2023-09-15,0388.HK,364.31,371.72,352.93,363.41,83874843
2023-09-18,0388.HK,365.21,370.5,360.24,364.34,86578891
2023-09-19,0388.HK,365.94,371.67,365.2,365.3,75916286
2023-09-20,0388.HK,365.18,373.36,358.9,365.6,23658670
2023-09-21,0388.HK,369.4,378.95,367.9,368.68,34848622
2023-09-22,0388.HK,365.75,367.86,365.5,365.54,98130672
2023-09-25,0388.HK,366.86,374.59,362.64,365.76,59722663
2023-09-26,0388.HK,365.68,374.01,365.38,368.97,68075629
2023-09-27,0388.HK,367.64,378.99,359.37,368.58,50535585
2023-09-28,0388.HK,363.16,369.34,357.97,361.78,28253533
2023-09-29,0388.HK,354.18,363.44,352.35,356.63,18756245
2023-10-02,0388.HK,362.63,366.08,357.55,361.15,83899340
2023-10-03,0388.HK,366.33,368.98,366.32,368.76,61360045
2023-10-04,0388.HK,376.84,384.78,373.12,375.34,96131094
2023-10-05,0388.HK,376.99,382.24,369.96,376.72,16215413
2023-10-06,0388.HK,370.54,373.07,369.13,370.0,58735889
2023-10-09,0388.HK,370.72,373.98,359.51,370.04,4142632
2023-10-10,0388.HK,378.2,379.74,374.32,378.78,88216327
2023-10-11,0388.HK,385.3,389.93,373.32,382.37,86436686
2023-10-12,0388.HK,384.2,383.51,378.26,381.26,29365435
2023-10-13,0388.HK,387.26,396.45,373.73,384.93,89839220
2023-10-16,0388.HK,378.6,388.71,371.62,377.68,84891405
2023-10-17,0388.HK,370.54,377.57,363.35,373.81,97558970
2023-10-18,0388.HK,370.14,377.21,367.12,367.81,9425245
2023-10-19,0388.HK,369.62,371.26,361.7,370.47,23707211
2023-10-20,0388.HK,374.28,377.53,364.41,374.51,17581617
2023-10-23,0388.HK,371.09,384.64,371.03,373.73,96808385
2023-10-24,0388.HK,368.46,371.99,366.67,368.91,33299137
2023-10-25,0388.HK,367.39,371.44,359.24,368.87,26389843
2023-10-26,0388.HK,365.19,373.66,355.95,366.25,21840187
2023-10-27,0388.HK,364.19,363.55,354.81,361.95,86601233
2023-10-30,0388.HK,361.35,364.77,358.24,363.86,30939531
2023-10-31,0388.HK,360.26,368.48,350.49,359.8,58489209
2023-11-01,0388.HK,351.46,352.94,347.45,351.42,28090401
2023-11-02,0388.HK,344.32,345.25,338.82,344.4,31339883
2023-11-03,0388.HK,338.36,336.76,330.33,336.19,46384710
2023-11-06,0388.HK,339.02,343.32,334.14,337.51,77927879
2023-11-07,0388.HK,340.79,341.52,333.65,338.33,84170699
2023-11-08,0388.HK,342.23,347.96,332.52,338.91,20321485
2023-11-09,0388.HK,341.9,349.58,336.76,341.97,48834905
2023-11-10,0388.HK,350.51,351.93,346.69,348.15,41273675
2023-11-13,0388.HK,343.94,349.83,342.67,345.13,13474200
2023-11-14,0388.HK,345.19,357.21,338.71,347.3,57205004
2023-11-15,0388.HK,339.68,344.12,335.53,339.14,23752845
2023-11-16,0388.HK,346.59,350.09,342.71,346.22,14981130
2023-11-17,0388.HK,340.31,341.72,332.47,339.83,22652270
2023-11-20,0388.HK,334.14,344.61,329.07,336.28,92785254
2023-11-21,0388.HK,336.46,339.04,324.76,333.33,38080276
2023-11-22,0388.HK,327.7,329.35,316.84,325.76,56121706
2023-11-23,0388.HK,328.24,333.77,317.92,325.99,67603696
2023-11-24,0388.HK,325.27,329.24,325.86,327.1,25717226
2023-11-27,0388.HK,324.69,326.24,324.97,326.23,79466886
2023-11-28,0388.HK,319.57,325.94,310.65,318.76,46374035
2023-11-29,0388.HK,327.33,329.23,323.25,328.31,92153225
2023-11-30,0388.HK,328.03,333.97,323.21,331.08,24576518
2023-12-01,0388.HK,347.04,349.06,338.72,344.23,76296988
2023-12-04,0388.HK,337.79,345.11,334.32,340.14,60094158
2023-12-05,0388.HK,348.54,353.06,338.86,345.1,82927752
2023-12-06,0388.HK,346.9,349.52,340.86,349.2,34700744
2023-12-07,0388.HK,347.82,354.16,346.81,347.75,51475546
2023-12-08,0388.HK,355.18,355.71,344.89,355.18,55564836
2023-12-11,0388.HK,352.65,361.98,344.2,353.09,3472194
2023-12-12,0388.HK,350.89,353.75,341.23,351.25,72735230
2023-12-13,0388.HK,330.44,339.1,325.84,333.03,18176108
2023-12-14,0388.HK,334.33,343.19,329.02,335.14,75326195
2023-12-15,0388.HK,326.08,336.16,321.02,328.54,68061919
2023-12-18,0388.HK,326.32,334.98,319.9,325.89,7550353
2023-12-19,0388.HK,317.85,328.9,316.36,320.94,77749161
2023-12-20,0388.HK,317.55,322.55,309.95,319.24,96187740
2023-12-21,0388.HK,322.51,330.43,314.35,321.43,61534897
2023-12-22,0388.HK,322.7,324.61,320.08,321.55,94768984
2023-12-25,0388.HK,327.54,332.24,317.99,325.04,28879988
2023-12-26,0388.HK,334.34,331.37,328.45,331.27,70918370
2023-12-27,0388.HK,330.31,339.29,322.7,329.51,34657214
2023-12-28,0388.HK,324.45,331.55,319.95,327.21,34995283
2023-12-29,0388.HK,334.19,341.29,323.86,331.97,37878384
2024-01-01,0388.HK,340.09,337.83,328.02,337.2,17116307
2024-01-02,0388.HK,341.67,342.56,340.69,341.02,45224738
2024-01-03,0388.HK,336.22,338.7,330.88,336.21,66529449
2024-01-04,0388.HK,340.11,346.07,334.13,338.41,90531617
2024-01-05,0388.HK,341.19,346.74,329.43,339.04,1680918
2024-01-08,0388.HK,342.47,351.31,338.37,344.46,40838219
2024-01-09,0388.HK,344.19,350.74,340.63,341.56,32073929
2024-01-10,0388.HK,334.37,335.81,325.01,333.09,19278613
2024-01-11,0388.HK,335.55,340.95,334.9,336.61,12869218
2024-01-12,0388.HK,325.28,328.92,316.84,323.76,49789138
2024-01-15,0388.HK,318.99,326.0,314.83,320.27,17276147
2024-01-16,0388.HK,313.0,320.59,314.5,315.42,35051810
2024-01-17,0388.HK,312.06,316.75,309.97,310.61,82277120
2024-01-18,0388.HK,307.59,313.24,306.25,307.18,40552359
2024-01-19,0388.HK,311.77,312.95,311.23,312.85,80297089
2024-01-22,0388.HK,314.26,322.25,311.67,316.77,12752200
2024-01-23,0388.HK,318.67,317.67,306.8,315.63,59889890
2024-01-24,0388.HK,322.6,321.38,317.78,321.06,53696895
2024-01-25,0388.HK,313.51,317.65,311.92,316.01,30339403
2024-01-26,0388.HK,313.12,318.02,310.24,310.4,26707413
2024-01-29,0388.HK,317.43,318.55,308.32,314.48,5984603
2024-01-30,0388.HK,314.44,323.86,312.12,317.28,23425640
2024-01-31,0388.HK,315.87,317.54,311.16,315.15,36561665
2024-02-01,0388.HK,311.85,317.47,304.99,309.84,35731091
2024-02-02,0388.HK,315.82,324.35,310.31,316.69,21696877
2024-02-05,0388.HK,306.02,312.9,303.79,308.58,84249962
2024-02-06,0388.HK,304.17,309.37,304.12,305.87,82538737
2024-02-07,0388.HK,306.28,311.21,300.57,306.98,93322932
2024-02-08,0388.HK,312.94,324.18,312.35,315.34,53625643
2024-02-09,0388.HK,314.25,321.75,311.58,317.22,16960662
2024-02-12,0388.HK,320.57,328.88,315.37,319.57,71760574
2024-02-13,0388.HK,314.17,320.87,308.5,316.9,61666787
2024-02-14,0388.HK,322.47,326.02,310.82,319.67,36111954
2024-02-15,0388.HK,320.56,324.11,318.64,320.24,81652429
2024-02-16,0388.HK,313.37,316.17,305.69,312.67,11481557
2024-02-19,0388.HK,315.53,320.38,313.38,316.45,66157822
2024-02-20,0388.HK,318.36,324.93,313.24,321.12,16524457
2024-02-21,0388.HK,327.18,325.46,319.39,325.06,17652161
2024-02-22,0388.HK,327.75,330.72,317.78,325.28,50740301
2024-02-23,0388.HK,322.17,329.9,313.18,320.68,88731995
2024-02-26,0388.HK,312.33,318.15,306.25,309.64,63352244
2024-02-27,0388.HK,309.83,317.44,306.07,310.43,68066369
2024-02-28,0388.HK,315.08,322.46,313.87,315.53,15497189
2024-02-29,0388.HK,322.44,325.5,318.81,320.31,43698868
2024-03-01,0388.HK,323.51,333.19,317.01,324.29,84577020
2024-03-04,0388.HK,323.89,328.99,317.27,323.99,57731177
2024-03-05,0388.HK,328.19,329.73,322.15,329.34,1631525
2024-03-06,0388.HK,337.17,343.65,327.92,333.98,73108714
2024-03-07,0388.HK,330.9,338.61,329.99,331.93,94728868
2024-03-08,0388.HK,334.69,343.24,327.98,335.36,99042898
2024-03-11,0388.HK,329.58,338.76,329.33,332.73,69116510
2024-03-12,0388.HK,332.95,344.94,327.25,335.49,62652586
2024-03-13,0388.HK,327.2,332.06,324.55,329.02,42302148
2024-03-14,0388.HK,320.86,324.71,317.42,323.06,75971014
2024-03-15,0388.HK,330.86,329.08,322.27,328.25,10924310
2024-03-18,0388.HK,329.71,339.54,328.96,332.93,17138892
2024-03-19,0388.HK,334.37,336.4,334.5,336.16,97494369
2024-03-20,0388.HK,334.22,339.01,335.34,336.67,92719915
2024-03-21,0388.HK,324.14,325.16,315.31,324.66,57821036
2024-03-22,0388.HK,323.67,324.64,320.31,324.36,2118951
2024-03-25,0388.HK,328.52,329.64,317.23,326.64,59246869
2024-03-26,0388.HK,323.42,333.55,319.65,324.08,28248678
2024-03-27,0388.HK,322.03,323.3,319.76,320.69,38097475
2024-03-28,0388.HK,328.02,328.19,322.06,327.7,83403990
2024-03-29,0388.HK,329.47,329.67,319.86,327.47,81913225
2023-04-14,0939.HK,471.9,469.94,461.46,468.82,63379219
2023-04-17,0939.HK,471.21,479.13,457.98,468.13,94147136
2023-04-18,0939.HK,458.46,474.06,461.53,461.93,18538198
2023-04-19,0939.HK,469.93,468.42,459.51,467.86,52112046
2023-04-20,0939.HK,466.11,478.42,460.78,465.36,48646517
2023-04-21,0939.HK,447.92,457.85,432.1,445.16,98269605
2023-04-24,0939.HK,439.08,453.56,433.19,442.75,14085786
2023-04-25,0939.HK,435.41,444.36,427.84,435.94,6401975
2023-04-26,0939.HK,426.2,436.87,417.49,425.36,22416944
2023-04-27,0939.HK,417.07,418.15,415.3,417.55,82807740
2023-04-28,0939.HK,419.05,422.75,415.8,418.32,55914015
2023-05-01,0939.HK,429.52,434.82,423.98,426.74,60257736
2023-05-02,0939.HK,428.09,441.15,422.92,428.83,60903862
2023-05-03,0939.HK,422.63,432.99,419.55,425.01,19299001
2023-05-04,0939.HK,424.23,435.76,424.97,428.0,52816735
2023-05-05,0939.HK,422.82,433.64,413.41,425.14,44741536
2023-05-08,0939.HK,417.96,423.12,410.73,420.8,39283998
2023-05-09,0939.HK,409.88,418.53,407.54,413.59,48846134
2023-05-10,0939.HK,401.86,412.95,392.48,402.81,51063977
2023-05-11,0939.HK,397.02,401.39,395.41,400.53,57035824
2023-05-12,0939.HK,404.6,408.28,401.08,401.56,5820789
2023-05-15,0939.HK,397.84,401.59,391.26,401.06,54585740
2023-05-16,0939.HK,399.8,399.18,397.99,398.64,84374372
2023-05-17,0939.HK,391.46,393.97,383.27,393.06,13567496
2023-05-18,0939.HK,393.74,402.9,387.75,396.73,36455831
2023-05-19,0939.HK,392.78,396.95,388.37,388.97,15113098
2023-05-22,0939.HK,392.65,400.12,382.67,393.57,1414556
2023-05-23,0939.HK,389.06,395.2,380.88,387.74,49474763
2023-05-24,0939.HK,382.79,383.71,375.79,383.44,18531143
2023-05-25,0939.HK,372.07,385.84,370.57,375.08,73136972
2023-05-26,0939.HK,370.96,376.72,363.81,372.33,10599601
2023-05-29,0939.HK,375.43,386.89,374.2,377.85,55145958
2023-05-30,0939.HK,380.66,391.39,370.26,380.85,28779480
2023-05-31,0939.HK,385.36,395.59,386.43,386.52,24826380
2023-06-01,0939.HK,392.54,399.33,380.56,389.62,40533925
2023-06-02,0939.HK,382.56,394.5,373.83,383.25,80116639
2023-06-05,0939.HK,380.16,389.79,374.79,381.43,58257616
2023-06-06,0939.HK,379.55,386.13,375.53,377.04,6902115
2023-06-07,0939.HK,386.12,386.25,377.9,384.64,55310253
2023-06-08,0939.HK,377.08,383.7,377.77,377.81,14386514
2023-06-09,0939.HK,384.29,387.5,372.99,382.95,16714939
2023-06-12,0939.HK,391.64,398.4,387.07,388.16,99161744
2023-06-13,0939.HK,396.56,403.14,394.93,398.89,48896451
2023-06-14,0939.HK,395.87,400.77,391.68,396.52,57983749
2023-06-15,0939.HK,398.12,406.5,395.46,400.83,57458406
2023-06-16,0939.HK,412.23,423.86,402.5,414.63,36128353
2023-06-19,0939.HK,413.17,417.82,401.76,410.87,69800358
2023-06-20,0939.HK,402.03,411.08,398.3,401.49,61400684
2023-06-21,0939.HK,390.16,391.81,381.6,390.25,42490847
2023-06-22,0939.HK,395.28,400.58,386.08,394.5,1639971
2023-06-23,0939.HK,383.41,386.72,380.38,383.44,3370680
2023-06-26,0939.HK,382.02,392.14,371.93,381.37,47693299
2023-06-27,0939.HK,380.81,391.16,378.77,383.95,41329186
2023-06-28,0939.HK,385.26,395.45,375.81,385.09,3233886
2023-06-29,0939.HK,390.43,394.34,386.36,387.63,60097577
2023-06-30,0939.HK,391.41,394.01,386.08,389.0,91391105
2023-07-03,0939.HK,397.11,398.69,387.84,396.54,20665813
2023-07-04,0939.HK,388.97,394.55,385.73,390.95,59211171
2023-07-05,0939.HK,386.49,394.21,376.4,387.06,9691035
2023-07-06,0939.HK,380.14,388.6,373.63,382.65,29045155
2023-07-07,0939.HK,386.72,396.93,376.03,387.49,65288503
2023-07-10,0939.HK,394.13,402.22,392.01,392.8,2993647
2023-07-11,0939.HK,392.8,406.06,389.12,395.54,56894473
2023-07-12,0939.HK,403.96,410.85,401.82,402.64,99697992
2023-07-13,0939.HK,397.35,399.02,394.18,395.61,5872870
2023-07-14,0939.HK,403.4,416.5,396.53,405.58,22844454
2023-07-17,0939.HK,411.93,425.62,408.71,414.93,67814427
2023-07-18,0939.HK,417.4,429.13,416.57,419.59,31947204
2023-07-19,0939.HK,430.12,433.6,430.59,430.89,64914655
2023-07-20,0939.HK,423.92,424.09,417.52,420.27,76820005
2023-07-21,0939.HK,418.64,429.13,409.46,417.05,13941015
2023-07-24,0939.HK,413.95,421.56,407.27,412.53,21474971
2023-07-25,0939.HK,417.11,420.98,409.91,417.08,64876639
2023-07-26,0939.HK,412.6,413.45,403.26,410.59,27646995
2023-07-27,0939.HK,412.83,425.1,414.21,415.34,37652986
2023-07-28,0939.HK,426.09,435.37,422.0,423.96,19098525
2023-07-31,0939.HK,432.37,433.31,419.97,428.46,7180701
2023-08-01,0939.HK,430.25,431.78,420.67,430.37,32377319
2023-08-02,0939.HK,426.7,435.22,415.21,424.08,86011114
2023-08-03,0939.HK,421.77,428.39,408.06,418.78,69341961
2023-08-04,0939.HK,430.51,435.45,418.16,426.71,50557352
2023-08-07,0939.HK,433.05,438.4,420.39,431.79,31894340
2023-08-08,0939.HK,434.23,442.78,420.45,431.62,95286288
2023-08-09,0939.HK,427.53,437.53,425.81,429.0,81382677
2023-08-10,0939.HK,419.76,419.96,414.29,416.05,14037003
2023-08-11,0939.HK,411.13,418.57,405.49,409.45,25979158
2023-08-14,0939.HK,424.42,423.41,409.31,421.27,72029034
2023-08-15,0939.HK,413.06,423.79,405.62,413.27,17659580
2023-08-16,0939.HK,417.31,421.35,404.44,414.52,72318015
2023-08-17,0939.HK,420.96,428.5,414.06,420.87,83042189
2023-08-18,0939.HK,415.75,421.82,401.95,413.03,84046532
2023-08-21,0939.HK,415.68,422.92,406.34,414.26,88048676
2023-08-22,0939.HK,422.06,421.59,412.71,420.17,88751655
2023-08-23,0939.HK,416.53,432.46,416.29,420.33,63506221
2023-08-24,0939.HK,436.49,441.78,437.74,438.5,30528972
2023-08-25,0939.HK,429.97,432.66,416.57,427.61,2060814
2023-08-28,0939.HK,434.88,447.21,426.27,434.49,36362041
2023-08-29,0939.HK,432.1,440.22,426.18,433.45,88111548
2023-08-30,0939.HK,438.61,445.24,427.22,438.56,98291214
2023-08-31,0939.HK,439.34,442.52,437.09,441.55,59941270
2023-09-01,0939.HK,436.04,442.31,433.96,436.78,20375551
2023-09-04,0939.HK,441.18,446.9,430.73,438.37,46344833
2023-09-05,0939.HK,424.16,435.86,420.01,426.24,32764599
2023-09-06,0939.HK,431.01,443.03,422.89,430.18,92148448
2023-09-07,0939.HK,430.85,432.9,421.87,432.19,42450819
2023-09-08,0939.HK,433.97,436.42,435.31,436.42,84544061
2023-09-11,0939.HK,445.58,445.66,431.73,443.43,7692870
2023-09-12,0939.HK,447.96,458.39,438.35,445.97,12794926
2023-09-13,0939.HK,447.16,451.72,438.66,447.05,62511731
2023-09-14,0939.HK,443.16,442.69,428.46,441.23,99438699
2023-09-15,0939.HK,434.27,437.31,425.99,436.6,4856826
2023-09-18,0939.HK,443.5,455.16,435.68,444.46,44974157
2023-09-19,0939.HK,455.72,461.06,452.24,454.13,86737531
2023-09-20,0939.HK,448.16,463.16,445.27,452.59,98895213
2023-09-21,0939.HK,452.85,466.41,449.66,453.0,25611883
2023-09-22,0939.HK,447.28,460.24,445.03,446.94,10639322
2023-09-25,0939.HK,456.77,459.61,441.34,454.89,40944615
2023-09-26,0939.HK,457.09,470.81,450.39,459.52,82924845
2023-09-27,0939.HK,468.27,477.36,462.23,473.0,24123168
2023-09-28,0939.HK,462.83,469.48,460.63,466.86,29844746
2023-09-29,0939.HK,463.54,469.56,462.58,464.31,90624600
2023-10-02,0939.HK,465.95,470.63,453.52,466.01,95386885
2023-10-03,0939.HK,466.48,474.83,460.71,470.62,32719727
2023-10-04,0939.HK,466.04,480.22,456.84,469.19,63855759
2023-10-05,0939.HK,459.66,464.12,461.89,463.14,19822747
2023-10-06,0939.HK,472.38,477.03,456.38,469.36,95589370
2023-10-09,0939.HK,472.13,486.77,462.7,474.53,85540345
2023-10-10,0939.HK,463.55,475.29,464.87,468.1,93544756
2023-10-11,0939.HK,481.63,489.46,476.11,477.72,20722748
2023-10-12,0939.HK,484.1,490.41,477.11,486.2,39938746
2023-10-13,0939.HK,487.71,489.61,482.76,487.27,17589087
2023-10-16,0939.HK,486.1,495.32,484.97,487.95,74207454
2023-10-17,0939.HK,493.54,494.4,485.42,492.11,9657203
2023-10-18,0939.HK,484.65,491.87,471.85,485.84,28124821
2023-10-19,0939.HK,490.59,500.07,476.71,486.16,5266910
2023-10-20,0939.HK,467.54,476.1,469.82,470.56,14978707
2023-10-23,0939.HK,479.35,478.4,476.57,476.84,38780033
2023-10-24,0939.HK,468.33,470.55,460.56,465.77,20009592
2023-10-25,0939.HK,472.99,489.77,475.19,476.36,88859425
2023-10-26,0939.HK,475.29,485.6,460.86,474.1,34144115
2023-10-27,0939.HK,470.93,481.7,463.56,472.69,15702171
2023-10-30,0939.HK,469.24,479.78,459.65,468.33,14094602
2023-10-31,0939.HK,463.57,469.73,456.61,466.4,64636711
2023-11-01,0939.HK,477.38,486.37,467.31,476.42,82575767
2023-11-02,0939.HK,456.02,465.19,456.0,458.74,18835706
2023-11-03,0939.HK,463.97,480.01,458.4,467.62,68703142
2023-11-06,0939.HK,465.62,479.81,460.44,470.08,6518344
2023-11-07,0939.HK,462.68,465.0,453.17,461.66,8977500
2023-11-08,0939.HK,451.1,458.37,441.9,454.31,91171800
2023-11-09,0939.HK,461.22,472.59,453.57,465.82,31460229
2023-11-10,0939.HK,463.23,461.54,458.84,459.31,21373643
2023-11-13,0939.HK,453.64,458.86,449.89,451.46,55845332
2023-11-14,0939.HK,459.57,461.94,447.76,459.25,91732425
2023-11-15,0939.HK,460.08,466.83,458.35,461.67,34543524
2023-11-16,0939.HK,459.39,465.35,449.77,455.27,88208620
2023-11-17,0939.HK,452.73,460.36,449.51,456.84,23470875
2023-11-20,0939.HK,452.1,462.31,442.13,449.9,34871127
2023-11-21,0939.HK,461.64,463.53,450.41,457.42,35813337
2023-11-22,0939.HK,468.6,472.73,461.48,464.8,81368865
2023-11-23,0939.HK,467.12,474.69,466.47,468.6,36962279
2023-11-24,0939.HK,474.0,484.54,465.91,471.23,74421101
2023-11-27,0939.HK,486.73,496.04,475.0,483.78,6075082
2023-11-28,0939.HK,482.92,493.65,475.89,483.87,75147351
2023-11-29,0939.HK,474.03,484.44,463.79,475.39,75187574
2023-11-30,0939.HK,479.13,481.62,468.52,478.69,75112262
2023-12-01,0939.HK,493.59,496.96,493.28,493.76,71797376
2023-12-04,0939.HK,490.79,492.58,478.69,486.35,89897566
2023-12-05,0939.HK,484.05,494.07,472.95,483.81,45225920
2023-12-06,0939.HK,483.26,489.94,472.33,486.93,4887240
2023-12-07,0939.HK,491.28,490.17,481.72,486.63,84070870
2023-12-08,0939.HK,480.04,481.76,475.65,479.56,60424889
2023-12-11,0939.HK,489.98,498.99,487.36,487.72,57782764
2023-12-12,0939.HK,503.2,514.61,490.69,504.79,89842334
2023-12-13,0939.HK,502.53,511.36,503.58,506.38,60133925
2023-12-14,0939.HK,498.55,506.71,497.43,499.61,34660434
2023-12-15,0939.HK,491.71,489.4,484.84,488.11,84907215
2023-12-18,0939.HK,486.97,496.42,477.82,490.09,70953808
2023-12-19,0939.HK,498.66,507.8,486.29,498.31,21962840
2023-12-20,0939.HK,497.35,506.81,495.33,501.96,85935556
2023-12-21,0939.HK,503.71,508.6,501.33,502.04,72205274
2023-12-22,0939.HK,501.98,505.58,486.64,497.7,6229841
2023-12-25,0939.HK,491.86,491.43,479.41,489.65,53714619
2023-12-26,0939.HK,496.52,504.81,483.47,495.88,38594003
2023-12-27,0939.HK,503.95,517.4,498.66,502.77,92337771
2023-12-28,0939.HK,493.79,499.94,479.31,491.22,67001879
2023-12-29,0939.HK,504.27,512.12,495.33,503.03,53337003
2024-01-01,0939.HK,505.78,515.37,495.24,507.46,80712265
2024-01-02,0939.HK,514.96,519.54,509.45,518.22,66172436
2024-01-03,0939.HK,507.25,512.1,501.15,507.89,35353231
2024-01-04,0939.HK,501.89,511.36,490.15,497.58,33460515
2024-01-05,0939.HK,498.93,497.12,488.75,496.57,34296016
2024-01-08,0939.HK,504.62,500.6,493.7,500.42,74325694
2024-01-09,0939.HK,513.84,515.32,513.57,514.0,52283032
2024-01-10,0939.HK,520.73,523.23,511.5,519.55,43485799
2024-01-11,0939.HK,513.36,519.41,515.23,517.76,24742175
2024-01-12,0939.HK,506.78,517.61,506.35,509.89,7132705
2024-01-15,0939.HK,520.2,521.26,504.39,519.4,6221651
2024-01-16,0939.HK,515.41,513.8,497.32,511.99,44352088
2024-01-17,0939.HK,528.21,528.73,515.5,524.6,4952330
2024-01-18,0939.HK,521.93,531.52,515.74,522.46,33910242
2024-01-19,0939.HK,533.06,536.75,524.87,535.03,10849972
2024-01-22,0939.HK,543.47,556.26,540.1,540.59,86642038
2024-01-23,0939.HK,540.67,550.93,528.02,539.59,63446271
2024-01-24,0939.HK,535.02,543.23,531.6,535.49,28909917
2024-01-25,0939.HK,530.92,547.64,517.77,532.86,49077795
2024-01-26,0939.HK,540.82,546.21,529.09,536.39,25724673
2024-01-29,0939.HK,535.43,550.85,530.02,537.12,51959477
2024-01-30,0939.HK,528.18,532.7,531.86,532.44,38321630
2024-01-31,0939.HK,532.32,532.49,526.17,531.22,93324104
2024-02-01,0939.HK,532.76,533.97,525.28,531.96,76868374
2024-02-02,0939.HK,514.11,528.67,509.65,515.08,90025642
2024-02-05,0939.HK,520.0,520.76,507.98,518.72,20977699
2024-02-06,0939.HK,515.38,522.86,506.24,511.2,30795665
2024-02-07,0939.HK,499.28,513.86,494.53,502.46,23353165
2024-02-08,0939.HK,490.99,490.44,479.94,489.84,47387142
2024-02-09,0939.HK,473.4,490.84,465.45,476.76,13904959
2024-02-12,0939.HK,464.39,477.94,459.11,467.16,56976178
2024-02-13,0939.HK,457.86,462.76,454.6,462.29,81848869
2024-02-14,0939.HK,479.59,477.16,469.33,475.92,91409738
2024-02-15,0939.HK,471.21,484.02,459.99,472.26,93604054
2024-02-16,0939.HK,476.0,486.99,469.02,473.62,36976989
2024-02-19,0939.HK,480.73,480.5,467.01,476.56,70380033
2024-02-20,0939.HK,480.12,490.91,466.2,477.59,80001805
2024-02-21,0939.HK,479.41,478.04,468.36,477.13,28993780
2024-02-22,0939.HK,466.84,482.49,463.65,468.67,72049939
2024-02-23,0939.HK,483.53,484.39,476.12,478.97,44018565
2024-02-26,0939.HK,495.68,494.71,491.27,492.05,22658399
2024-02-27,0939.HK,478.06,490.61,471.0,479.72,61212926
2024-02-28,0939.HK,471.93,482.97,461.51,472.45,6787340
2024-02-29,0939.HK,468.68,477.26,458.82,470.56,36124931
2024-03-01,0939.HK,462.92,464.65,458.05,463.85,88549999
2024-03-04,0939.HK,464.21,475.85,462.76,467.46,42514133
2024-03-05,0939.HK,464.31,468.15,455.58,462.45,1727951
2024-03-06,0939.HK,479.39,487.04,463.78,477.56,37456760
2024-03-07,0939.HK,490.84,492.32,478.92,486.18,91083085
2024-03-08,0939.HK,489.95,496.35,484.87,487.83,86572260
2024-03-11,0939.HK,495.02,502.51,486.32,495.44,96703907
2024-03-12,0939.HK,505.75,505.02,501.69,503.76,48575434
2024-03-13,0939.HK,495.29,507.84,490.87,499.6,87897191
2024-03-14,0939.HK,490.66,505.82,487.03,493.58,6406420
2024-03-15,0939.HK,498.93,501.86,483.75,494.26,47471277
2024-03-18,0939.HK,504.33,505.33,488.62,500.75,13778053
2024-03-19,0939.HK,499.86,513.64,493.94,501.89,23520678
2024-03-20,0939.HK,486.85,495.01,489.24,490.12,34959644
2024-03-21,0939.HK,489.05,491.37,472.39,484.32,89222869
2024-03-22,0939.HK,483.49,494.18,483.64,483.88,5967359
2024-03-25,0939.HK,479.52,493.87,473.01,483.42,19245838
2024-03-26,0939.HK,493.24,498.15,494.46,497.82,14308909
2024-03-27,0939.HK,487.26,496.44,479.21,487.57,3683558
2024-03-28,0939.HK,494.16,491.52,487.86,491.37,89437144
2024-03-29,0939.HK,501.77,510.52,494.56,502.44,39531653
2023-04-14,1398.HK,439.57,444.77,429.81,442.32,59192046
2023-04-17,1398.HK,450.33,447.52,434.53,447.29,57704257
2023-04-18,1398.HK,454.81,456.35,443.1,451.92,60038303
2023-04-19,1398.HK,451.2,453.61,449.65,453.25,62939341
2023-04-20,1398.HK,454.14,463.5,448.99,453.41,21382316
2023-04-21,1398.HK,455.97,459.05,445.38,457.32,67943378
2023-04-24,1398.HK,448.66,458.33,440.49,445.46,19226031
2023-04-25,1398.HK,439.58,453.87,437.47,443.07,62210217
2023-04-26,1398.HK,434.65,441.33,430.07,432.21,6565176
2023-04-27,1398.HK,438.38,447.35,426.88,436.22,64404280
2023-04-28,1398.HK,430.28,444.3,419.36,431.88,58399491
2023-05-01,1398.HK,418.98,430.8,411.36,421.79,24302942
2023-05-02,1398.HK,416.81,428.29,406.99,416.85,15279762
2023-05-03,1398.HK,420.03,424.15,416.76,417.87,15514841
2023-05-04,1398.HK,417.88,419.58,406.13,416.67,68659512
2023-05-05,1398.HK,410.18,418.69,400.94,409.42,45349193
2023-05-08,1398.HK,398.28,410.81,390.56,399.03,30186906
2023-05-09,1398.HK,398.39,406.32,390.59,399.55,91613704
2023-05-10,1398.HK,394.29,406.8,385.5,396.15,65999707
2023-05-11,1398.HK,397.91,396.69,394.32,394.7,45835452
2023-05-12,1398.HK,397.34,401.83,385.58,393.83,19641949
2023-05-15,1398.HK,394.89,397.56,386.27,396.45,11361383
2023-05-16,1398.HK,400.95,411.15,391.22,401.57,13901722
2023-05-17,1398.HK,403.68,404.91,391.63,402.53,17518009
2023-05-18,1398.HK,404.07,410.55,392.91,400.67,65926255
2023-05-19,1398.HK,401.2,409.05,397.09,400.9,63244667
2023-05-22,1398.HK,397.08,399.41,392.43,398.94,89206414
2023-05-23,1398.HK,389.73,398.91,389.1,389.19,17198004
2023-05-24,1398.HK,397.16,403.65,395.41,395.65,98574472
2023-05-25,1398.HK,402.58,404.02,398.66,401.09,11595884
2023-05-26,1398.HK,415.45,424.41,405.48,413.13,63432894
2023-05-29,1398.HK,426.75,432.96,418.5,427.34,76450832
2023-05-30,1398.HK,423.55,431.74,409.5,419.89,87599621
2023-05-31,1398.HK,419.85,421.03,406.17,417.86,27531729
2023-06-01,1398.HK,437.26,441.93,430.06,433.69,26458082
2023-06-02,1398.HK,435.41,433.88,425.39,433.51,63048581
2023-06-05,1398.HK,432.11,445.93,425.2,435.19,65575830
2023-06-06,1398.HK,424.54,432.95,413.95,425.34,2674367
2023-06-07,1398.HK,429.88,429.84,424.08,426.39,99935679
2023-06-08,1398.HK,436.3,442.32,434.39,438.83,96579414
2023-06-09,1398.HK,451.11,454.14,444.64,447.39,14438839
2023-06-12,1398.HK,447.62,456.21,432.26,443.38,30642889
2023-06-13,1398.HK,437.31,444.43,438.4,440.83,38453245
2023-06-14,1398.HK,429.88,437.89,433.2,433.44,63338675
2023-06-15,1398.HK,427.28,430.14,427.82,428.0,82264051
2023-06-16,1398.HK,414.0,416.69,404.05,415.82,12917436
2023-06-19,1398.HK,416.04,426.95,409.1,415.37,84451602
2023-06-20,1398.HK,424.41,433.9,421.45,424.87,18222406
2023-06-21,1398.HK,426.03,435.38,415.31,427.22,36792478
2023-06-22,1398.HK,436.36,449.09,429.18,436.06,81789618
2023-06-23,1398.HK,442.56,453.75,437.78,443.16,88772948
2023-06-26,1398.HK,438.83,447.59,434.74,439.62,42320911
2023-06-27,1398.HK,431.6,435.92,421.87,434.7,87479892
2023-06-28,1398.HK,427.81,432.81,426.68,430.08,32681595
2023-06-29,1398.HK,419.14,421.13,418.58,419.09,85306558
2023-06-30,1398.HK,422.43,424.5,416.39,419.38,15243739
2023-07-03,1398.HK,397.25,401.43,396.21,401.19,46084095
2023-07-04,1398.HK,404.98,404.92,397.82,404.83,72088747
2023-07-05,1398.HK,404.88,414.25,396.02,405.35,81501058
2023-07-06,1398.HK,409.02,410.88,398.95,408.29,63175015
2023-07-07,1398.HK,417.59,420.02,405.62,414.85,86834149
2023-07-10,1398.HK,417.58,421.76,409.78,416.17,21221390
2023-07-11,1398.HK,427.52,431.03,426.38,426.44,48538168
2023-07-12,1398.HK,430.38,437.81,429.43,430.5,80280991
2023-07-13,1398.HK,425.28,434.88,420.41,425.7,49744337
2023-07-14,1398.HK,421.66,430.17,414.67,424.27,91569372
2023-07-17,1398.HK,408.61,421.67,404.22,409.96,63522893
2023-07-18,1398.HK,404.84,406.06,396.92,404.49,10815465
2023-07-19,1398.HK,403.25,407.66,399.58,402.26,22826577
2023-07-20,1398.HK,402.92,410.58,404.75,405.64,71331759
2023-07-21,1398.HK,400.51,407.38,390.13,401.16,98473013
2023-07-24,1398.HK,395.05,397.11,388.84,393.74,11838754
2023-07-25,1398.HK,386.23,384.67,378.63,382.67,25299991
2023-07-26,1398.HK,380.97,388.16,375.6,379.32,61835446
2023-07-27,1398.HK,393.56,391.42,382.66,390.5,25580460
2023-07-28,1398.HK,395.99,396.74,389.02,392.16,68787791
2023-07-31,1398.HK,395.48,400.62,389.19,397.77,41701600
2023-08-01,1398.HK,390.39,392.71,391.06,392.48,96595373
2023-08-02,1398.HK,382.08,387.19,371.88,383.29,68344818
2023-08-03,1398.HK,378.8,378.0,366.86,376.35,79218241
2023-08-04,1398.HK,376.75,376.38,371.62,375.88,31582854
2023-08-07,1398.HK,363.75,373.13,362.64,364.71,40635306
2023-08-08,1398.HK,362.49,363.65,356.81,359.27,48903849
2023-08-09,1398.HK,359.02,365.89,346.43,356.19,93712839
2023-08-10,1398.HK,351.47,357.49,340.83,349.2,80706801
2023-08-11,1398.HK,340.51,341.08,337.66,338.15,5936154
2023-08-14,1398.HK,337.3,345.16,335.36,339.68,64869858
2023-08-15,1398.HK,336.7,349.78,330.24,339.98,15163133
2023-08-16,1398.HK,340.68,349.88,343.33,344.03,66928769
2023-08-17,1398.HK,340.55,338.5,333.71,338.36,46496734
2023-08-18,1398.HK,342.28,343.03,339.05,342.29,50818821
2023-08-21,1398.HK,352.07,355.31,341.27,350.21,65177438
2023-08-22,1398.HK,349.35,360.86,347.57,351.66,16563184
2023-08-23,1398.HK,351.73,353.93,338.82,348.51,63056457
2023-08-24,1398.HK,347.61,357.76,347.43,349.34,97915788
2023-08-25,1398.HK,345.97,350.68,343.4,345.96,14114594
2023-08-28,1398.HK,342.07,347.35,332.42,341.75,42380424
2023-08-29,1398.HK,347.76,354.19,335.99,345.32,9981367
2023-08-30,1398.HK,343.04,353.72,335.66,344.67,72279683
2023-08-31,1398.HK,348.17,357.53,344.19,350.97,79102482
2023-09-01,1398.HK,346.85,355.4,340.72,348.71,71652368
2023-09-04,1398.HK,349.59,348.32,345.61,347.0,59763950
2023-09-05,1398.HK,341.55,348.53,335.46,344.12,70334440
2023-09-06,1398.HK,340.16,339.48,333.39,338.4,81647880
2023-09-07,1398.HK,345.6,347.88,342.1,342.61,54033208
2023-09-08,1398.HK,353.16,362.91,348.52,353.91,47718348
2023-09-11,1398.HK,351.88,360.89,350.17,351.95,40948479
2023-09-12,1398.HK,347.27,353.57,343.96,348.43,24595383
2023-09-13,1398.HK,346.63,349.63,337.72,344.6,11575278
2023-09-14,1398.HK,339.37,350.87,334.04,341.16,17717069
2023-09-15,1398.HK,349.39,352.89,339.55,349.67,32991376
2023-09-18,1398.HK,346.27,351.7,339.29,345.97,45282972
2023-09-19,1398.HK,346.19,346.88,335.37,343.0,25103237
2023-09-20,1398.HK,336.4,344.36,328.67,336.69,71220316
2023-09-21,1398.HK,335.0,342.49,335.96,338.24,34534562
2023-09-22,1398.HK,338.4,340.04,335.35,337.96,6175631
2023-09-25,1398.HK,334.61,334.24,331.02,332.27,35900394
2023-09-26,1398.HK,329.34,331.02,326.96,327.88,13537075
2023-09-27,1398.HK,333.33,340.45,326.25,335.49,20402038
2023-09-28,1398.HK,338.7,345.56,329.44,335.72,92405316
2023-09-29,1398.HK,336.6,339.02,333.3,336.3,66231278
2023-10-02,1398.HK,340.2,339.58,333.59,336.9,6150351
2023-10-03,1398.HK,341.36,344.06,344.01,344.02,80425096
2023-10-04,1398.HK,340.63,343.87,331.58,338.69,15975164
2023-10-05,1398.HK,335.29,340.54,334.28,336.74,54426517
2023-10-06,1398.HK,333.12,336.14,326.91,335.96,41639372
2023-10-09,1398.HK,330.19,333.61,325.41,327.35,47171084
2023-10-10,1398.HK,322.03,323.97,321.72,322.92,78532842
2023-10-11,1398.HK,325.88,333.09,323.01,328.05,62884063
2023-10-12,1398.HK,334.82,337.63,327.28,331.86,5981970
2023-10-13,1398.HK,333.65,338.48,326.82,336.59,74591936
2023-10-16,1398.HK,335.17,335.05,332.04,333.68,16323817
2023-10-17,1398.HK,330.1,333.9,325.18,331.42,26211712
2023-10-18,1398.HK,322.53,326.54,322.47,322.6,6536708
2023-10-19,1398.HK,324.83,327.69,323.5,327.17,6396418
2023-10-20,1398.HK,334.86,337.73,327.9,332.62,56597856
2023-10-23,1398.HK,335.87,340.1,331.18,338.09,59756145
2023-10-24,1398.HK,344.29,347.5,345.99,346.3,3176199
2023-10-25,1398.HK,350.67,356.8,341.21,348.56,14427034
2023-10-26,1398.HK,354.24,364.23,352.94,356.77,78491821
2023-10-27,1398.HK,358.88,363.15,346.76,355.77,25100819
2023-10-30,1398.HK,348.78,348.58,336.77,346.41,70624725
2023-10-31,1398.HK,350.26,360.64,347.27,350.95,9951478
2023-11-01,1398.HK,344.58,344.17,334.73,341.52,40823780
2023-11-02,1398.HK,339.39,347.56,333.46,342.46,40696062
2023-11-03,1398.HK,346.4,355.49,345.39,347.44,16187875
2023-11-06,1398.HK,348.27,353.11,340.31,349.2,80046897
2023-11-07,1398.HK,362.7,363.26,354.34,361.2,11474697
2023-11-08,1398.HK,351.52,351.9,350.47,350.62,78287525
2023-11-09,1398.HK,349.49,356.34,349.33,350.26,55855828
2023-11-10,1398.HK,348.14,354.4,348.77,350.42,64777088
2023-11-13,1398.HK,344.46,352.35,342.33,343.42,92059464
2023-11-14,1398.HK,334.81,343.06,334.92,337.55,75935757
2023-11-15,1398.HK,334.05,335.01,331.31,333.34,72291022
2023-11-16,1398.HK,325.19,332.47,319.78,327.91,34410227
2023-11-17,1398.HK,324.28,331.37,323.02,327.44,62338676
2023-11-20,1398.HK,325.61,332.69,316.91,324.54,12927700
2023-11-21,1398.HK,328.45,327.69,325.91,326.16,84411284
2023-11-22,1398.HK,329.41,339.1,320.48,329.4,31003510
2023-11-23,1398.HK,333.26,335.83,331.63,332.34,7496982
2023-11-24,1398.HK,330.69,336.22,326.92,330.36,26310956
2023-11-27,1398.HK,330.94,340.24,323.82,331.84,82859916
2023-11-28,1398.HK,337.48,344.76,334.16,337.06,21543638
2023-11-29,1398.HK,339.84,348.21,333.59,339.38,96692486
2023-11-30,1398.HK,348.57,350.4,342.52,348.91,95218538
2023-12-01,1398.HK,352.84,363.34,352.86,354.12,35668465
2023-12-04,1398.HK,360.29,371.21,355.81,363.32,78509437
2023-12-05,1398.HK,349.41,354.9,347.48,349.81,38853969
2023-12-06,1398.HK,349.99,354.34,343.73,350.38,53068711
2023-12-07,1398.HK,350.91,352.54,343.77,348.75,67402005
2023-12-08,1398.HK,346.56,351.07,347.47,348.17,72629922
2023-12-11,1398.HK,344.56,350.72,334.01,344.03,62192193
2023-12-12,1398.HK,346.21,351.81,339.49,346.15,9065915
2023-12-13,1398.HK,334.76,346.43,330.85,336.83,47201632
2023-12-14,1398.HK,335.9,339.31,336.06,338.93,54271371
2023-12-15,1398.HK,335.13,337.52,332.51,335.08,17655421
2023-12-18,1398.HK,330.57,337.23,325.51,332.63,25498835
2023-12-19,1398.HK,335.86,341.42,333.12,334.88,42353148
2023-12-20,1398.HK,332.48,338.1,335.14,335.35,60029598
2023-12-21,1398.HK,342.14,340.79,335.79,340.71,4715337
2023-12-22,1398.HK,336.29,345.1,335.51,335.83,54514714
2023-12-25,1398.HK,335.21,345.0,332.2,335.49,7425028
2023-12-26,1398.HK,339.79,342.48,334.62,340.03,46091091
2023-12-27,1398.HK,342.5,345.6,333.36,341.94,50868224
2023-12-28,1398.HK,346.46,351.05,337.36,344.19,93616779
2023-12-29,1398.HK,352.86,352.18,339.89,349.98,74389562
2024-01-01,1398.HK,350.2,358.02,346.77,347.92,60452942
2024-01-02,1398.HK,344.97,345.05,336.97,344.77,46501860
2024-01-03,1398.HK,348.71,353.63,345.13,347.81,28696926
2024-01-04,1398.HK,347.55,348.02,341.0,347.1,75265922
2024-01-05,1398.HK,354.38,363.51,345.37,353.02,50320740
2024-01-08,1398.HK,353.83,359.74,353.52,355.04,68736698
2024-01-09,1398.HK,354.49,353.94,350.46,351.8,6916465
2024-01-10,1398.HK,356.4,357.14,346.38,353.65,51696769
2024-01-11,1398.HK,352.01,349.43,342.15,348.93,85800626
2024-01-12,1398.HK,353.22,356.07,347.85,353.96,39169697
2024-01-15,1398.HK,349.49,354.54,341.47,346.61,98848686
2024-01-16,1398.HK,352.79,353.65,345.22,353.04,44170977
2024-01-17,1398.HK,352.37,364.89,352.32,354.81,27560432
2024-01-18,1398.HK,354.64,361.66,353.38,354.0,88281899
2024-01-19,1398.HK,358.23,366.45,353.42,358.12,55717685
2024-01-22,1398.HK,358.16,362.31,355.85,360.94,27617292
2024-01-23,1398.HK,364.69,376.2,357.53,368.22,59932407
2024-01-24,1398.HK,375.88,386.5,369.78,375.59,7296542
2024-01-25,1398.HK,378.04,387.18,377.61,377.65,43603974
2024-01-26,1398.HK,371.45,382.92,363.74,372.79,61927462
2024-01-29,1398.HK,369.13,370.29,362.59,369.83,27257623
2024-01-30,1398.HK,370.88,380.03,361.39,369.51,81335127
2024-01-31,1398.HK,372.24,381.64,365.11,375.58,93469266
2024-02-01,1398.HK,375.07,380.45,371.11,373.08,65104459
2024-02-02,1398.HK,374.55,379.02,370.23,371.07,52196057
2024-02-05,1398.HK,378.51,387.48,371.44,381.43,59656854
2024-02-06,1398.HK,380.78,388.03,369.6,380.91,20289208
2024-02-07,1398.HK,377.3,388.12,370.38,377.36,43012830
2024-02-08,1398.HK,383.47,388.75,373.8,381.83,41670823
2024-02-09,1398.HK,379.43,392.65,371.64,381.59,37811841
2024-02-12,1398.HK,370.17,376.2,371.25,373.71,20916347
2024-02-13,1398.HK,376.43,385.02,368.34,379.62,9391849
2024-02-14,1398.HK,377.75,384.13,374.49,375.44,85597028
2024-02-15,1398.HK,377.14,376.35,373.31,375.76,84705570
2024-02-16,1398.HK,377.7,381.18,366.81,375.45,84687667
2024-02-19,1398.HK,378.54,387.91,367.28,376.82,23340793
2024-02-20,1398.HK,362.41,373.18,355.62,364.51,7599323
2024-02-21,1398.HK,366.37,363.03,360.96,362.76,37171317
2024-02-22,1398.HK,371.47,375.09,367.86,368.95,92693105
2024-02-23,1398.HK,372.33,376.88,367.57,376.03,67262226
2024-02-26,1398.HK,373.39,375.62,366.14,370.51,19661485
2024-02-27,1398.HK,377.99,386.6,367.46,375.7,49987769
2024-02-28,1398.HK,368.41,377.72,365.94,371.48,15299211
2024-02-29,1398.HK,369.04,373.17,364.17,369.47,58979779
2024-03-01,1398.HK,364.15,376.16,364.59,367.76,37262352
2024-03-04,1398.HK,365.14,376.78,367.94,368.43,24775008
2024-03-05,1398.HK,372.72,376.11,369.3,374.04,16329298
2024-03-06,1398.HK,374.52,383.46,370.65,375.6,39259793
2024-03-07,1398.HK,374.37,381.29,363.78,374.97,8772476
2024-03-08,1398.HK,383.38,381.37,377.14,380.48,92083778
2024-03-11,1398.HK,374.25,380.16,371.11,375.98,88289187
2024-03-12,1398.HK,378.94,383.95,365.32,375.62,67246261
2024-03-13,1398.HK,380.62,386.69,370.43,381.3,19915151
2024-03-14,1398.HK,386.64,389.64,376.35,384.41,39017888
2024-03-15,1398.HK,384.5,390.37,373.46,381.79,12632682
2024-03-18,1398.HK,371.35,383.51,368.52,373.21,53814540
2024-03-19,1398.HK,375.74,379.14,372.85,375.02,52805338
2024-03-20,1398.HK,363.41,367.63,361.13,366.22,93720451
2024-03-21,1398.HK,363.72,374.65,362.54,365.12,25533431
2024-03-22,1398.HK,368.2,372.79,368.62,371.65,20767304
2024-03-25,1398.HK,374.09,380.7,371.96,375.05,12209891
2024-03-26,1398.HK,363.06,369.04,358.73,363.74,82017703
2024-03-27,1398.HK,362.51,373.75,361.55,364.91,56031210
2024-03-28,1398.HK,364.68,367.72,353.85,363.23,66910758
2024-03-29,1398.HK,356.54,363.2,349.29,356.37,90779791
2023-04-14,3988.HK,299.33,300.52,294.27,297.29,47610825
2023-04-17,3988.HK,295.11,302.26,288.53,296.9,41920903
2023-04-18,3988.HK,293.48,297.04,290.99,293.21,82964570
2023-04-19,3988.HK,298.18,296.91,289.4,296.57,54124143
2023-04-20,3988.HK,302.14,307.04,298.12,299.54,31017611
2023-04-21,3988.HK,303.54,308.26,296.28,303.96,4075744
2023-04-24,3988.HK,306.68,306.16,297.03,303.96,9254526
2023-04-25,3988.HK,303.87,306.53,298.28,301.29,91246111
2023-04-26,3988.HK,293.4,299.79,285.82,294.31,19490480
2023-04-27,3988.HK,299.96,304.84,292.18,297.98,38304252
2023-04-28,3988.HK,300.14,299.94,293.11,299.94,21614949
2023-05-01,3988.HK,294.18,302.8,289.26,295.65,19960610
2023-05-02,3988.HK,293.35,300.94,286.65,293.32,8775088
2023-05-03,3988.HK,290.49,297.86,287.4,291.33,81862543
2023-05-04,3988.HK,287.52,291.68,281.52,284.9,49840817
2023-05-05,3988.HK,278.88,289.78,276.26,281.47,16070593
2023-05-08,3988.HK,277.66,279.1,273.3,276.74,59090022
2023-05-09,3988.HK,274.78,281.98,269.01,275.08,45414626
2023-05-10,3988.HK,272.29,277.5,270.32,272.09,40085921
2023-05-11,3988.HK,266.28,266.7,264.96,265.5,38922821
2023-05-12,3988.HK,274.87,273.78,267.09,273.61,49221171
2023-05-15,3988.HK,280.91,283.21,278.22,278.8,48895892
2023-05-16,3988.HK,275.55,276.59,273.97,275.6,25449575
2023-05-17,3988.HK,279.0,284.35,276.31,276.78,52502818
2023-05-18,3988.HK,279.56,285.08,271.31,278.57,60494762
2023-05-19,3988.HK,280.96,287.84,276.41,283.6,19109369
2023-05-22,3988.HK,279.42,283.81,277.01,280.18,8368413
2023-05-23,3988.HK,284.85,286.39,281.18,284.83,64103056
2023-05-24,3988.HK,282.86,288.8,276.91,282.54,76745552
2023-05-25,3988.HK,276.56,280.96,274.01,276.94,2817480
2023-05-26,3988.HK,280.86,285.2,274.2,280.0,9493634
2023-05-29,3988.HK,283.14,293.38,282.82,285.48,13583158
2023-05-30,3988.HK,295.77,301.89,295.15,296.62,5322431
2023-05-31,3988.HK,289.8,299.11,282.68,291.34,20938511
2023-06-01,3988.HK,297.15,299.87,287.93,294.45,7632118
2023-06-02,3988.HK,289.94,294.85,291.66,292.7,42175451
2023-06-05,3988.HK,297.5,304.36,290.94,296.2,19936459
2023-06-06,3988.HK,289.82,297.62,288.02,289.72,7517154
2023-06-07,3988.HK,285.39,289.17,283.5,284.29,13125660
2023-06-08,3988.HK,281.23,288.46,276.07,281.04,48717496
2023-06-09,3988.HK,279.01,283.78,275.73,281.43,94567122
2023-06-12,3988.HK,277.57,282.63,276.03,278.78,17056153
2023-06-13,3988.HK,281.52,287.83,280.47,281.59,62999668
2023-06-14,3988.HK,286.95,287.07,285.52,285.99,14124833
2023-06-15,3988.HK,290.2,290.91,288.04,288.61,72275994
2023-06-16,3988.HK,297.18,297.62,290.74,295.68,62163506
2023-06-19,3988.HK,299.19,298.51,297.25,297.58,89131846
2023-06-20,3988.HK,290.87,299.42,287.99,292.21,46718841
2023-06-21,3988.HK,297.14,303.44,295.83,298.25,41682357
2023-06-22,3988.HK,296.36,301.8,293.04,295.6,6144643
2023-06-23,3988.HK,301.85,303.81,293.06,299.69,24934686
2023-06-26,3988.HK,306.72,314.99,301.11,306.83,75222848
2023-06-27,3988.HK,306.5,313.4,308.91,308.99,77273342
2023-06-28,3988.HK,300.37,306.66,295.17,302.12,41546531
2023-06-29,3988.HK,299.69,304.91,291.12,298.02,92300108
2023-06-30,3988.HK,304.55,307.46,299.45,303.99,60902054
2023-07-03,3988.HK,303.64,307.71,298.78,303.28,18464779
2023-07-04,3988.HK,305.6,308.64,295.79,303.7,76849553
2023-07-05,3988.HK,309.88,315.95,301.41,307.22,14416170
2023-07-06,3988.HK,310.61,311.54,309.88,310.49,19174383
2023-07-07,3988.HK,310.31,315.66,306.08,311.85,79671626
2023-07-10,3988.HK,310.67,312.53,304.1,310.94,51402225
2023-07-11,3988.HK,307.36,315.22,305.51,309.54,71755529
2023-07-12,3988.HK,316.33,322.17,313.08,313.59,25226844
2023-07-13,3988.HK,313.92,319.12,315.26,316.25,97233293
2023-07-14,3988.HK,317.36,316.14,314.6,315.1,42912444
2023-07-17,3988.HK,317.13,324.52,311.11,320.27,54843914
2023-07-18,3988.HK,318.69,324.26,316.01,319.72,87011308
2023-07-19,3988.HK,316.72,319.81,313.99,315.7,90652631
2023-07-20,3988.HK,309.79,317.15,305.47,312.17,5659058
2023-07-21,3988.HK,308.68,315.61,299.92,307.65,81428952
2023-07-24,3988.HK,308.62,314.86,299.7,306.45,90491353
2023-07-25,3988.HK,311.06,317.36,303.29,312.18,5344227
2023-07-26,3988.HK,309.84,312.59,301.59,308.48,19850936
2023-07-27,3988.HK,310.46,309.41,307.61,309.41,8845711
2023-07-28,3988.HK,304.53,309.97,301.69,306.42,36144516
2023-07-31,3988.HK,304.19,314.12,302.01,305.29,3319862
2023-08-01,3988.HK,298.02,306.27,292.18,298.43,10361078
2023-08-02,3988.HK,299.04,302.92,293.67,297.51,6304079
2023-08-03,3988.HK,294.57,302.24,289.65,296.7,50902937
2023-08-04,3988.HK,299.43,301.71,298.7,299.17,84403946
2023-08-07,3988.HK,301.56,300.93,292.18,300.23,49785353
2023-08-08,3988.HK,292.89,303.55,287.45,294.89,49259315
2023-08-09,3988.HK,298.93,305.5,291.91,299.75,43601326
2023-08-10,3988.HK,299.4,308.76,292.09,300.75,91459021
2023-08-11,3988.HK,303.72,304.4,299.8,301.71,4090142
2023-08-14,3988.HK,304.54,306.49,295.42,301.73,36895738
2023-08-15,3988.HK,296.85,308.33,290.81,299.44,65835805
2023-08-16,3988.HK,300.14,309.03,293.68,300.48,53676595
2023-08-17,3988.HK,302.58,309.07,294.22,302.68,20185123
2023-08-18,3988.HK,293.13,301.34,287.64,294.81,57775684
2023-08-21,3988.HK,290.82,300.05,291.98,292.49,52330804
2023-08-22,3988.HK,290.57,293.48,283.12,291.43,27581507
2023-08-23,3988.HK,293.51,297.29,292.12,292.61,40231448
2023-08-24,3988.HK,299.06,302.28,293.55,297.9,27509657
2023-08-25,3988.HK,294.25,298.67,291.92,294.51,94123359
2023-08-28,3988.HK,291.38,292.74,287.96,292.37,54901671
2023-08-29,3988.HK,288.26,296.8,290.05,290.18,94631696
2023-08-30,3988.HK,285.02,294.28,284.21,286.75,45930809
2023-08-31,3988.HK,285.55,292.59,280.87,285.32,37947529
2023-09-01,3988.HK,288.63,293.69,281.65,288.67,90189865
2023-09-04,3988.HK,285.16,289.57,276.49,284.17,60813219
2023-09-05,3988.HK,283.88,286.72,281.99,286.05,40875767
2023-09-06,3988.HK,279.3,279.55,274.04,278.8,18303884
2023-09-07,3988.HK,279.21,281.17,273.92,276.51,33216409
2023-09-08,3988.HK,272.97,283.26,269.31,275.2,42957010
2023-09-11,3988.HK,283.01,282.38,280.56,282.17,54121240
2023-09-12,3988.HK,279.82,281.58,274.0,281.06,89608352
2023-09-13,3988.HK,272.85,273.88,264.22,271.84,69370915
2023-09-14,3988.HK,264.12,266.94,258.71,263.74,22464613
2023-09-15,3988.HK,264.82,271.62,257.4,263.93,60114545
2023-09-18,3988.HK,266.01,269.98,260.45,266.41,82688352
2023-09-19,3988.HK,267.89,272.33,262.38,267.97,18999038
2023-09-20,3988.HK,266.47,274.45,262.21,268.69,69317460
2023-09-21,3988.HK,272.83,276.84,269.08,273.43,37403142
2023-09-22,3988.HK,269.11,273.79,268.54,271.27,66912655
2023-09-25,3988.HK,273.79,278.76,268.32,274.97,21826836
2023-09-26,3988.HK,265.73,275.51,261.94,268.29,23525853
2023-09-27,3988.HK,263.54,265.72,261.84,264.7,8439152
2023-09-28,3988.HK,255.7,262.56,252.48,257.58,71086834
2023-09-29,3988.HK,256.87,258.54,253.88,256.57,12511094
2023-10-02,3988.HK,256.63,259.81,250.81,256.44,60796494
2023-10-03,3988.HK,258.84,264.63,253.91,256.93,41065881
2023-10-04,3988.HK,255.81,259.21,253.21,257.22,37360492
2023-10-05,3988.HK,255.8,256.5,248.93,253.7,38969916
2023-10-06,3988.HK,254.73,257.96,250.1,253.02,34080159
2023-10-09,3988.HK,248.96,247.68,246.43,247.39,51762240
2023-10-10,3988.HK,251.99,256.27,249.98,252.5,2263777
2023-10-11,3988.HK,253.27,254.77,246.44,251.4,14686310
2023-10-12,3988.HK,249.3,253.32,245.14,249.61,68187349
2023-10-13,3988.HK,255.2,262.98,252.53,255.61,80940315
2023-10-16,3988.HK,248.93,253.88,245.9,250.89,57378756
2023-10-17,3988.HK,248.49,247.29,239.84,246.71,85181453
2023-10-18,3988.HK,241.31,247.57,239.37,242.7,83456465
2023-10-19,3988.HK,240.68,243.45,239.28,242.5,94691486
2023-10-20,3988.HK,243.71,246.52,241.24,244.12,93114411
2023-10-23,3988.HK,248.54,254.25,239.64,246.88,12172956
2023-10-24,3988.HK,257.01,262.77,250.95,256.45,24681897
2023-10-25,3988.HK,249.27,248.27,243.16,247.85,51075113
2023-10-26,3988.HK,250.47,255.63,245.32,250.16,61655750
2023-10-27,3988.HK,248.55,252.2,245.45,248.12,26685467
2023-10-30,3988.HK,243.95,246.87,240.27,245.99,50519595
2023-10-31,3988.HK,245.41,248.88,242.21,243.75,35746586
2023-11-01,3988.HK,240.02,243.32,234.65,240.48,7060449
2023-11-02,3988.HK,247.05,253.92,240.44,246.6,5621797
2023-11-03,3988.HK,251.16,251.66,248.49,249.77,70689730
2023-11-06,3988.HK,252.13,252.97,247.37,249.9,47020623
2023-11-07,3988.HK,255.68,258.46,248.81,255.02,51281844
2023-11-08,3988.HK,249.43,255.35,247.31,249.28,66715370
2023-11-09,3988.HK,242.47,249.64,240.69,244.36,89515854
2023-11-10,3988.HK,238.41,236.81,235.15,236.42,4732041
2023-11-13,3988.HK,233.37,237.8,228.01,233.99,74885067
2023-11-14,3988.HK,232.3,235.79,231.65,234.6,71724368
2023-11-15,3988.HK,236.97,239.99,232.7,235.01,40039773
2023-11-16,3988.HK,233.24,236.44,232.3,235.59,67837858
2023-11-17,3988.HK,230.27,235.7,227.34,230.65,8343443
2023-11-20,3988.HK,232.03,239.36,231.55,233.47,89581436
2023-11-21,3988.HK,232.57,241.32,228.8,234.36,2166207
2023-11-22,3988.HK,239.34,238.98,234.62,236.98,18491549
2023-11-23,3988.HK,230.67,236.55,225.6,230.3,67355143
2023-11-24,3988.HK,229.98,235.76,226.82,231.42,21909617
2023-11-27,3988.HK,226.5,228.57,226.68,227.35,40321501
2023-11-28,3988.HK,224.89,229.08,221.43,226.04,74697506
2023-11-29,3988.HK,230.04,230.89,226.94,227.89,57020444
2023-11-30,3988.HK,226.69,232.98,224.92,228.25,65410045
2023-12-01,3988.HK,227.14,228.36,224.71,225.38,75316232
2023-12-04,3988.HK,225.4,229.53,220.89,225.45,98376132
2023-12-05,3988.HK,221.05,220.6,215.86,220.31,62708128
2023-12-06,3988.HK,222.17,224.32,220.46,224.16,33936327
2023-12-07,3988.HK,223.24,225.28,217.91,223.51,69225192
2023-12-08,3988.HK,227.37,228.67,222.67,227.31,59588982
2023-12-11,3988.HK,223.63,226.56,219.29,225.56,81419415
2023-12-12,3988.HK,224.96,228.89,221.93,223.83,67269156
2023-12-13,3988.HK,221.21,225.58,214.93,221.31,62524977
2023-12-14,3988.HK,225.51,227.63,219.94,224.26,28465246
2023-12-15,3988.HK,222.56,226.54,221.06,221.92,34891074
2023-12-18,3988.HK,225.32,227.89,223.33,224.11,53253398
2023-12-19,3988.HK,222.95,226.74,221.2,222.87,96504357
2023-12-20,3988.HK,214.47,216.66,215.91,216.31,53457686
2023-12-21,3988.HK,215.0,217.61,208.67,214.5,77040848
2023-12-22,3988.HK,211.79,212.72,206.37,210.75,83946296
2023-12-25,3988.HK,209.1,216.48,206.2,210.9,59705490
2023-12-26,3988.HK,208.98,211.39,203.54,207.18,69263886
2023-12-27,3988.HK,209.44,211.84,210.08,210.1,75328232
2023-12-28,3988.HK,210.46,212.09,203.87,209.85,4074630
2023-12-29,3988.HK,209.56,214.12,206.43,209.34,84237722
2024-01-01,3988.HK,209.46,213.76,206.6,211.44,45280023
2024-01-02,3988.HK,212.7,220.68,209.54,214.54,92308469
2024-01-03,3988.HK,214.2,220.86,211.64,214.51,93152453
2024-01-04,3988.HK,209.98,216.84,211.46,212.08,14832336
2024-01-05,3988.HK,204.81,209.1,206.06,206.47,54696269
2024-01-08,3988.HK,204.5,205.26,198.26,204.39,81203868
2024-01-09,3988.HK,200.87,206.39,202.02,202.54,21656539
2024-01-10,3988.HK,203.58,203.38,200.49,202.91,17229240
2024-01-11,3988.HK,202.85,203.72,198.65,201.9,60343623
2024-01-12,3988.HK,202.68,208.56,199.75,204.02,66574814
2024-01-15,3988.HK,200.8,206.36,196.9,202.18,43110293
2024-01-16,3988.HK,201.03,206.59,197.58,202.05,88290013
2024-01-17,3988.HK,207.29,206.89,203.3,205.68,9684046
2024-01-18,3988.HK,206.33,211.2,204.66,206.78,62845366
2024-01-19,3988.HK,205.73,208.97,201.07,206.63,72183259
2024-01-22,3988.HK,204.82,209.16,200.19,204.81,33119384
2024-01-23,3988.HK,202.23,203.06,198.89,202.9,80527152
2024-01-24,3988.HK,201.95,203.47,197.08,200.35,4051637
2024-01-25,3988.HK,200.28,198.85,198.44,198.77,49432408
2024-01-26,3988.HK,200.43,206.64,195.18,201.06,58561064
2024-01-29,3988.HK,200.63,201.75,197.0,200.43,65574136
2024-01-30,3988.HK,197.31,196.42,196.04,196.41,17288011
2024-01-31,3988.HK,200.59,203.26,195.84,201.66,13182160
2024-02-01,3988.HK,204.64,204.59,197.29,202.67,11592134
2024-02-02,3988.HK,199.31,203.52,194.01,198.43,3070041
2024-02-05,3988.HK,196.07,197.49,191.86,197.16,43719303
2024-02-06,3988.HK,196.46,200.58,193.1,197.53,94113192
2024-02-07,3988.HK,204.26,206.06,198.69,202.62,38733541
2024-02-08,3988.HK,198.94,203.64,196.01,199.29,85816264
2024-02-09,3988.HK,204.04,204.29,199.58,202.25,10410597
2024-02-12,3988.HK,205.3,209.09,201.61,206.53,87779488
2024-02-13,3988.HK,203.23,207.42,202.21,204.63,69494526
2024-02-14,3988.HK,203.34,209.13,201.18,203.82,44511270
2024-02-15,3988.HK,198.95,203.49,199.61,200.69,61839560
2024-02-16,3988.HK,201.45,203.08,194.82,200.12,2350344
2024-02-19,3988.HK,199.26,204.24,198.79,200.05,30279530
2024-02-20,3988.HK,202.05,204.62,198.49,202.07,23903522
2024-02-21,3988.HK,203.92,206.62,199.59,205.41,20614943
2024-02-22,3988.HK,201.15,206.97,198.98,203.15,97341326
2024-02-23,3988.HK,195.98,199.24,193.39,197.19,1836698
2024-02-26,3988.HK,198.51,197.36,196.81,197.17,89315360
2024-02-27,3988.HK,198.22,201.31,196.02,198.08,39317951
2024-02-28,3988.HK,199.44,199.12,193.21,198.86,46265811
2024-02-29,3988.HK,198.12,203.19,192.61,197.92,82442144
2024-03-01,3988.HK,197.18,200.68,194.27,198.33,40615372
2024-03-04,3988.HK,201.46,205.95,201.67,202.88,44711867
2024-03-05,3988.HK,204.04,209.28,202.28,204.08,49554986
2024-03-06,3988.HK,202.0,208.37,200.4,202.98,22893613
2024-03-07,3988.HK,200.57,206.35,195.72,201.5,99217126
2024-03-08,3988.HK,199.54,205.83,197.38,201.03,49729402
2024-03-11,3988.HK,207.57,208.55,203.14,206.0,5880666
2024-03-12,3988.HK,203.43,206.98,203.51,205.48,13005224
2024-03-13,3988.HK,203.87,207.99,203.28,205.46,71495127
2024-03-14,3988.HK,202.7,204.5,203.65,204.01,26805971
2024-03-15,3988.HK,208.88,212.79,206.0,207.41,17714527
2024-03-18,3988.HK,214.93,218.48,210.97,213.55,34383001
2024-03-19,3988.HK,214.02,215.83,211.88,215.04,58940826
2024-03-20,3988.HK,214.74,218.42,211.24,215.35,64459599
2024-03-21,3988.HK,217.24,216.57,211.51,215.51,14945991
2024-03-22,3988.HK,208.37,212.39,207.42,207.85,28608320
2024-03-25,3988.HK,212.1,210.61,207.71,210.21,6656139
2024-03-26,3988.HK,212.34,214.02,208.59,210.68,83325818
2024-03-27,3988.HK,210.59,212.32,211.3,212.07,32178389
2024-03-28,3988.HK,208.29,212.8,207.32,209.85,4066089
2024-03-29,3988.HK,207.74,208.89,205.05,208.68,89614902
2023-04-14,0700.HK,487.03,495.29,473.09,483.85,71158995
2023-04-17,0700.HK,484.22,487.59,475.33,487.0,18684258
2023-04-18,0700.HK,485.78,493.48,480.18,487.36,48198633
2023-04-19,0700.HK,491.86,494.55,488.27,494.12,40178738
2023-04-20,0700.HK,498.21,513.24,496.43,500.23,85918789
2023-04-21,0700.HK,507.04,509.08,502.47,507.09,21401304
2023-04-24,0700.HK,499.62,501.18,497.58,500.2,13468123
2023-04-25,0700.HK,509.19,518.21,497.0,505.11,74692452
2023-04-26,0700.HK,511.47,522.55,501.56,510.26,78795039
2023-04-27,0700.HK,502.16,516.73,494.8,502.54,46799307
2023-04-28,0700.HK,503.09,512.57,493.56,500.24,18799983
2023-05-01,0700.HK,489.1,503.63,485.79,489.42,81305097
2023-05-02,0700.HK,489.81,501.37,489.19,494.43,83173235
2023-05-03,0700.HK,494.96,512.23,492.69,499.46,20534083
2023-05-04,0700.HK,508.41,514.59,503.09,510.28,6116882
2023-05-05,0700.HK,505.15,521.03,495.39,508.63,24106230
2023-05-08,0700.HK,511.7,520.12,508.54,512.17,45285910
2023-05-09,0700.HK,522.88,529.51,506.03,519.86,16476812
2023-05-10,0700.HK,513.44,520.21,510.13,514.09,58492976
2023-05-11,0700.HK,506.07,509.8,495.44,507.21,57974600
2023-05-12,0700.HK,501.04,509.56,489.32,501.81,66627718
2023-05-15,0700.HK,502.8,503.14,491.66,499.28,97577205
2023-05-16,0700.HK,491.21,501.66,479.41,492.86,60995485
2023-05-17,0700.HK,483.93,501.97,483.77,487.93,79027819
2023-05-18,0700.HK,496.49,503.22,486.32,494.48,85978964
2023-05-19,0700.HK,498.37,501.25,492.85,493.86,58749958
2023-05-22,0700.HK,496.61,503.0,484.46,496.23,1368246
2023-05-23,0700.HK,489.69,499.76,483.07,492.23,45400037
2023-05-24,0700.HK,492.47,492.9,479.76,487.78,14218039
2023-05-25,0700.HK,485.54,501.36,483.65,489.97,76309775
2023-05-26,0700.HK,487.55,499.41,480.0,490.99,23578119
2023-05-29,0700.HK,491.96,498.76,486.52,496.82,12570997
2023-05-30,0700.HK,511.54,511.31,493.4,506.62,20709148
2023-05-31,0700.HK,502.34,502.43,499.39,501.46,96188468
2023-06-01,0700.HK,505.47,514.9,493.14,508.04,64430312
2023-06-02,0700.HK,499.05,503.97,488.02,499.92,65748284
2023-06-05,0700.HK,514.7,518.34,510.76,515.57,56942156
2023-06-06,0700.HK,513.24,511.38,506.31,509.59,67678161
2023-06-07,0700.HK,511.0,525.7,506.34,514.97,94553493
2023-06-08,0700.HK,503.04,516.44,497.28,506.67,95724652
2023-06-09,0700.HK,503.9,520.21,504.12,505.62,27767940
2023-06-12,0700.HK,520.58,532.9,505.84,517.44,44240939
2023-06-13,0700.HK,511.41,515.72,496.1,511.2,22792795
2023-06-14,0700.HK,525.9,535.23,515.07,528.2,87452181
2023-06-15,0700.HK,530.43,529.62,522.72,528.27,65711991
2023-06-16,0700.HK,541.0,536.15,524.01,536.11,92851356
2023-06-19,0700.HK,544.11,551.11,535.66,539.45,10056812
2023-06-20,0700.HK,543.41,547.03,529.91,543.26,81220026
2023-06-21,0700.HK,527.86,539.22,530.77,531.75,19397373
2023-06-22,0700.HK,533.13,543.83,521.04,528.08,17844131
2023-06-23,0700.HK,535.68,544.51,526.52,537.66,28782922
2023-06-26,0700.HK,540.04,537.45,530.71,534.99,1040618
2023-06-27,0700.HK,537.24,550.95,524.76,536.21,19367071
2023-06-28,0700.HK,525.46,535.07,518.97,523.87,32612371
2023-06-29,0700.HK,517.18,534.66,518.56,519.75,46274344
2023-06-30,0700.HK,532.27,535.79,519.48,528.61,16519531
2023-07-03,0700.HK,517.79,526.91,503.34,518.55,44967187
2023-07-04,0700.HK,527.18,534.92,518.49,524.23,91045987
2023-07-05,0700.HK,520.66,534.52,522.38,525.73,54592202
2023-07-06,0700.HK,522.13,526.12,522.21,523.98,47605476
2023-07-07,0700.HK,525.83,531.05,516.78,521.88,80621854
2023-07-10,0700.HK,519.79,524.33,510.58,518.14,80501506
2023-07-11,0700.HK,513.82,521.12,501.15,515.12,91543859
2023-07-12,0700.HK,518.14,532.57,513.21,522.41,41156319
2023-07-13,0700.HK,520.99,520.17,512.8,519.13,77431146
2023-07-14,0700.HK,536.81,536.04,531.67,533.31,65958463
2023-07-17,0700.HK,539.9,543.61,528.45,535.81,91984789
2023-07-18,0700.HK,535.53,538.43,519.72,531.29,39923873
2023-07-19,0700.HK,537.94,543.79,527.32,539.15,86245230
2023-07-20,0700.HK,539.62,555.37,530.79,544.3,35106083
2023-07-21,0700.HK,526.25,535.21,527.22,530.91,88616517
2023-07-24,0700.HK,519.86,530.04,514.47,522.77,87483955
2023-07-25,0700.HK,524.72,530.01,516.82,521.97,84888150
2023-07-26,0700.HK,504.68,515.84,508.26,509.68,74290990
2023-07-27,0700.HK,526.21,534.12,515.48,525.76,52531532
2023-07-28,0700.HK,534.01,539.03,527.79,532.35,86261990
2023-07-31,0700.HK,528.68,539.56,522.9,532.35,69059015
2023-08-01,0700.HK,527.07,539.9,527.78,529.72,42395028
2023-08-02,0700.HK,529.38,540.71,510.98,525.06,24072265
2023-08-03,0700.HK,514.29,524.35,495.9,509.7,2484851
2023-08-04,0700.HK,493.19,511.39,484.34,496.55,50752213
2023-08-07,0700.HK,514.37,511.12,504.75,510.81,28425519
2023-08-08,0700.HK,526.76,527.42,518.06,522.97,67747743
2023-08-09,0700.HK,515.67,519.1,509.37,518.56,29630122
2023-08-10,0700.HK,528.97,538.35,517.16,525.73,61044710
2023-08-11,0700.HK,530.93,542.97,520.69,529.82,28269221
2023-08-14,0700.HK,532.38,543.5,526.05,534.89,44571956
2023-08-15,0700.HK,519.28,534.85,511.21,523.56,20498409
2023-08-16,0700.HK,508.58,512.95,503.11,509.47,37774870
2023-08-17,0700.HK,518.08,526.97,506.22,518.61,16419410
2023-08-18,0700.HK,507.14,509.86,494.44,503.31,4525602
2023-08-21,0700.HK,502.28,510.65,495.65,502.3,70996085
2023-08-22,0700.HK,496.4,503.41,496.79,499.63,94769891
2023-08-23,0700.HK,492.66,503.69,484.58,496.28,6947243
2023-08-24,0700.HK,496.98,500.87,494.38,498.72,53838815
2023-08-25,0700.HK,490.23,493.89,490.91,493.75,18443246
2023-08-28,0700.HK,497.83,501.8,490.6,496.78,32249709
2023-08-29,0700.HK,493.82,501.26,485.8,497.93,43373915
2023-08-30,0700.HK,515.33,517.77,498.48,513.7,52374799
2023-08-31,0700.HK,504.2,517.67,496.94,503.13,47646083
2023-09-01,0700.HK,504.19,517.47,500.86,503.45,32974894
2023-09-04,0700.HK,504.15,510.8,499.28,506.81,74660895
2023-09-05,0700.HK,505.0,505.99,500.78,504.96,80791042
2023-09-06,0700.HK,492.85,504.8,486.42,494.94,89022816
2023-09-07,0700.HK,507.85,512.32,499.7,504.37,88451620
2023-09-08,0700.HK,506.98,511.78,503.27,507.02,22786559
2023-09-11,0700.HK,496.38,510.41,493.37,497.48,40977289
2023-09-12,0700.HK,498.0,506.21,490.1,500.86,18432839
2023-09-13,0700.HK,516.24,517.63,505.33,513.74,39200085
2023-09-14,0700.HK,518.52,519.59,499.39,513.56,9892749
2023-09-15,0700.HK,514.58,522.89,504.69,513.65,43752525
2023-09-18,0700.HK,521.14,533.98,518.02,525.83,15805382
2023-09-19,0700.HK,514.18,520.21,504.31,518.29,61361111
2023-09-20,0700.HK,528.59,535.83,518.63,531.82,95825695
2023-09-21,0700.HK,543.51,543.42,528.8,539.69,21779391
2023-09-22,0700.HK,532.23,532.63,527.07,532.31,52792656
2023-09-25,0700.HK,531.29,529.68,523.99,527.08,79404140
2023-09-26,0700.HK,519.14,529.29,510.02,523.04,26217329
2023-09-27,0700.HK,506.35,517.25,499.78,508.76,94825547
2023-09-28,0700.HK,507.03,525.77,499.06,510.85,77514519
2023-09-29,0700.HK,502.59,506.38,502.07,504.22,31577229
2023-10-02,0700.HK,508.17,515.17,498.53,506.56,50086127
2023-10-03,0700.HK,499.16,498.16,491.91,496.85,89685398
2023-10-04,0700.HK,499.37,505.96,499.55,503.83,44290883
2023-10-05,0700.HK,508.52,511.6,501.97,509.51,13527985
2023-10-06,0700.HK,503.98,515.76,492.99,504.21,48597830
2023-10-09,0700.HK,512.02,517.48,504.62,507.03,42069913
2023-10-10,0700.HK,510.49,508.38,494.4,507.77,21103988
2023-10-11,0700.HK,518.14,532.33,508.98,519.16,65807498
2023-10-12,0700.HK,513.36,520.21,501.36,511.22,58128280
2023-10-13,0700.HK,508.55,511.44,510.04,510.15,13591062
2023-10-16,0700.HK,501.03,518.67,494.77,505.35,65379400
2023-10-17,0700.HK,504.07,511.73,494.6,505.79,34961356
2023-10-18,0700.HK,509.03,520.96,502.47,509.94,94412956
2023-10-19,0700.HK,500.43,512.68,498.76,505.06,92099501
2023-10-20,0700.HK,497.87,511.04,500.19,502.4,24950845
2023-10-23,0700.HK,513.62,510.07,505.69,509.78,93378208
2023-10-24,0700.HK,521.9,527.11,505.36,520.26,92091267
2023-10-25,0700.HK,523.91,524.67,519.34,524.22,48701888
2023-10-26,0700.HK,519.31,526.6,508.55,523.24,57855060
2023-10-27,0700.HK,522.79,529.43,518.65,521.51,86239873
2023-10-30,0700.HK,527.12,526.11,521.1,525.91,42381922
2023-10-31,0700.HK,528.5,538.08,517.52,527.81,91792752
2023-11-01,0700.HK,511.09,525.23,499.48,514.86,92540459
2023-11-02,0700.HK,515.36,520.86,508.99,519.38,37983062
2023-11-03,0700.HK,509.85,521.78,504.21,512.78,4383383
2023-11-06,0700.HK,500.17,514.19,497.31,501.98,72762214
2023-11-07,0700.HK,491.46,494.09,476.3,489.52,27974251
2023-11-08,0700.HK,491.27,502.39,480.62,488.03,1960335
2023-11-09,0700.HK,477.23,485.33,474.61,480.69,8434270
2023-11-10,0700.HK,468.13,469.09,462.8,464.01,78271658
2023-11-13,0700.HK,463.97,470.01,456.44,461.61,64162320
2023-11-14,0700.HK,459.49,465.92,458.12,458.31,73496766
2023-11-15,0700.HK,459.9,469.34,446.6,457.37,9296611
2023-11-16,0700.HK,452.99,460.13,450.82,453.14,44934574
2023-11-17,0700.HK,466.33,473.03,452.23,465.67,61906274
2023-11-20,0700.HK,472.45,471.59,463.66,469.38,59767443
2023-11-21,0700.HK,462.82,467.68,465.67,465.95,39978197
2023-11-22,0700.HK,463.06,467.99,460.96,465.6,61335084
2023-11-23,0700.HK,476.94,476.83,474.05,475.57,39537373
2023-11-24,0700.HK,480.69,489.18,473.66,482.49,86494123
2023-11-27,0700.HK,476.54,476.78,470.55,472.48,78370789
2023-11-28,0700.HK,469.69,469.11,459.76,465.67,28179913
2023-11-29,0700.HK,463.29,460.38,454.3,460.3,34581139
2023-11-30,0700.HK,455.74,466.21,455.32,457.36,61310343
2023-12-01,0700.HK,456.57,456.97,446.83,453.37,45603117
2023-12-04,0700.HK,449.26,461.27,449.08,453.69,59599526
2023-12-05,0700.HK,460.96,466.65,445.94,458.79,12528106
2023-12-06,0700.HK,465.99,468.93,452.25,465.09,43530671
2023-12-07,0700.HK,463.41,467.47,459.02,462.9,64733290
2023-12-08,0700.HK,450.14,461.87,446.89,451.65,64107092
2023-12-11,0700.HK,445.16,444.84,440.64,444.69,38228137
2023-12-12,0700.HK,445.22,452.14,435.85,441.31,25966016
2023-12-13,0700.HK,430.59,437.58,426.35,433.16,30310485
2023-12-14,0700.HK,440.79,442.84,440.36,440.66,11684530
2023-12-15,0700.HK,436.69,444.81,426.78,432.95,72766116
2023-12-18,0700.HK,436.48,445.3,428.4,437.04,30814742
2023-12-19,0700.HK,426.77,432.47,420.73,426.1,29379397
2023-12-20,0700.HK,429.24,431.47,418.15,430.39,26092255
2023-12-21,0700.HK,425.92,430.91,427.16,429.58,4848496
2023-12-22,0700.HK,440.8,443.0,437.71,439.41,49014236
2023-12-25,0700.HK,430.36,438.75,424.03,432.04,56865805
2023-12-26,0700.HK,425.16,441.28,421.08,428.47,35474833
2023-12-27,0700.HK,427.96,430.83,424.04,426.17,45972801
2023-12-28,0700.HK,427.15,426.65,423.32,425.28,73836080
2023-12-29,0700.HK,420.72,425.01,414.48,423.16,97630988
2024-01-01,0700.HK,419.12,426.94,408.92,421.17,40325525
2024-01-02,0700.HK,419.69,431.07,413.01,419.09,82091625
2024-01-03,0700.HK,406.54,406.65,397.81,406.15,57979401
2024-01-04,0700.HK,416.0,422.91,402.74,412.29,22790873
2024-01-05,0700.HK,427.49,441.96,428.16,430.06,77713459
2024-01-08,0700.HK,431.15,438.61,425.13,432.07,26086412
2024-01-09,0700.HK,424.84,425.19,413.73,424.8,88772370
2024-01-10,0700.HK,420.4,423.6,412.23,418.29,37629889
2024-01-11,0700.HK,424.25,432.15,419.22,422.22,72538560
2024-01-12,0700.HK,422.24,429.05,417.99,424.75,33748506
2024-01-15,0700.HK,425.18,427.2,412.08,423.02,40505004
2024-01-16,0700.HK,431.99,430.79,422.91,427.89,43864331
2024-01-17,0700.HK,411.17,420.8,411.02,414.73,51808777
2024-01-18,0700.HK,422.62,423.14,408.0,419.5,93719995
2024-01-19,0700.HK,420.05,428.36,418.45,421.08,33107052
2024-01-22,0700.HK,416.67,416.56,406.05,414.87,15326352
2024-01-23,0700.HK,408.56,408.75,402.59,406.04,94386541
2024-01-24,0700.HK,407.08,413.45,400.28,406.86,33263124
2024-01-25,0700.HK,415.32,423.04,415.35,415.53,93838691
2024-01-26,0700.HK,417.19,425.24,407.57,414.19,66086988
2024-01-29,0700.HK,412.2,413.79,408.5,408.97,42162820
2024-01-30,0700.HK,411.06,418.96,409.62,410.23,25217011
2024-01-31,0700.HK,423.59,428.1,412.26,421.51,77884077
2024-02-01,0700.HK,424.77,432.74,415.71,424.33,48646121
2024-02-02,0700.HK,428.85,433.04,417.55,427.84,96202408
2024-02-05,0700.HK,435.88,445.37,428.08,435.78,36158044
2024-02-06,0700.HK,438.14,444.34,432.95,438.95,54803517
2024-02-07,0700.HK,433.87,435.65,427.34,433.9,17741286
2024-02-08,0700.HK,419.47,434.46,417.62,422.63,66289515
2024-02-09,0700.HK,416.05,428.24,412.34,416.87,77147817
2024-02-12,0700.HK,408.97,421.86,407.84,410.05,85540897
2024-02-13,0700.HK,411.47,417.55,405.31,414.19,27820013
2024-02-14,0700.HK,422.21,419.63,407.61,419.23,28117572
2024-02-15,0700.HK,417.89,423.34,417.87,420.42,56749532
2024-02-16,0700.HK,408.42,417.81,405.17,412.5,12280581
2024-02-19,0700.HK,425.13,432.56,420.09,423.64,73118623
2024-02-20,0700.HK,416.87,433.13,418.73,421.08,90494187
2024-02-21,0700.HK,420.86,436.88,422.55,424.97,83884695
2024-02-22,0700.HK,421.91,434.8,424.86,425.37,68176186
2024-02-23,0700.HK,427.39,438.9,419.66,426.79,60330063
2024-02-26,0700.HK,430.31,442.56,418.58,430.51,50610850
2024-02-27,0700.HK,427.7,436.23,420.77,426.1,90982856
2024-02-28,0700.HK,438.37,435.37,426.74,434.53,3322443
2024-02-29,0700.HK,422.88,431.16,423.19,424.32,84808877
2024-03-01,0700.HK,414.68,418.96,412.65,417.8,53679679
2024-03-04,0700.HK,423.99,437.47,425.05,425.98,40858532
2024-03-05,0700.HK,433.19,434.79,426.44,429.84,48118279
2024-03-06,0700.HK,442.93,458.73,438.99,446.3,73714216
2024-03-07,0700.HK,445.66,447.1,434.79,446.85,50125728
2024-03-08,0700.HK,460.08,462.94,454.15,458.33,70164923
2024-03-11,0700.HK,447.47,452.24,444.52,445.66,49430455
2024-03-12,0700.HK,435.86,438.91,427.23,436.3,5191114
2024-03-13,0700.HK,443.43,445.54,433.01,442.24,77310637
2024-03-14,0700.HK,429.3,433.92,420.05,430.79,77710981
2024-03-15,0700.HK,426.42,435.45,423.24,429.6,69051601
2024-03-18,0700.HK,438.37,447.84,424.68,437.21,30347631
2024-03-19,0700.HK,438.64,442.51,431.18,440.58,31666766
2024-03-20,0700.HK,440.93,449.52,432.56,440.74,72227552
2024-03-21,0700.HK,436.43,441.67,431.83,437.86,3347919
2024-03-22,0700.HK,435.58,444.78,438.52,439.28,72429666
2024-03-25,0700.HK,439.52,454.42,439.61,443.17,61483706
2024-03-26,0700.HK,441.67,444.18,428.61,438.86,51690315
2024-03-27,0700.HK,441.83,448.53,435.64,441.4,94921786
2024-03-28,0700.HK,452.24,460.41,445.95,448.63,94399382
2024-03-29,0700.HK,443.63,450.78,440.44,447.22,84806914
2023-04-14,9988.HK,256.5,256.83,251.09,255.37,8078799
2023-04-17,9988.HK,252.56,258.75,248.46,253.12,33699123
2023-04-18,9988.HK,255.22,261.4,247.46,254.74,39161573
2023-04-19,9988.HK,256.28,263.43,251.12,258.04,66815968
2023-04-20,9988.HK,253.48,256.09,254.09,254.57,2833933
2023-04-21,9988.HK,252.59,253.06,248.98,252.9,50603690
2023-04-24,9988.HK,248.2,250.08,244.43,249.09,67554031
2023-04-25,9988.HK,247.46,249.99,243.04,246.07,20861020
2023-04-26,9988.HK,240.34,242.54,235.93,241.36,23263791
2023-04-27,9988.HK,238.25,242.17,237.76,238.15,20361494
2023-04-28,9988.HK,243.96,249.24,240.06,243.27,26245361
2023-05-01,9988.HK,238.84,240.26,234.98,239.98,74715764
2023-05-02,9988.HK,238.31,242.06,238.36,240.48,78482504
2023-05-03,9988.HK,238.5,243.72,234.33,238.72,16831411
2023-05-04,9988.HK,242.49,247.21,242.61,242.99,7806344
2023-05-05,9988.HK,247.85,250.26,244.16,247.81,3373569
2023-05-08,9988.HK,250.14,257.25,247.71,251.07,45607666
2023-05-09,9988.HK,251.2,254.53,247.61,252.28,83721500
2023-05-10,9988.HK,253.8,254.76,246.88,251.45,84808526
2023-05-11,9988.HK,246.65,251.1,241.31,247.01,74606751
2023-05-12,9988.HK,254.42,260.43,252.59,254.26,22285472
2023-05-15,9988.HK,252.5,257.45,246.48,251.41,18088302
2023-05-16,9988.HK,251.44,257.4,249.03,253.97,55936073
2023-05-17,9988.HK,256.44,264.71,252.31,258.05,23416530
2023-05-18,9988.HK,255.86,259.79,249.93,255.95,27914211
2023-05-19,9988.HK,258.27,265.59,258.2,259.99,46770521
2023-05-22,9988.HK,264.15,268.83,256.22,263.02,96651624
2023-05-23,9988.HK,271.63,271.55,263.3,269.89,13440453
2023-05-24,9988.HK,266.11,274.06,263.78,268.05,78510483
2023-05-25,9988.HK,264.23,267.7,260.46,262.93,2817216
2023-05-26,9988.HK,260.01,265.98,253.23,260.99,4264717
2023-05-29,9988.HK,263.7,267.23,256.09,261.86,69108321
2023-05-30,9988.HK,263.67,264.55,254.56,262.14,93345133
2023-05-31,9988.HK,259.84,261.48,256.67,260.65,77078311
2023-06-01,9988.HK,251.82,255.28,247.48,253.23,99175632
2023-06-02,9988.HK,253.53,259.48,254.5,255.07,15542760
2023-06-05,9988.HK,265.14,270.14,261.76,262.67,22241095
2023-06-06,9988.HK,265.26,270.59,264.44,264.55,18861958
2023-06-07,9988.HK,268.44,269.73,260.42,267.02,42716317
2023-06-08,9988.HK,270.95,273.12,265.63,269.37,99520781
2023-06-09,9988.HK,270.48,276.03,265.86,271.03,39885778
2023-06-12,9988.HK,275.94,282.6,271.09,274.87,77071592
2023-06-13,9988.HK,274.28,278.3,272.42,276.55,2981160
2023-06-14,9988.HK,273.95,279.58,267.17,275.31,27190082
2023-06-15,9988.HK,272.15,276.76,271.47,272.08,64889216
2023-06-16,9988.HK,270.65,278.68,269.37,271.12,20800883
2023-06-19,9988.HK,270.44,277.97,268.85,272.45,79177687
2023-06-20,9988.HK,272.51,276.3,271.1,271.21,53825383
2023-06-21,9988.HK,270.43,279.32,266.43,272.54,77952912
2023-06-22,9988.HK,276.9,280.13,271.07,274.39,46578231
2023-06-23,9988.HK,277.12,280.82,274.85,277.88,75376038
2023-06-26,9988.HK,284.29,284.97,278.98,283.28,79372367
2023-06-27,9988.HK,283.53,288.24,281.72,283.67,66465265
2023-06-28,9988.HK,277.66,285.63,271.17,278.16,99556128
2023-06-29,9988.HK,274.67,276.9,275.86,276.78,25250397
2023-06-30,9988.HK,278.29,283.75,275.84,277.01,99167829
2023-07-03,9988.HK,268.33,275.18,262.29,269.44,41274119
2023-07-04,9988.HK,277.02,278.14,271.73,275.11,50873570
2023-07-05,9988.HK,276.56,283.8,267.94,275.75,57822190
2023-07-06,9988.HK,279.4,281.39,269.72,277.38,56493395
2023-07-07,9988.HK,282.17,284.44,281.84,283.12,52638351
2023-07-10,9988.HK,282.93,287.28,277.92,280.5,1497524
2023-07-11,9988.HK,282.56,284.65,282.22,282.97,18283814
2023-07-12,9988.HK,281.35,286.94,276.32,282.56,21776603
2023-07-13,9988.HK,282.4,282.59,273.88,281.84,37852284
2023-07-14,9988.HK,279.86,283.27,273.81,278.63,57009404
2023-07-17,9988.HK,284.88,293.67,277.55,285.65,67665756
2023-07-18,9988.HK,286.32,290.95,277.14,284.1,30296708
2023-07-19,9988.HK,288.38,287.86,285.51,287.13,72171787
2023-07-20,9988.HK,280.4,279.95,276.75,279.12,68301994
2023-07-21,9988.HK,285.99,284.47,275.79,284.11,37927702
2023-07-24,9988.HK,286.62,293.49,287.94,288.65,39756493
2023-07-25,9988.HK,291.13,289.13,281.92,289.13,4011930
2023-07-26,9988.HK,287.22,296.06,280.4,288.21,61034567
2023-07-27,9988.HK,289.71,298.16,282.36,289.99,21990757
2023-07-28,9988.HK,297.18,303.91,293.51,300.01,87120687
2023-07-31,9988.HK,292.74,297.51,288.03,292.13,10093183
2023-08-01,9988.HK,295.29,304.48,294.16,295.62,89452446
2023-08-02,9988.HK,293.52,292.54,284.87,291.63,1309043
2023-08-03,9988.HK,290.46,292.56,286.99,291.61,68035621
2023-08-04,9988.HK,292.76,297.11,290.04,290.58,6335930
2023-08-07,9988.HK,285.95,294.5,282.61,288.77,26096600
2023-08-08,9988.HK,287.81,291.12,284.55,288.78,44574696
2023-08-09,9988.HK,284.0,289.66,278.71,283.93,25879461
2023-08-10,9988.HK,286.44,291.39,286.13,288.37,75913786
2023-08-11,9988.HK,281.6,282.64,277.2,280.66,57498276
2023-08-14,9988.HK,282.9,287.66,278.68,282.99,56980180
2023-08-15,9988.HK,282.88,282.59,279.55,281.66,14452728
2023-08-16,9988.HK,274.37,284.88,276.42,276.77,6983217
2023-08-17,9988.HK,277.35,279.22,273.38,277.67,83187547
2023-08-18,9988.HK,273.68,276.4,265.98,271.24,60729230
2023-08-21,9988.HK,270.43,278.86,270.4,271.46,56264943
2023-08-22,9988.HK,264.78,268.05,258.01,265.72,81766264
2023-08-23,9988.HK,267.34,270.22,263.36,267.61,82055061
2023-08-24,9988.HK,261.97,270.74,263.14,263.95,94724083
2023-08-25,9988.HK,261.68,263.93,257.29,262.22,33958297
2023-08-28,9988.HK,261.72,268.23,259.29,263.43,86704398
2023-08-29,9988.HK,257.99,265.46,258.57,260.43,76189170
2023-08-30,9988.HK,262.26,265.94,259.69,260.25,33933003
2023-08-31,9988.HK,254.41,254.5,246.82,254.39,24772535
2023-09-01,9988.HK,254.8,258.86,250.51,256.85,3823482
2023-09-04,9988.HK,265.86,263.77,261.62,263.7,16062640
2023-09-05,9988.HK,277.07,282.16,271.95,274.8,67551180
2023-09-06,9988.HK,272.51,283.36,274.22,275.23,89615516
2023-09-07,9988.HK,279.43,281.42,277.65,278.54,29860175
2023-09-08,9988.HK,271.5,271.97,270.52,271.16,14936275
2023-09-11,9988.HK,275.8,281.97,275.36,277.32,62315779
2023-09-12,9988.HK,279.1,280.62,278.56,280.61,98535525
2023-09-13,9988.HK,280.35,282.47,277.82,278.63,41574919
2023-09-14,9988.HK,284.0,287.92,279.15,283.85,77743886
2023-09-15,9988.HK,282.98,285.51,276.53,282.83,4736984
2023-09-18,9988.HK,281.41,282.88,273.76,280.94,65729166
2023-09-19,9988.HK,284.03,289.39,278.78,283.0,89511405
2023-09-20,9988.HK,280.97,285.29,275.5,278.54,31068374
2023-09-21,9988.HK,285.6,285.19,276.1,282.87,44773257
2023-09-22,9988.HK,275.97,286.62,275.0,278.44,56138257
2023-09-25,9988.HK,274.97,278.2,266.15,274.11,61618817
2023-09-26,9988.HK,271.6,273.81,268.46,270.43,23473128
2023-09-27,9988.HK,272.04,274.89,268.41,273.56,84854191
2023-09-28,9988.HK,272.86,274.2,267.74,271.09,72360815
2023-09-29,9988.HK,264.28,267.0,265.44,265.66,62138174
2023-10-02,9988.HK,265.83,265.97,260.95,263.3,23037760
2023-10-03,9988.HK,261.97,267.27,257.85,263.22,17594534
2023-10-04,9988.HK,257.39,258.89,256.32,258.61,49719549
2023-10-05,9988.HK,252.14,255.51,247.35,254.2,61646688
2023-10-06,9988.HK,260.17,268.23,254.59,262.3,25688203
2023-10-09,9988.HK,260.99,264.55,251.76,258.97,82291484
2023-10-10,9988.HK,257.73,264.31,254.68,257.76,68501470
2023-10-11,9988.HK,258.92,258.18,253.5,256.39,46571817
2023-10-12,9988.HK,252.48,254.94,248.09,254.83,65260082
2023-10-13,9988.HK,257.6,261.52,249.78,257.25,47460996
2023-10-16,9988.HK,263.18,264.07,258.02,260.96,78202048
2023-10-17,9988.HK,261.29,263.86,258.71,259.82,39746431
2023-10-18,9988.HK,257.03,256.89,249.54,255.05,6258941
2023-10-19,9988.HK,261.51,263.23,253.96,259.98,23947237
2023-10-20,9988.HK,261.74,266.15,256.18,259.66,61994969
2023-10-23,9988.HK,266.31,269.58,265.77,266.45,13435657
2023-10-24,9988.HK,257.11,260.19,253.65,257.53,46305555
2023-10-25,9988.HK,258.43,259.42,254.56,258.33,24999462
2023-10-26,9988.HK,264.14,266.33,263.93,265.82,43316750
2023-10-27,9988.HK,265.13,270.24,261.92,264.46,47579571
2023-10-30,9988.HK,263.03,266.59,260.77,263.62,49984641
2023-10-31,9988.HK,266.69,271.79,258.25,264.84,14487131
2023-11-01,9988.HK,263.36,265.05,254.94,262.68,88975624
2023-11-02,9988.HK,260.07,268.79,259.28,261.5,76502695
2023-11-03,9988.HK,258.67,262.05,256.49,260.23,18037885
2023-11-06,9988.HK,256.83,260.31,251.33,257.83,21313100
2023-11-07,9988.HK,264.15,263.95,254.98,262.63,63306139
2023-11-08,9988.HK,267.02,267.13,257.51,264.5,57468345
2023-11-09,9988.HK,267.71,271.79,262.54,265.55,32190593
2023-11-10,9988.HK,269.05,269.56,266.23,268.82,72784505
2023-11-13,9988.HK,270.3,269.9,259.92,267.81,55015237
2023-11-14,9988.HK,265.85,271.03,258.35,264.75,26913534
2023-11-15,9988.HK,262.48,265.02,261.32,262.41,47902255
2023-11-16,9988.HK,264.05,267.04,260.69,262.47,33934625
2023-11-17,9988.HK,260.07,260.48,254.84,258.36,22186704
2023-11-20,9988.HK,256.34,258.92,250.83,256.47,96731516
2023-11-21,9988.HK,252.8,260.55,254.41,254.53,2970246
2023-11-22,9988.HK,263.74,264.69,255.13,262.7,40886068
2023-11-23,9988.HK,254.01,251.91,248.71,251.82,50638251
2023-11-24,9988.HK,253.07,251.82,248.79,251.19,68330860
2023-11-27,9988.HK,258.61,265.03,256.38,257.74,5155299
2023-11-28,9988.HK,258.12,261.35,252.92,258.27,45682335
2023-11-29,9988.HK,260.63,264.62,261.07,261.24,9774664
2023-11-30,9988.HK,263.89,265.45,258.73,261.68,83188113
2023-12-01,9988.HK,258.39,262.46,254.52,259.11,38098371
2023-12-04,9988.HK,252.58,256.68,243.76,250.45,11704211
2023-12-05,9988.HK,250.91,252.02,248.4,251.27,15225469
2023-12-06,9988.HK,248.51,248.45,243.31,248.4,68041881
2023-12-07,9988.HK,245.39,252.67,244.54,245.47,36548007
2023-12-08,9988.HK,241.46,249.86,243.03,243.68,82242111
2023-12-11,9988.HK,248.24,257.59,244.54,250.11,72696286
2023-12-12,9988.HK,261.29,261.01,258.46,259.18,31638676
2023-12-13,9988.HK,262.55,262.27,259.71,260.07,6300920
2023-12-14,9988.HK,259.39,262.44,254.27,258.31,23125937
2023-12-15,9988.HK,254.85,255.26,250.4,253.8,26071290
2023-12-18,9988.HK,257.97,255.86,249.5,255.64,24988750
2023-12-19,9988.HK,262.07,264.36,258.52,262.53,87374086
2023-12-20,9988.HK,262.71,266.16,254.45,261.6,69705218
2023-12-21,9988.HK,250.64,258.27,246.64,252.32,42287824
2023-12-22,9988.HK,254.15,261.47,248.23,254.91,56998843
2023-12-25,9988.HK,256.87,264.2,257.99,258.73,44026157
2023-12-26,9988.HK,252.56,259.65,248.99,252.62,49272245
2023-12-27,9988.HK,253.74,258.58,246.55,253.34,82289942
2023-12-28,9988.HK,254.78,255.66,253.47,255.11,38318047
2023-12-29,9988.HK,252.84,259.73,253.96,254.88,88887597
2024-01-01,9988.HK,254.21,258.46,244.37,251.91,38643875
2024-01-02,9988.HK,257.43,258.61,252.74,255.8,61025377
2024-01-03,9988.HK,253.61,261.2,250.51,254.3,47013636
2024-01-04,9988.HK,251.16,252.37,242.56,248.69,51793872
2024-01-05,9988.HK,242.6,246.71,239.56,241.09,71094354
2024-01-08,9988.HK,244.49,252.05,244.91,245.7,20221116
2024-01-09,9988.HK,246.19,255.28,247.04,248.02,89430378
2024-01-10,9988.HK,250.32,252.43,245.76,248.4,54990922
2024-01-11,9988.HK,244.59,252.33,243.14,246.81,65123198
2024-01-12,9988.HK,244.91,248.51,238.81,244.9,28592657
2024-01-15,9988.HK,239.35,242.41,240.8,240.99,16158231
2024-01-16,9988.HK,238.38,243.73,236.68,239.48,16243438
2024-01-17,9988.HK,233.28,237.38,226.61,231.91,29577963
2024-01-18,9988.HK,231.41,235.08,227.32,229.4,9141088
2024-01-19,9988.HK,228.0,232.21,222.81,228.38,45374431
2024-01-22,9988.HK,230.98,232.78,229.0,230.51,84204508
2024-01-23,9988.HK,229.61,236.22,224.22,230.42,83935180
2024-01-24,9988.HK,231.59,233.79,230.71,233.21,47721799
2024-01-25,9988.HK,239.92,240.57,232.89,237.98,50572755
2024-01-26,9988.HK,241.59,244.3,239.58,241.8,76196621
2024-01-29,9988.HK,245.28,250.67,238.2,243.56,71893254
2024-01-30,9988.HK,243.14,248.6,239.82,243.65,99383537
2024-01-31,9988.HK,241.21,246.98,238.93,240.12,90387200
2024-02-01,9988.HK,244.36,246.17,237.38,242.83,37661697
2024-02-02,9988.HK,246.61,252.91,245.3,249.0,52999796
2024-02-05,9988.HK,252.7,257.17,244.03,250.32,37519369
2024-02-06,9988.HK,257.18,260.36,256.01,257.57,52879729
2024-02-07,9988.HK,252.09,258.17,250.26,251.73,14088940
2024-02-08,9988.HK,248.48,250.65,242.19,247.42,5951863
2024-02-09,9988.HK,250.58,253.32,245.02,250.64,69772501
2024-02-12,9988.HK,253.05,253.54,244.51,251.69,85026517
2024-02-13,9988.HK,254.18,263.92,253.83,256.7,32862816
2024-02-14,9988.HK,255.39,256.76,250.8,256.69,14635101
2024-02-15,9988.HK,253.97,254.67,249.82,253.4,59421525
2024-02-16,9988.HK,251.62,252.9,245.34,252.64,3608385
2024-02-19,9988.HK,248.06,249.24,245.37,246.88,43741549
2024-02-20,9988.HK,242.52,246.49,240.66,242.75,28076783
2024-02-21,9988.HK,244.48,250.45,241.37,246.34,44806640
2024-02-22,9988.HK,250.35,253.32,246.77,249.61,54875800
2024-02-23,9988.HK,252.23,256.34,247.52,251.02,68211399
2024-02-26,9988.HK,246.42,247.77,240.28,244.59,76660316
2024-02-27,9988.HK,243.73,243.85,242.54,243.33,4047527
2024-02-28,9988.HK,240.09,244.34,238.57,238.91,6359306
2024-02-29,9988.HK,243.64,246.29,238.29,243.17,9941537
2024-03-01,9988.HK,241.39,244.55,234.61,241.09,61636461
2024-03-04,9988.HK,238.34,242.67,236.54,237.21,41537603
2024-03-05,9988.HK,239.51,243.53,232.35,237.36,16769020
2024-03-06,9988.HK,234.83,237.97,232.14,235.13,58755237
2024-03-07,9988.HK,241.61,244.09,233.96,240.41,85970842
2024-03-08,9988.HK,236.91,244.74,231.52,237.81,95866866
2024-03-11,9988.HK,230.96,234.48,226.21,232.87,70806201
2024-03-12,9988.HK,226.97,228.33,224.91,225.39,59439608
2024-03-13,9988.HK,225.92,231.05,220.58,225.33,36072306
2024-03-14,9988.HK,225.29,229.52,223.32,223.48,90281993
2024-03-15,9988.HK,217.1,224.14,214.86,218.73,99089334
2024-03-18,9988.HK,222.56,226.38,219.54,222.68,32851965
2024-03-19,9988.HK,223.04,231.0,223.62,224.95,14813151
2024-03-20,9988.HK,226.15,229.13,220.92,224.9,26148093
2024-03-21,9988.HK,231.2,234.37,226.44,229.55,61347284
2024-03-22,9988.HK,229.98,235.17,226.27,231.88,21629984
2024-03-25,9988.HK,229.8,235.32,224.97,229.06,21567178
2024-03-26,9988.HK,226.21,231.43,223.83,225.54,87006965
2024-03-27,9988.HK,228.52,233.5,222.46,228.35,35479186
2024-03-28,9988.HK,229.25,233.28,229.26,229.75,87555359
2024-03-29,9988.HK,228.7,231.58,225.94,230.38,29783642
2023-04-14,0941.HK,316.67,316.08,313.98,313.98,17980746
2023-04-17,0941.HK,317.88,318.29,307.45,316.17,87618399
2023-04-18,0941.HK,311.54,313.06,306.56,309.32,56149527
2023-04-19,0941.HK,312.15,312.89,305.53,309.96,49051864
2023-04-20,0941.HK,321.42,330.98,314.3,322.36,15801355
2023-04-21,0941.HK,328.68,334.65,320.25,328.18,39681026
2023-04-24,0941.HK,327.06,326.57,320.94,324.17,74274789
2023-04-25,0941.HK,327.38,336.94,325.13,327.72,46334533
2023-04-26,0941.HK,321.27,327.49,316.9,320.82,87991060
2023-04-27,0941.HK,313.39,317.12,306.88,314.29,4740513
2023-04-28,0941.HK,311.16,322.23,311.0,314.03,66392709
2023-05-01,0941.HK,317.42,324.76,311.76,316.7,87170672
2023-05-02,0941.HK,319.71,329.53,317.71,320.61,26460536
2023-05-03,0941.HK,325.06,329.84,316.25,324.65,59533047
2023-05-04,0941.HK,325.91,327.63,326.62,327.12,64507546
2023-05-05,0941.HK,321.67,325.74,313.11,319.27,51756119
2023-05-08,0941.HK,320.16,328.23,311.89,319.04,87622728
2023-05-09,0941.HK,326.48,330.25,323.07,323.74,40389980
2023-05-10,0941.HK,328.91,332.83,316.59,325.95,90780410
2023-05-11,0941.HK,326.81,331.42,322.66,326.91,15789070
2023-05-12,0941.HK,328.39,336.78,318.88,328.59,28018798
2023-05-15,0941.HK,326.91,334.31,327.5,330.2,80078411
2023-05-16,0941.HK,323.38,326.38,313.36,320.53,92490646
2023-05-17,0941.HK,327.94,331.77,323.17,326.15,92507319
2023-05-18,0941.HK,327.05,329.27,322.87,325.67,4987538
2023-05-19,0941.HK,328.45,333.21,320.96,329.19,3285462
2023-05-22,0941.HK,315.54,324.12,315.99,317.87,98832145
2023-05-23,0941.HK,324.86,331.72,325.24,325.86,17537136
2023-05-24,0941.HK,321.66,327.52,311.52,320.27,86263689
2023-05-25,0941.HK,334.63,332.88,323.48,332.54,5863562
2023-05-26,0941.HK,342.05,348.42,338.37,343.18,27499009
2023-05-29,0941.HK,339.2,340.15,326.8,336.43,30722484
2023-05-30,0941.HK,340.83,344.79,333.2,340.62,14001001
2023-05-31,0941.HK,337.63,345.52,328.74,335.49,38780483
2023-06-01,0941.HK,333.12,339.5,326.28,332.34,90588022
2023-06-02,0941.HK,329.73,333.78,325.84,329.33,95327580
2023-06-05,0941.HK,333.56,332.01,324.97,331.61,47583923
2023-06-06,0941.HK,332.05,340.29,331.55,333.29,73403164
2023-06-07,0941.HK,330.55,330.03,326.12,327.35,76895643
2023-06-08,0941.HK,328.67,336.83,320.72,329.58,79144014
2023-06-09,0941.HK,328.85,331.51,325.24,328.63,64520379
2023-06-12,0941.HK,317.87,320.02,314.29,319.72,57381675
2023-06-13,0941.HK,320.1,326.55,313.22,317.71,75626544
2023-06-14,0941.HK,325.29,332.97,317.91,325.68,37735408
2023-06-15,0941.HK,324.66,323.97,321.1,323.79,83718014
2023-06-16,0941.HK,314.31,319.17,313.54,314.94,77789808
2023-06-19,0941.HK,317.5,321.95,315.78,318.85,56756611
2023-06-20,0941.HK,312.36,317.4,313.54,314.48,69129269
2023-06-21,0941.HK,318.62,322.82,315.01,315.56,22402668
2023-06-22,0941.HK,316.51,315.0,311.69,314.8,47458945
2023-06-23,0941.HK,322.2,331.55,321.77,323.19,3207868
2023-06-26,0941.HK,323.13,325.98,316.77,322.42,83372033
2023-06-27,0941.HK,315.74,325.92,309.15,316.95,66609519
2023-06-28,0941.HK,315.87,317.17,308.41,314.78,83645050
2023-06-29,0941.HK,310.66,312.1,304.72,309.04,7106349
2023-06-30,0941.HK,306.34,312.63,299.69,308.14,84489903
2023-07-03,0941.HK,317.76,325.33,313.47,316.38,94099735
2023-07-04,0941.HK,322.72,328.17,322.14,322.37,64570785
2023-07-05,0941.HK,329.18,339.52,331.36,332.3,79762444
2023-07-06,0941.HK,335.32,341.5,334.66,334.76,9975546
2023-07-07,0941.HK,336.66,338.39,331.92,335.54,61154734
2023-07-10,0941.HK,328.29,332.63,326.83,330.58,13694764
2023-07-11,0941.HK,330.43,340.31,325.29,331.99,49317955
2023-07-12,0941.HK,334.33,333.66,325.34,331.4,61039319
2023-07-13,0941.HK,337.05,344.41,334.49,335.34,77887367
2023-07-14,0941.HK,327.97,330.01,323.67,329.76,15013336
2023-07-17,0941.HK,331.48,336.64,320.62,330.09,83822784
2023-07-18,0941.HK,320.75,326.55,319.15,322.36,43512459
2023-07-19,0941.HK,323.68,324.7,318.24,324.06,76719941
2023-07-20,0941.HK,330.13,331.47,321.75,327.41,70560083
2023-07-21,0941.HK,322.34,322.07,314.15,319.51,79801351
2023-07-24,0941.HK,313.84,314.2,309.66,313.16,19487882
2023-07-25,0941.HK,307.19,312.01,305.99,307.13,46786933
2023-07-26,0941.HK,305.02,308.5,305.22,306.37,17930074
2023-07-27,0941.HK,299.57,301.7,297.97,300.01,47962891
2023-07-28,0941.HK,305.37,309.59,304.92,306.28,55823621
2023-07-31,0941.HK,309.69,316.64,307.43,308.34,33522396
2023-08-01,0941.HK,313.99,311.41,305.36,311.17,89684086
2023-08-02,0941.HK,302.45,306.31,297.46,303.82,61619025
2023-08-03,0941.HK,309.39,316.53,308.8,309.77,67745738
2023-08-04,0941.HK,311.0,321.61,305.95,312.85,15839535
2023-08-07,0941.HK,307.17,314.95,301.48,309.71,14738812
2023-08-08,0941.HK,301.4,305.17,299.02,302.61,81857782
2023-08-09,0941.HK,303.91,304.71,295.48,302.33,96613361
2023-08-10,0941.HK,297.32,308.2,293.06,300.27,94781147
2023-08-11,0941.HK,297.48,302.36,295.8,298.42,59179236
2023-08-14,0941.HK,294.25,300.23,292.94,295.32,5191159
2023-08-15,0941.HK,295.66,302.68,290.8,298.58,66770084
2023-08-16,0941.HK,285.35,290.72,280.08,286.99,55299874
2023-08-17,0941.HK,290.95,293.41,284.86,293.2,95471585
2023-08-18,0941.HK,295.52,303.98,289.33,297.65,11707874
2023-08-21,0941.HK,298.7,302.82,298.22,298.65,94538709
2023-08-22,0941.HK,299.73,303.45,293.19,298.07,36261674
2023-08-23,0941.HK,305.68,308.45,299.14,302.97,23958211
2023-08-24,0941.HK,300.09,311.42,296.6,302.84,44816313
2023-08-25,0941.HK,299.31,309.21,292.83,301.63,83565085
2023-08-28,0941.HK,304.64,315.01,304.36,306.84,17302355
2023-08-29,0941.HK,316.96,319.51,308.74,316.54,86059037
2023-08-30,0941.HK,311.39,315.72,304.22,311.99,38923501
2023-08-31,0941.HK,316.38,317.47,313.59,314.04,94684581
2023-09-01,0941.HK,306.79,310.63,307.72,308.99,39883330
2023-09-04,0941.HK,308.29,313.93,307.62,311.38,80127330
2023-09-05,0941.HK,305.55,308.82,307.08,307.8,75363688
2023-09-06,0941.HK,314.02,320.69,308.09,313.46,76087118
2023-09-07,0941.HK,312.25,315.34,310.51,313.05,42547556
2023-09-08,0941.HK,316.35,316.62,312.6,313.33,93363292
2023-09-11,0941.HK,319.4,328.75,315.6,321.06,91834947
2023-09-12,0941.HK,317.28,324.69,312.52,317.59,23552274
2023-09-13,0941.HK,318.99,325.02,318.57,320.92,60902077
2023-09-14,0941.HK,319.14,320.63,312.99,317.94,5395131
2023-09-15,0941.HK,325.76,333.32,317.94,323.7,2085401
2023-09-18,0941.HK,330.25,338.95,328.58,332.44,78998607
2023-09-19,0941.HK,329.57,338.79,328.1,331.2,32958635
2023-09-20,0941.HK,320.66,321.78,315.11,320.37,88238536
2023-09-21,0941.HK,316.62,325.11,313.23,317.12,19995794
2023-09-22,0941.HK,329.29,333.75,322.83,328.76,12843413
2023-09-25,0941.HK,325.36,326.62,317.09,325.9,42175736
2023-09-26,0941.HK,333.33,343.92,328.36,334.63,76027954
2023-09-27,0941.HK,331.85,338.66,324.29,331.65,94248592
2023-09-28,0941.HK,328.78,336.77,322.32,328.58,10920923
2023-09-29,0941.HK,333.64,332.56,327.25,332.48,20087388
2023-10-02,0941.HK,336.69,345.71,330.44,335.84,81932327
2023-10-03,0941.HK,340.25,345.26,339.49,340.2,89106621
2023-10-04,0941.HK,342.24,343.32,335.65,340.29,23165826
2023-10-05,0941.HK,345.25,350.66,343.89,345.64,89706808
2023-10-06,0941.HK,350.1,350.88,349.24,350.69,18253589
2023-10-09,0941.HK,357.68,357.08,350.38,356.81,98610069
2023-10-10,0941.HK,350.72,358.04,346.19,353.54,90603724
2023-10-11,0941.HK,361.75,361.66,349.2,359.1,63086701
2023-10-12,0941.HK,355.19,363.54,346.01,356.36,14206524
2023-10-13,0941.HK,356.92,357.86,354.07,355.59,6800497
2023-10-16,0941.HK,352.7,365.34,348.68,354.71,70593600
2023-10-17,0941.HK,347.26,355.87,346.6,349.47,32133186
2023-10-18,0941.HK,342.69,346.61,334.21,340.45,56206596
2023-10-19,0941.HK,347.3,348.49,340.55,346.76,34999628
2023-10-20,0941.HK,342.5,351.02,337.85,343.18,94091299
2023-10-23,0941.HK,340.45,346.12,339.68,341.86,55056434
2023-10-24,0941.HK,338.5,338.72,332.08,338.18,27802639
2023-10-25,0941.HK,340.31,340.06,335.78,336.95,67947139
2023-10-26,0941.HK,333.39,339.91,332.86,334.46,88453461
2023-10-27,0941.HK,338.63,344.42,334.14,340.94,5162434
2023-10-30,0941.HK,338.65,346.66,331.72,337.99,74263558
2023-10-31,0941.HK,347.64,350.66,337.82,346.75,71223061
2023-11-01,0941.HK,355.25,360.0,342.35,352.75,22407056
2023-11-02,0941.HK,347.29,356.3,347.75,350.31,11947339
2023-11-03,0941.HK,354.44,357.92,348.78,352.06,97168783
2023-11-06,0941.HK,351.91,364.46,345.57,354.87,39902921
2023-11-07,0941.HK,361.95,369.19,354.1,359.42,59816359
2023-11-08,0941.HK,366.08,373.67,354.95,364.56,81196861
2023-11-09,0941.HK,365.52,370.6,359.34,365.66,51411946
2023-11-10,0941.HK,363.7,366.42,359.99,360.49,18848722
2023-11-13,0941.HK,365.66,372.9,360.53,364.03,61085305
2023-11-14,0941.HK,363.28,372.18,360.87,362.81,13106583
2023-11-15,0941.HK,350.13,352.03,339.92,347.71,87107088
2023-11-16,0941.HK,349.34,358.29,342.08,349.81,1389002
2023-11-17,0941.HK,346.0,347.07,343.48,346.03,28331438
2023-11-20,0941.HK,343.33,344.62,336.36,343.72,78367534
2023-11-21,0941.HK,341.42,350.49,342.97,343.82,68303839
2023-11-22,0941.HK,337.96,336.97,328.33,335.87,89559346
2023-11-23,0941.HK,338.09,343.1,333.25,336.64,42005854
2023-11-24,0941.HK,332.06,343.0,331.88,335.11,47807641
2023-11-27,0941.HK,333.41,334.1,323.77,330.77,87406836
2023-11-28,0941.HK,333.03,336.18,322.43,331.06,22292075
2023-11-29,0941.HK,323.75,326.46,321.15,322.74,95045545
2023-11-30,0941.HK,325.14,326.83,321.12,323.17,35792725
2023-12-01,0941.HK,323.35,325.84,319.51,325.51,90452371
2023-12-04,0941.HK,325.36,329.1,326.77,327.07,3475407
2023-12-05,0941.HK,332.9,334.2,321.45,331.0,91862451
2023-12-06,0941.HK,334.43,342.43,329.52,336.86,7454087
2023-12-07,0941.HK,333.48,337.68,327.14,336.51,76295253
2023-12-08,0941.HK,342.01,345.63,336.14,342.11,92965726
2023-12-11,0941.HK,344.55,349.08,340.56,341.74,32645154
2023-12-12,0941.HK,337.42,344.45,334.41,338.22,48688283
2023-12-13,0941.HK,335.63,346.25,334.49,336.3,44063039
2023-12-14,0941.HK,339.25,340.44,328.6,337.71,35890671
2023-12-15,0941.HK,342.61,343.45,341.37,343.28,36560146
2023-12-18,0941.HK,343.91,344.12,334.86,343.35,89079678
2023-12-19,0941.HK,340.69,349.65,339.94,339.95,37814151
2023-12-20,0941.HK,345.99,356.33,347.37,347.39,63334482
2023-12-21,0941.HK,341.99,347.95,333.4,339.98,57852767
2023-12-22,0941.HK,338.89,343.59,326.76,336.64,34333861
2023-12-25,0941.HK,338.79,343.61,340.25,341.22,4652435
2023-12-26,0941.HK,348.37,353.58,346.3,350.33,53876067
2023-12-27,0941.HK,350.94,354.66,344.85,352.93,50750433
2023-12-28,0941.HK,352.7,364.39,348.62,354.32,6820805
2023-12-29,0941.HK,354.46,356.33,349.18,352.84,28679842
2024-01-01,0941.HK,356.32,364.06,355.05,355.82,26851587
2024-01-02,0941.HK,355.4,361.54,355.8,356.58,90237298
2024-01-03,0941.HK,349.72,354.01,347.28,352.61,11555308
2024-01-04,0941.HK,349.96,352.61,347.22,351.05,95000047
2024-01-05,0941.HK,349.99,350.45,342.38,346.55,85770497
2024-01-08,0941.HK,344.04,353.86,340.54,346.69,21408469
2024-01-09,0941.HK,346.93,348.39,344.43,347.6,26021524
2024-01-10,0941.HK,354.85,357.49,354.75,356.19,49850983
2024-01-11,0941.HK,353.58,359.1,346.83,353.07,20060461
2024-01-12,0941.HK,353.91,353.53,342.72,352.19,71304358
2024-01-15,0941.HK,356.82,362.21,353.26,358.91,45485780
2024-01-16,0941.HK,370.24,375.59,364.77,368.7,71691378
2024-01-17,0941.HK,369.86,374.99,365.14,371.4,31438755
2024-01-18,0941.HK,373.65,379.1,360.79,370.06,1553821
2024-01-19,0941.HK,364.15,370.2,357.74,367.51,53800473
2024-01-22,0941.HK,359.98,365.32,349.01,357.42,40530626
2024-01-23,0941.HK,352.57,361.09,350.82,352.52,91062112
2024-01-24,0941.HK,353.19,360.48,343.72,353.13,56963607
2024-01-25,0941.HK,350.47,356.8,348.37,352.24,26441607
2024-01-26,0941.HK,352.42,355.71,345.17,355.6,1826624
2024-01-29,0941.HK,351.87,357.18,346.35,354.63,98692862
2024-01-30,0941.HK,349.48,352.18,346.06,350.84,85937788
2024-01-31,0941.HK,353.96,355.84,348.07,352.71,71770741
2024-02-01,0941.HK,367.7,373.35,364.61,366.03,87140440
2024-02-02,0941.HK,364.94,369.06,360.45,364.36,82002988
2024-02-05,0941.HK,361.58,376.06,356.24,365.2,47554649
2024-02-06,0941.HK,372.66,372.4,364.1,369.91,14125635
2024-02-07,0941.HK,366.04,368.76,359.81,366.81,37972957
2024-02-08,0941.HK,377.57,385.04,363.96,373.89,72870909
2024-02-09,0941.HK,361.83,365.44,355.31,365.11,96583080
2024-02-12,0941.HK,366.15,365.06,353.82,362.95,24812973
2024-02-13,0941.HK,361.44,367.5,352.89,361.32,75905656
2024-02-14,0941.HK,360.84,372.24,358.48,362.21,44198768
2024-02-15,0941.HK,353.61,360.2,344.09,351.58,34631739
2024-02-16,0941.HK,361.91,360.55,348.47,358.78,45951476
2024-02-19,0941.HK,363.26,369.44,360.21,361.08,53786865
2024-02-20,0941.HK,364.3,373.72,364.79,367.23,10239483
2024-02-21,0941.HK,373.73,376.33,371.61,376.19,88786704
2024-02-22,0941.HK,373.36,383.05,361.63,372.09,90397107
2024-02-23,0941.HK,360.49,361.62,357.96,358.24,29505837
2024-02-26,0941.HK,367.31,374.1,361.82,364.47,56783576
2024-02-27,0941.HK,360.22,368.77,355.98,362.98,79429486
2024-02-28,0941.HK,358.73,366.63,346.34,356.88,81101218
2024-02-29,0941.HK,363.2,368.57,350.65,360.04,9046631
2024-03-01,0941.HK,369.84,380.46,369.27,373.42,98704457
2024-03-04,0941.HK,372.12,376.59,368.68,372.88,82735258
2024-03-05,0941.HK,381.58,387.39,371.77,378.28,63856509
2024-03-06,0941.HK,375.41,378.24,363.99,372.75,17802620
2024-03-07,0941.HK,359.76,371.22,353.7,363.39,25140070
2024-03-08,0941.HK,366.96,374.64,361.79,368.45,67792725
2024-03-11,0941.HK,368.24,372.92,365.96,371.54,34359513
2024-03-12,0941.HK,367.51,369.76,367.86,369.02,69490040
2024-03-13,0941.HK,375.67,379.27,378.25,378.54,68436082
2024-03-14,0941.HK,367.98,376.35,365.9,368.59,78216258
2024-03-15,0941.HK,361.71,366.53,351.13,361.87,92729154
2024-03-18,0941.HK,359.73,361.18,358.13,358.99,91578258
2024-03-19,0941.HK,360.64,366.51,357.12,357.14,25223932
2024-03-20,0941.HK,367.56,374.08,356.64,365.07,10745317
2024-03-21,0941.HK,368.91,368.65,363.99,365.41,1408588
2024-03-22,0941.HK,360.93,369.52,356.1,364.42,69294287
2024-03-25,0941.HK,358.02,358.39,348.57,357.55,39416877
2024-03-26,0941.HK,361.17,372.09,357.09,363.45,10249754
2024-03-27,0941.HK,357.22,358.3,347.99,357.33,24721373
2024-03-28,0941.HK,353.09,360.29,348.74,350.57,34073644
2024-03-29,0941.HK,346.95,354.28,345.63,348.53,99343906
2023-04-14,0762.HK,70.47,70.56,70.15,70.31,8689568
2023-04-17,0762.HK,71.05,71.94,69.02,70.44,39684284
2023-04-18,0762.HK,70.53,71.46,69.5,70.19,39527297
2023-04-19,0762.HK,70.5,72.61,68.85,70.51,42367762
2023-04-20,0762.HK,70.53,72.45,70.32,70.82,29952100
2023-04-21,0762.HK,70.55,71.17,69.93,71.15,41623421
2023-04-24,0762.HK,71.98,72.29,69.69,71.28,89231714
2023-04-25,0762.HK,72.21,73.53,70.27,72.23,38908724
2023-04-26,0762.HK,72.91,73.55,70.85,72.27,62941050
2023-04-27,0762.HK,71.81,71.81,70.16,71.22,95910374
2023-04-28,0762.HK,70.12,72.11,69.77,70.58,68287837
2023-05-01,0762.HK,68.3,69.15,67.85,68.5,22338785
2023-05-02,0762.HK,70.48,71.0,68.5,70.6,97035678
2023-05-03,0762.HK,71.43,73.6,69.68,71.52,59149311
2023-05-04,0762.HK,70.23,72.32,70.19,70.65,12148107
2023-05-05,0762.HK,70.94,70.77,69.55,70.36,98577728
2023-05-08,0762.HK,70.24,71.71,68.33,69.71,11451988
2023-05-09,0762.HK,70.89,72.4,70.89,71.33,15865210
2023-05-10,0762.HK,70.05,70.51,68.45,69.83,66529855
2023-05-11,0762.HK,69.91,71.67,68.19,69.96,79204878
2023-05-12,0762.HK,69.25,70.27,69.14,69.86,85637639
2023-05-15,0762.HK,70.39,71.44,69.76,70.74,21945707
2023-05-16,0762.HK,71.09,72.29,68.83,70.65,46919143
2023-05-17,0762.HK,69.17,69.49,68.04,68.8,5971099
2023-05-18,0762.HK,68.7,68.87,68.2,68.55,36189496
2023-05-19,0762.HK,67.27,69.27,65.64,67.57,40264271
2023-05-22,0762.HK,67.48,68.24,67.48,67.66,75341910
2023-05-23,0762.HK,68.53,70.61,68.15,69.13,90185921
2023-05-24,0762.HK,67.09,68.5,66.33,67.34,49466529
2023-05-25,0762.HK,66.49,66.95,66.06,66.54,45682267
2023-05-26,0762.HK,66.61,66.52,65.38,66.01,94130990
2023-05-29,0762.HK,65.86,67.36,65.3,65.64,36651653
2023-05-30,0762.HK,66.52,66.69,65.46,66.38,23811775
2023-05-31,0762.HK,66.55,67.27,65.05,66.22,27610912
2023-06-01,0762.HK,67.31,66.79,64.74,66.65,22508482
2023-06-02,0762.HK,66.66,67.98,65.35,66.04,88130560
2023-06-05,0762.HK,65.9,68.21,64.57,66.28,11011393
2023-06-06,0762.HK,66.54,68.22,66.62,67.06,37300050
2023-06-07,0762.HK,66.98,67.21,64.65,66.34,47130708
2023-06-08,0762.HK,67.37,68.81,66.04,67.13,59767075
2023-06-09,0762.HK,66.89,68.5,67.17,67.2,5856303
2023-06-12,0762.HK,68.79,69.42,66.73,68.27,95534081
2023-06-13,0762.HK,68.05,68.75,66.4,68.07,25200768
2023-06-14,0762.HK,68.93,69.74,68.3,68.48,23964876
2023-06-15,0762.HK,67.93,68.46,67.44,68.45,99832386
2023-06-16,0762.HK,68.63,69.0,68.11,68.36,78390504
2023-06-19,0762.HK,67.98,70.32,67.2,68.64,15817672
2023-06-20,0762.HK,68.83,70.18,68.01,69.21,29599842
2023-06-21,0762.HK,67.48,69.48,67.9,67.92,78001366
2023-06-22,0762.HK,69.12,69.91,67.77,69.4,14532812
2023-06-23,0762.HK,67.55,68.7,66.88,67.48,68341123
2023-06-26,0762.HK,66.52,67.46,66.16,66.8,35595316
2023-06-27,0762.HK,66.33,67.47,65.26,66.72,9742959
2023-06-28,0762.HK,67.59,68.86,65.57,67.14,7412447
2023-06-29,0762.HK,69.07,69.18,67.49,68.74,7349389
2023-06-30,0762.HK,66.47,68.43,66.45,66.84,21501397
2023-07-03,0762.HK,66.13,66.61,64.5,66.35,99224999
2023-07-04,0762.HK,64.44,65.29,63.79,64.24,84167638
2023-07-05,0762.HK,64.68,64.32,62.72,64.29,65835624
2023-07-06,0762.HK,64.4,66.46,63.91,64.56,95698341
2023-07-07,0762.HK,65.72,67.83,64.77,66.11,98966916
2023-07-10,0762.HK,65.79,67.27,65.83,66.25,43831605
2023-07-11,0762.HK,67.25,69.29,66.14,67.3,60803137
2023-07-12,0762.HK,67.29,69.62,67.18,67.9,40997990
2023-07-13,0762.HK,66.82,68.67,65.47,67.47,1119157
2023-07-14,0762.HK,66.21,66.43,64.46,66.06,65673885
2023-07-17,0762.HK,65.75,66.97,64.65,66.34,58437460
2023-07-18,0762.HK,65.08,66.28,63.42,64.87,9835725
2023-07-19,0762.HK,65.59,66.99,66.04,66.15,22555174
2023-07-20,0762.HK,65.68,66.2,65.22,66.0,68307414
2023-07-21,0762.HK,67.39,68.93,66.16,67.19,14311247
2023-07-24,0762.HK,66.44,68.05,65.95,66.72,53569309
2023-07-25,0762.HK,67.25,68.29,66.77,67.01,59015621
2023-07-26,0762.HK,67.6,67.73,66.58,67.23,90317217
2023-07-27,0762.HK,67.04,68.77,66.64,67.2,6893093
2023-07-28,0762.HK,66.88,67.04,66.71,66.77,81329342
2023-07-31,0762.HK,66.66,67.43,66.36,67.18,35144028
2023-08-01,0762.HK,65.65,67.34,65.04,66.26,11006572
2023-08-02,0762.HK,65.47,66.86,64.6,65.07,82419808
2023-08-03,0762.HK,65.92,66.82,64.72,66.3,76741279
2023-08-04,0762.HK,67.64,68.48,66.8,67.04,64231210
2023-08-07,0762.HK,66.96,67.97,65.25,67.11,4114262
2023-08-08,0762.HK,69.07,69.71,67.88,68.8,56208463
2023-08-09,0762.HK,68.24,69.52,67.45,68.54,39454294
2023-08-10,0762.HK,70.36,70.86,69.08,69.92,89656491
2023-08-11,0762.HK,70.63,71.99,68.58,70.11,4463266
2023-08-14,0762.HK,68.72,69.63,68.86,69.05,65275030
2023-08-15,0762.HK,70.38,71.27,69.18,70.98,63411753
2023-08-16,0762.HK,72.39,73.91,71.92,72.05,20968751
2023-08-17,0762.HK,71.66,72.45,70.55,71.93,91551845
2023-08-18,0762.HK,72.84,74.34,71.62,72.73,3856933
2023-08-21,0762.HK,71.67,73.47,71.69,72.3,22317722
2023-08-22,0762.HK,73.54,75.0,71.93,73.22,74895504
2023-08-23,0762.HK,70.47,72.04,70.11,70.61,99200735
2023-08-24,0762.HK,69.33,70.4,67.8,69.54,21203232
2023-08-25,0762.HK,70.85,72.52,69.29,70.58,18804600
2023-08-28,0762.HK,70.02,71.29,68.83,70.33,24124329
2023-08-29,0762.HK,70.89,70.57,69.58,70.56,79582913
2023-08-30,0762.HK,68.82,70.4,68.46,69.15,65847444
2023-08-31,0762.HK,71.0,71.82,70.73,71.08,76086149
2023-09-01,0762.HK,72.1,72.58,70.35,72.36,10333321
2023-09-04,0762.HK,72.28,72.27,70.72,72.16,75566770
2023-09-05,0762.HK,71.44,73.38,71.19,71.73,25336886
2023-09-06,0762.HK,73.19,74.49,71.54,72.86,21831627
2023-09-07,0762.HK,75.07,77.11,74.23,75.04,18119327
2023-09-08,0762.HK,76.4,77.1,75.19,76.13,73672339
2023-09-11,0762.HK,78.64,80.54,77.97,78.62,61892260
2023-09-12,0762.HK,77.01,79.49,77.4,77.55,14559547
2023-09-13,0762.HK,76.59,77.21,76.05,76.61,72441333
2023-09-14,0762.HK,74.72,77.24,73.41,75.26,79928643
2023-09-15,0762.HK,75.71,76.52,73.86,75.77,17593811
2023-09-18,0762.HK,76.23,77.24,73.99,75.99,12157088
2023-09-19,0762.HK,75.18,77.52,75.18,75.83,6784668
2023-09-20,0762.HK,76.86,76.96,76.54,76.77,90804624
2023-09-21,0762.HK,78.51,80.37,77.76,78.2,83025319
2023-09-22,0762.HK,76.53,77.13,74.63,76.43,33392802
2023-09-25,0762.HK,75.95,76.15,74.07,75.76,47338025
2023-09-26,0762.HK,76.3,78.06,76.53,76.71,75060847
2023-09-27,0762.HK,76.44,77.51,75.01,76.18,19469822
2023-09-28,0762.HK,75.88,75.85,73.23,75.29,75251502
2023-09-29,0762.HK,75.95,77.3,74.22,76.45,14569726
2023-10-02,0762.HK,74.5,75.11,74.21,74.99,83863771
2023-10-03,0762.HK,74.47,76.62,72.9,74.66,33213651
2023-10-04,0762.HK,74.52,76.44,73.74,75.05,61715051
2023-10-05,0762.HK,74.8,75.63,73.58,74.41,93589781
2023-10-06,0762.HK,75.0,76.12,74.67,75.3,61519246
2023-10-09,0762.HK,74.2,75.52,73.48,74.68,42519593
2023-10-10,0762.HK,75.78,78.38,75.73,76.27,48654227
2023-10-11,0762.HK,76.41,78.19,74.17,76.14,25786932
2023-10-12,0762.HK,76.99,78.77,74.7,76.92,98417796
2023-10-13,0762.HK,77.73,78.64,76.15,77.8,18261314
2023-10-16,0762.HK,77.53,79.29,75.73,77.08,95289648
2023-10-17,0762.HK,75.21,75.8,73.99,74.72,44063433
2023-10-18,0762.HK,75.23,75.27,74.46,75.14,6229639
2023-10-19,0762.HK,75.72,77.1,73.52,75.24,33042615
2023-10-20,0762.HK,75.85,77.24,74.26,75.88,59656154
2023-10-23,0762.HK,75.33,75.76,73.38,75.64,11013954
2023-10-24,0762.HK,75.6,77.33,73.87,75.17,51755711
2023-10-25,0762.HK,76.9,78.73,75.46,77.44,61510218
2023-10-26,0762.HK,76.41,76.19,75.21,75.75,3326739
2023-10-27,0762.HK,76.41,76.85,75.11,76.6,18180155
2023-10-30,0762.HK,75.76,76.91,74.36,75.95,66005572
2023-10-31,0762.HK,76.22,76.5,73.76,75.59,27801553
2023-11-01,0762.HK,75.78,76.53,74.01,75.24,15814035
2023-11-02,0762.HK,74.28,74.97,74.22,74.35,88522940
2023-11-03,0762.HK,74.38,76.17,73.26,75.0,41666931
2023-11-06,0762.HK,77.16,77.79,75.05,76.58,21580947
2023-11-07,0762.HK,77.6,78.58,75.91,77.14,22530951
2023-11-08,0762.HK,77.02,79.5,76.16,77.27,40669228
2023-11-09,0762.HK,76.18,77.92,74.64,76.14,18691905
2023-11-10,0762.HK,76.88,78.28,76.09,76.75,88316771
2023-11-13,0762.HK,79.04,79.43,79.15,79.25,44066180
2023-11-14,0762.HK,79.01,80.39,77.74,78.81,21320495
2023-11-15,0762.HK,78.78,80.27,77.33,78.38,49367554
2023-11-16,0762.HK,77.14,77.93,76.2,77.74,31773769
2023-11-17,0762.HK,77.88,79.0,76.4,77.18,52247160
2023-11-20,0762.HK,73.53,76.19,72.63,74.02,11585634
2023-11-21,0762.HK,74.48,76.44,74.23,74.48,2085625
2023-11-22,0762.HK,74.12,74.15,71.43,73.56,84931236
2023-11-23,0762.HK,72.32,73.08,70.88,71.79,81498906
2023-11-24,0762.HK,73.03,74.56,71.64,72.62,96797062
2023-11-27,0762.HK,72.16,71.7,71.13,71.45,50482403
2023-11-28,0762.HK,70.95,72.41,69.09,71.11,51139650
2023-11-29,0762.HK,73.22,73.15,71.43,72.68,94008607
2023-11-30,0762.HK,71.06,71.93,69.97,71.16,52425823
2023-12-01,0762.HK,69.72,71.21,68.4,69.54,81930612
2023-12-04,0762.HK,69.88,70.54,69.12,69.84,72054503
2023-12-05,0762.HK,71.14,71.17,69.28,71.05,29244474
2023-12-06,0762.HK,69.09,70.79,67.35,69.39,75812495
2023-12-07,0762.HK,69.5,70.48,68.84,69.83,22376634
2023-12-08,0762.HK,70.99,70.63,69.28,70.45,85092804
2023-12-11,0762.HK,68.45,68.89,67.1,68.29,70962743
2023-12-12,0762.HK,69.77,70.97,67.76,69.12,99821590
2023-12-13,0762.HK,69.35,70.1,69.67,70.04,20746805
2023-12-14,0762.HK,69.12,70.23,68.53,69.73,73326060
2023-12-15,0762.HK,71.23,71.56,69.99,71.05,92695196
2023-12-18,0762.HK,72.73,72.98,72.24,72.28,71153419
2023-12-19,0762.HK,71.77,72.48,70.6,72.4,73057730
2023-12-20,0762.HK,71.47,73.03,69.97,71.93,92167729
2023-12-21,0762.HK,70.67,72.83,70.78,70.89,1606736
2023-12-22,0762.HK,70.82,70.92,70.67,70.87,52322346
2023-12-25,0762.HK,70.88,71.72,70.17,71.49,94083185
2023-12-26,0762.HK,71.43,73.01,69.8,71.15,5278156
2023-12-27,0762.HK,69.48,68.86,68.72,68.82,37499064
2023-12-28,0762.HK,69.46,71.6,70.11,70.15,96596946
2023-12-29,0762.HK,69.88,70.74,69.44,70.36,64093177
2024-01-01,0762.HK,70.31,70.35,69.89,69.97,64235186
2024-01-02,0762.HK,71.38,72.04,69.64,70.89,97741107
2024-01-03,0762.HK,72.64,74.41,72.42,72.52,67860108
2024-01-04,0762.HK,69.56,69.5,67.49,69.49,20884270
2024-01-05,0762.HK,69.52,70.49,68.5,69.96,36646483
2024-01-08,0762.HK,68.36,68.68,66.51,68.47,67720500
2024-01-09,0762.HK,69.05,69.92,68.24,69.0,82940261
2024-01-10,0762.HK,69.05,70.48,69.05,69.15,84122825
2024-01-11,0762.HK,69.72,71.17,68.1,69.82,56491696
2024-01-12,0762.HK,69.98,70.39,69.16,69.31,41326157
2024-01-15,0762.HK,68.05,68.55,65.44,67.38,59088724
2024-01-16,0762.HK,66.63,67.0,66.58,66.93,28297234
2024-01-17,0762.HK,67.76,67.94,65.73,67.36,97419621
2024-01-18,0762.HK,68.21,69.63,67.6,68.4,56486874
2024-01-19,0762.HK,67.76,68.57,66.01,67.21,86375658
2024-01-22,0762.HK,67.82,69.37,68.16,68.26,62914365
2024-01-23,0762.HK,68.04,68.93,67.28,67.61,94504300
2024-01-24,0762.HK,67.68,68.33,66.94,67.99,70484380
2024-01-25,0762.HK,67.11,67.49,66.15,67.48,96917074
2024-01-26,0762.HK,67.94,68.49,66.04,67.68,36252877
2024-01-29,0762.HK,68.15,68.82,68.41,68.6,99767383
2024-01-30,0762.HK,66.9,67.46,66.0,67.35,46704258
2024-01-31,0762.HK,66.28,67.28,65.08,66.68,77651796
2024-02-01,0762.HK,67.16,68.15,65.64,66.87,90995053
2024-02-02,0762.HK,69.95,69.66,67.68,69.3,53037471
2024-02-05,0762.HK,67.85,69.31,67.56,68.41,52685283
2024-02-06,0762.HK,70.28,71.67,70.43,70.52,21395723
2024-02-07,0762.HK,72.88,72.75,70.62,72.66,55630994
2024-02-08,0762.HK,71.99,72.61,70.76,72.56,56920067
2024-02-09,0762.HK,72.55,72.69,71.53,72.25,19065156
2024-02-12,0762.HK,71.68,72.4,70.78,71.52,99510222
2024-02-13,0762.HK,72.08,71.47,71.21,71.46,7582588
2024-02-14,0762.HK,70.6,70.56,68.67,69.97,10072182
2024-02-15,0762.HK,69.36,71.42,69.78,69.9,61464101
2024-02-16,0762.HK,71.79,73.12,69.9,71.48,5477733
2024-02-19,0762.HK,70.14,71.59,69.23,70.84,7169454
2024-02-20,0762.HK,70.15,70.86,70.42,70.6,14886454
2024-02-21,0762.HK,68.86,70.04,67.87,68.81,10806586
2024-02-22,0762.HK,68.96,69.32,67.96,69.21,19671294
2024-02-23,0762.HK,69.59,70.95,68.53,69.5,43989432
2024-02-26,0762.HK,69.42,71.34,67.95,69.58,73687615
2024-02-27,0762.HK,69.73,70.24,67.91,69.37,47583607
2024-02-28,0762.HK,68.52,69.17,67.24,69.08,19527358
2024-02-29,0762.HK,69.62,71.39,68.02,69.61,93581039
2024-03-01,0762.HK,70.23,71.6,69.26,69.6,37018679
2024-03-04,0762.HK,69.34,71.13,69.01,69.94,85147600
2024-03-05,0762.HK,70.87,71.25,68.8,70.18,19404269
2024-03-06,0762.HK,70.67,72.47,70.42,71.38,82668909
2024-03-07,0762.HK,72.12,74.1,71.31,72.11,84193287
2024-03-08,0762.HK,71.83,74.19,71.63,72.34,17853070
2024-03-11,0762.HK,73.54,76.06,71.85,74.0,46790959
2024-03-12,0762.HK,74.2,75.97,74.12,74.48,36677434
2024-03-13,0762.HK,75.84,78.19,75.46,75.95,89823208
2024-03-14,0762.HK,76.57,77.2,75.31,76.66,71893099
2024-03-15,0762.HK,73.97,75.16,72.42,74.56,43802426
2024-03-18,0762.HK,76.53,76.09,75.29,76.03,93317091
2024-03-19,0762.HK,75.8,77.79,76.14,76.2,96265527
2024-03-20,0762.HK,75.75,76.39,74.21,76.16,70501531
2024-03-21,0762.HK,76.84,78.04,74.97,76.49,17807917
2024-03-22,0762.HK,76.24,77.22,75.49,76.11,44694647
2024-03-25,0762.HK,76.14,77.06,74.58,76.39,27308891
2024-03-26,0762.HK,75.11,76.51,73.54,75.72,19454970
2024-03-27,0762.HK,77.57,77.94,76.42,77.19,71971533
2024-03-28,0762.HK,77.2,79.29,74.81,77.07,74126612
2024-03-29,0762.HK,77.35,78.63,74.73,76.64,33355210
2023-04-14,2318.HK,91.83,93.07,91.86,92.51,30242323
2023-04-17,2318.HK,92.67,96.21,91.23,93.56,1946260
2023-04-18,2318.HK,93.67,94.83,92.54,94.17,92118593
2023-04-19,2318.HK,92.14,92.7,89.84,91.45,55945899
2023-04-20,2318.HK,90.02,90.63,90.32,90.49,19483199
2023-04-21,2318.HK,92.3,94.18,91.45,92.87,2824986
2023-04-24,2318.HK,92.8,94.52,92.57,93.46,23613427
2023-04-25,2318.HK,94.08,95.8,93.91,94.23,33280979
2023-04-26,2318.HK,93.79,95.87,93.77,94.49,11876115
2023-04-27,2318.HK,93.49,93.69,90.92,93.64,48812382
2023-04-28,2318.HK,93.74,96.51,93.0,94.12,45939363
2023-05-01,2318.HK,91.81,93.35,89.33,91.98,89386542
2023-05-02,2318.HK,90.68,90.27,87.41,89.78,15214168
2023-05-03,2318.HK,89.1,90.57,88.41,88.81,75430812
2023-05-04,2318.HK,88.99,90.72,88.25,89.08,51760910
2023-05-05,2318.HK,86.96,88.69,85.85,87.0,64750288
2023-05-08,2318.HK,87.38,89.07,86.25,87.19,52454506
2023-05-09,2318.HK,86.22,87.06,83.95,85.9,1140403
2023-05-10,2318.HK,84.92,86.32,84.74,84.81,36786355
2023-05-11,2318.HK,86.3,87.01,84.07,86.48,77507644
2023-05-12,2318.HK,86.12,88.13,85.74,86.55,47652432
2023-05-15,2318.HK,86.04,86.53,83.56,85.39,89705536
2023-05-16,2318.HK,86.27,86.07,83.15,85.65,9908570
2023-05-17,2318.HK,83.42,86.22,82.67,83.78,37952911
2023-05-18,2318.HK,84.93,85.42,82.55,84.28,94180733
2023-05-19,2318.HK,86.29,87.86,84.44,85.69,79154401
2023-05-22,2318.HK,86.01,88.05,86.52,86.56,29804884
2023-05-23,2318.HK,89.91,90.7,86.81,89.38,76538920
2023-05-24,2318.HK,86.22,88.44,84.42,86.8,94739872
2023-05-25,2318.HK,86.62,87.57,84.71,86.98,94654217
2023-05-26,2318.HK,85.61,87.14,83.97,85.25,47998050
2023-05-29,2318.HK,84.38,86.47,83.12,85.04,97737387
2023-05-30,2318.HK,85.57,86.11,82.9,85.06,78747837
2023-05-31,2318.HK,87.32,88.49,85.91,87.99,56132173
2023-06-01,2318.HK,88.43,88.75,85.51,87.93,46989307
2023-06-02,2318.HK,88.28,88.42,85.78,87.84,94775475
2023-06-05,2318.HK,89.99,91.83,88.67,89.18,19630232
2023-06-06,2318.HK,88.62,90.04,87.31,89.13,95696247
2023-06-07,2318.HK,92.12,93.58,89.36,91.59,91043030
2023-06-08,2318.HK,93.14,92.99,92.18,92.53,27952506
2023-06-09,2318.HK,92.92,95.55,92.73,93.7,10398268
2023-06-12,2318.HK,90.77,93.81,90.22,91.1,73277441
2023-06-13,2318.HK,93.29,94.05,91.79,93.83,25640940
2023-06-14,2318.HK,92.43,93.46,91.74,92.92,33482244
2023-06-15,2318.HK,93.52,93.44,91.43,92.93,2352125
2023-06-16,2318.HK,92.0,92.19,91.97,92.03,79268620
2023-06-19,2318.HK,90.62,90.87,89.53,90.64,76117611
2023-06-20,2318.HK,88.47,90.54,88.53,89.02,77056529
2023-06-21,2318.HK,89.72,91.53,89.01,89.18,41146594
2023-06-22,2318.HK,86.68,88.61,85.77,86.56,99556502
2023-06-23,2318.HK,85.42,87.18,84.4,86.26,26969269
2023-06-26,2318.HK,87.16,89.51,85.24,87.65,74419274
2023-06-27,2318.HK,88.84,89.16,86.51,88.5,63257197
2023-06-28,2318.HK,89.56,91.43,88.69,89.09,96523416
2023-06-29,2318.HK,88.05,90.31,87.41,87.91,89572094
2023-06-30,2318.HK,85.0,88.32,84.48,85.84,80020115
2023-07-03,2318.HK,86.55,88.23,85.29,87.2,29874218
2023-07-04,2318.HK,85.97,88.72,84.05,86.63,31938040
2023-07-05,2318.HK,85.97,88.06,84.6,86.53,26640846
2023-07-06,2318.HK,86.28,87.99,84.02,86.3,18375633
2023-07-07,2318.HK,86.74,89.73,85.61,87.18,60300018
2023-07-10,2318.HK,89.15,90.93,87.12,89.61,4439472
2023-07-11,2318.HK,91.54,92.69,89.22,91.59,69072541
2023-07-12,2318.HK,89.28,89.46,87.41,88.41,96334618
2023-07-13,2318.HK,88.6,89.24,87.32,88.02,13685368
2023-07-14,2318.HK,86.28,86.98,84.09,86.26,43201809
2023-07-17,2318.HK,86.84,89.32,86.06,87.49,53583318
2023-07-18,2318.HK,86.89,87.88,86.42,87.51,98515965
2023-07-19,2318.HK,87.61,89.08,87.98,88.32,8154929
2023-07-20,2318.HK,88.48,89.2,86.26,87.82,31658375
2023-07-21,2318.HK,86.12,87.26,86.17,86.47,72655727
2023-07-24,2318.HK,85.65,87.4,83.46,85.36,62186238
2023-07-25,2318.HK,83.35,85.37,81.69,83.41,64674683
2023-07-26,2318.HK,82.47,82.84,79.56,81.85,52089031
2023-07-27,2318.HK,79.81,81.67,79.94,80.06,49075223
2023-07-28,2318.HK,78.77,80.38,76.71,78.83,26097112
2023-07-31,2318.HK,78.2,79.11,75.26,77.55,21257921
2023-08-01,2318.HK,78.31,79.82,77.65,78.03,29925503
2023-08-02,2318.HK,79.13,79.76,77.74,78.46,60077147
2023-08-03,2318.HK,78.34,81.22,76.86,78.94,26233313
2023-08-04,2318.HK,80.85,81.83,79.95,80.34,52057882
2023-08-07,2318.HK,80.07,82.48,77.94,80.26,85756891
2023-08-08,2318.HK,78.91,81.36,77.29,79.34,58441677
2023-08-09,2318.HK,82.62,83.15,81.36,81.99,80662490
2023-08-10,2318.HK,83.51,85.43,81.74,83.12,18139418
2023-08-11,2318.HK,82.57,83.94,81.18,83.32,56236925
2023-08-14,2318.HK,82.92,83.54,81.03,83.44,83325380
2023-08-15,2318.HK,83.98,84.72,83.56,83.82,7949464
2023-08-16,2318.HK,84.39,85.13,81.54,83.59,68227840
2023-08-17,2318.HK,84.21,84.84,83.42,83.76,15922508
2023-08-18,2318.HK,84.03,84.64,82.41,84.41,24634152
2023-08-21,2318.HK,84.2,83.7,82.07,83.51,53707470
2023-08-22,2318.HK,82.12,83.91,80.87,81.47,97108308
2023-08-23,2318.HK,79.41,81.24,78.26,78.95,8896579
2023-08-24,2318.HK,79.86,81.57,78.46,80.02,28065007
2023-08-25,2318.HK,78.26,80.33,75.88,78.14,77153889
2023-08-28,2318.HK,79.05,80.97,78.54,78.7,76461023
2023-08-29,2318.HK,77.38,77.83,76.3,77.35,76769847
2023-08-30,2318.HK,76.65,77.85,74.21,76.05,60368945
2023-08-31,2318.HK,74.99,75.26,73.44,75.24,12208844
2023-09-01,2318.HK,75.99,76.06,73.86,75.48,96033720
2023-09-04,2318.HK,73.85,74.05,72.44,74.03,12810658
2023-09-05,2318.HK,72.78,73.53,72.47,73.36,19745424
2023-09-06,2318.HK,73.15,75.25,72.08,73.35,91653443
2023-09-07,2318.HK,72.03,72.89,71.49,72.03,8244334
2023-09-08,2318.HK,72.99,75.03,72.46,73.59,79251109
2023-09-11,2318.HK,72.3,72.54,70.83,71.7,50568966
2023-09-12,2318.HK,72.17,73.26,71.29,71.48,26179668
2023-09-13,2318.HK,73.26,73.44,71.13,72.86,94482349
2023-09-14,2318.HK,70.74,73.5,69.61,71.43,82124370
2023-09-15,2318.HK,71.01,72.08,69.65,71.33,58965890
2023-09-18,2318.HK,71.26,72.89,69.37,71.48,7373113
2023-09-19,2318.HK,70.07,71.52,70.24,70.63,88929613
2023-09-20,2318.HK,70.2,71.78,70.07,70.56,29594113
2023-09-21,2318.HK,71.04,72.29,69.32,71.17,3572247
2023-09-22,2318.HK,70.2,72.02,68.72,70.69,19779940
2023-09-25,2318.HK,71.28,71.68,69.78,71.51,91215709
2023-09-26,2318.HK,71.26,73.36,70.62,71.95,67592225
2023-09-27,2318.HK,71.46,71.81,71.01,71.33,49702097
2023-09-28,2318.HK,73.02,73.44,72.52,72.55,77278446
2023-09-29,2318.HK,72.43,72.87,70.63,71.76,75789927
2023-10-02,2318.HK,73.25,74.8,71.22,72.7,80071752
2023-10-03,2318.HK,71.51,73.1,70.15,71.92,35392338
2023-10-04,2318.HK,72.21,71.91,70.81,71.6,59702473
2023-10-05,2318.HK,70.89,72.13,70.5,71.44,19530682
2023-10-06,2318.HK,72.24,73.91,70.12,71.81,19504284
2023-10-09,2318.HK,69.17,70.78,67.74,69.23,2968110
2023-10-10,2318.HK,69.77,71.72,68.44,69.72,42593320
2023-10-11,2318.HK,70.28,71.07,69.04,69.62,56707498
2023-10-12,2318.HK,70.6,71.38,69.72,69.94,70238507
2023-10-13,2318.HK,70.81,71.09,69.0,70.48,78515480
2023-10-16,2318.HK,70.62,72.1,69.31,70.91,81881354
2023-10-17,2318.HK,68.25,70.5,67.97,68.79,19504043
2023-10-18,2318.HK,67.76,68.28,66.33,67.71,35801276
2023-10-19,2318.HK,67.46,70.07,66.08,68.06,66587190
2023-10-20,2318.HK,68.1,69.6,66.96,68.27,67701313
2023-10-23,2318.HK,67.79,68.88,65.69,67.48,66032430
2023-10-24,2318.HK,67.94,68.3,67.04,68.24,43920767
2023-10-25,2318.HK,67.95,69.43,66.58,67.99,32212770
2023-10-26,2318.HK,68.3,70.33,68.01,68.91,35593086
2023-10-27,2318.HK,70.46,71.3,69.06,70.17,51621129
2023-10-30,2318.HK,70.67,71.88,68.98,70.48,14933592
2023-10-31,2318.HK,70.59,72.44,70.81,71.08,41540131
2023-11-01,2318.HK,69.98,72.05,70.09,70.45,88177661
2023-11-02,2318.HK,71.56,73.25,69.29,71.4,11616344
2023-11-03,2318.HK,71.07,73.18,69.65,71.65,50140072
2023-11-06,2318.HK,71.31,72.01,71.07,71.35,17872886
2023-11-07,2318.HK,69.85,71.69,68.02,70.06,67622089
2023-11-08,2318.HK,70.0,71.51,69.3,69.56,32619027
2023-11-09,2318.HK,68.54,68.58,66.9,68.42,10328015
2023-11-10,2318.HK,68.96,71.03,67.86,69.21,56627912
2023-11-13,2318.HK,70.4,71.47,70.43,70.5,30319292
2023-11-14,2318.HK,71.66,72.38,69.46,71.48,49443752
2023-11-15,2318.HK,74.62,74.38,72.09,74.16,16209520
2023-11-16,2318.HK,74.05,75.26,72.7,73.66,47354414
2023-11-17,2318.HK,74.91,76.04,73.91,74.33,81512967
2023-11-20,2318.HK,73.24,74.04,72.74,73.03,92674734
2023-11-21,2318.HK,72.14,72.94,72.74,72.83,28438900
2023-11-22,2318.HK,71.76,72.06,69.35,71.23,8963876
2023-11-23,2318.HK,71.36,72.39,70.75,71.85,70448292
2023-11-24,2318.HK,72.18,72.43,70.45,71.48,52659754
2023-11-27,2318.HK,69.35,70.37,67.23,69.29,1170757
2023-11-28,2318.HK,68.04,68.81,67.99,68.6,21286687
2023-11-29,2318.HK,71.01,72.42,70.4,70.46,93969049
2023-11-30,2318.HK,70.58,71.99,69.15,70.9,80814755
2023-12-01,2318.HK,72.29,73.57,70.52,71.74,76108714
2023-12-04,2318.HK,71.31,71.97,71.35,71.88,43110172
2023-12-05,2318.HK,72.41,71.91,71.39,71.7,48518323
2023-12-06,2318.HK,72.2,73.49,71.55,71.73,30487151
2023-12-07,2318.HK,72.66,72.34,70.03,72.01,43729936
2023-12-08,2318.HK,71.31,71.85,70.48,70.84,73238993
2023-12-11,2318.HK,71.25,73.71,69.65,71.67,89929691
2023-12-12,2318.HK,72.6,73.98,71.63,72.89,18011621
2023-12-13,2318.HK,72.48,73.11,70.95,72.69,19518626
2023-12-14,2318.HK,72.12,73.86,71.2,72.13,89427452
2023-12-15,2318.HK,71.54,72.82,70.63,71.34,45496460
2023-12-18,2318.HK,73.52,73.39,72.93,73.24,78003402
2023-12-19,2318.HK,72.39,74.43,70.6,72.76,22507410
2023-12-20,2318.HK,72.85,75.21,72.95,73.49,81549966
2023-12-21,2318.HK,72.57,74.39,72.64,73.29,16384711
2023-12-22,2318.HK,73.26,73.22,71.24,73.04,48103884
2023-12-25,2318.HK,72.44,72.53,70.45,72.22,21240190
2023-12-26,2318.HK,70.81,71.66,69.89,71.18,65725175
2023-12-27,2318.HK,71.89,73.66,71.38,71.98,13526164
2023-12-28,2318.HK,70.29,72.79,68.97,70.93,15685578
2023-12-29,2318.HK,70.75,72.78,70.54,71.43,98703462
2024-01-01,2318.HK,72.1,72.42,70.19,71.54,30388351
2024-01-02,2318.HK,71.86,72.66,70.48,72.36,12297360
2024-01-03,2318.HK,71.35,72.38,71.63,71.72,58268851
2024-01-04,2318.HK,73.6,73.71,71.71,72.89,33133287
2024-01-05,2318.HK,72.29,73.07,72.63,72.75,98694257
2024-01-08,2318.HK,74.91,75.94,74.29,75.6,19447014
2024-01-09,2318.HK,73.58,74.07,72.58,73.78,27897767
2024-01-10,2318.HK,76.26,76.7,75.17,76.48,98342503
2024-01-11,2318.HK,76.09,78.36,76.0,76.35,95253783
2024-01-12,2318.HK,77.07,78.14,76.3,76.63,8488823
2024-01-15,2318.HK,75.89,78.2,75.42,75.95,96245462
2024-01-16,2318.HK,74.59,76.12,73.52,74.17,76289698
2024-01-17,2318.HK,73.63,75.64,73.21,73.6,84544611
2024-01-18,2318.HK,73.47,73.88,71.09,73.21,93629857
2024-01-19,2318.HK,73.55,74.08,71.55,73.43,83122793
2024-01-22,2318.HK,75.18,76.5,73.88,74.68,37235523
2024-01-23,2318.HK,74.61,74.92,74.53,74.91,9655837
2024-01-24,2318.HK,75.35,76.29,74.09,75.15,92744571
2024-01-25,2318.HK,74.89,77.36,73.45,75.6,4777206
2024-01-26,2318.HK,73.52,73.77,73.16,73.63,53426746
2024-01-29,2318.HK,71.13,71.89,70.97,71.81,80805069
2024-01-30,2318.HK,70.12,71.38,69.79,70.21,61440111
2024-01-31,2318.HK,69.44,71.11,69.05,69.83,73676591
2024-02-01,2318.HK,68.05,69.86,66.25,67.88,95157977
2024-02-02,2318.HK,67.25,68.55,65.38,67.19,38677018
2024-02-05,2318.HK,66.18,67.22,63.93,65.83,55112832
2024-02-06,2318.HK,65.78,68.3,66.12,66.32,3086985
2024-02-07,2318.HK,67.25,68.61,65.48,66.77,72230663
2024-02-08,2318.HK,66.41,67.79,65.17,66.48,32933364
2024-02-09,2318.HK,64.5,64.88,64.27,64.6,35521091
2024-02-12,2318.HK,64.26,66.11,63.41,64.39,54881137
2024-02-13,2318.HK,65.31,66.44,63.1,64.72,47848287
2024-02-14,2318.HK,66.13,66.25,64.28,65.52,20307992
2024-02-15,2318.HK,66.73,68.75,66.79,67.25,96932283
2024-02-16,2318.HK,68.77,68.89,66.42,68.39,98558301
2024-02-19,2318.HK,68.36,69.22,68.38,68.58,58924889
2024-02-20,2318.HK,67.91,70.12,68.28,68.3,9581177
2024-02-21,2318.HK,68.04,68.34,66.58,67.55,91566781
2024-02-22,2318.HK,69.59,69.48,67.31,68.94,8971139
2024-02-23,2318.HK,69.21,69.15,67.9,69.12,8265017
2024-02-26,2318.HK,69.66,69.87,69.44,69.79,21764160
2024-02-27,2318.HK,68.95,70.99,68.66,69.19,22684797
2024-02-28,2318.HK,67.33,69.37,66.67,67.91,76841919
2024-02-29,2318.HK,67.44,68.22,66.41,67.52,75107339
2024-03-01,2318.HK,67.77,67.32,66.26,67.22,4250707
2024-03-04,2318.HK,67.39,69.22,66.14,67.43,93312591
2024-03-05,2318.HK,66.87,68.57,66.21,66.7,11240081
2024-03-06,2318.HK,66.38,67.53,65.08,66.74,49996248
2024-03-07,2318.HK,67.89,69.88,66.78,67.93,78777053
2024-03-08,2318.HK,66.82,67.98,64.67,66.24,50106959
2024-03-11,2318.HK,63.95,64.92,62.92,64.15,82809561
2024-03-12,2318.HK,65.3,66.39,65.33,65.36,6937947
2024-03-13,2318.HK,63.92,65.42,62.31,63.94,61541627
2024-03-14,2318.HK,63.26,65.24,62.3,63.59,33577218
2024-03-15,2318.HK,64.31,64.53,62.8,64.18,42246553
2024-03-18,2318.HK,63.95,65.15,63.37,64.14,57100077
2024-03-19,2318.HK,64.28,64.67,62.4,64.08,76319946
2024-03-20,2318.HK,64.61,64.65,63.02,64.16,50358352
2024-03-21,2318.HK,66.64,67.91,64.68,66.6,72426231
2024-03-22,2318.HK,67.79,69.35,68.04,68.39,45670316
2024-03-25,2318.HK,67.22,69.69,67.47,67.69,77360049
2024-03-26,2318.HK,68.65,69.15,68.65,68.77,53702761
2024-03-27,2318.HK,69.8,70.02,67.92,69.31,98568507
2024-03-28,2318.HK,69.33,69.59,67.68,69.3,48712483
2024-03-29,2318.HK,67.74,69.32,67.18,68.37,78154290
2023-04-14,2628.HK,180.16,184.27,177.25,181.96,16891026
2023-04-17,2628.HK,178.25,180.88,178.24,179.77,81083803
2023-04-18,2628.HK,180.12,183.03,175.06,180.29,7862309
2023-04-19,2628.HK,180.07,183.89,179.53,180.94,60895303
2023-04-20,2628.HK,184.1,185.16,183.29,184.5,37014819
2023-04-21,2628.HK,188.92,190.93,186.56,188.03,90821666
2023-04-24,2628.HK,189.49,190.92,185.15,187.91,27302168
2023-04-25,2628.HK,188.23,189.17,181.72,186.61,43837786
2023-04-26,2628.HK,183.41,187.57,182.35,184.78,34437820
2023-04-27,2628.HK,182.58,189.37,182.9,184.15,84049226
2023-04-28,2628.HK,182.5,187.17,180.17,182.99,20907265
2023-05-01,2628.HK,183.16,186.46,179.77,184.55,99828628
2023-05-02,2628.HK,184.07,188.21,182.69,185.75,30762560
2023-05-03,2628.HK,187.7,188.28,186.22,187.43,33912324
2023-05-04,2628.HK,191.36,195.11,190.38,191.01,83742956
2023-05-05,2628.HK,196.81,198.68,193.46,196.39,77104744
2023-05-08,2628.HK,198.28,197.41,193.16,196.79,77835543
2023-05-09,2628.HK,199.81,202.07,196.55,200.08,60681629
2023-05-10,2628.HK,201.05,202.01,194.34,199.06,17121810
2023-05-11,2628.HK,200.79,206.04,199.87,202.64,21318158
2023-05-12,2628.HK,206.71,210.49,201.33,205.91,35065876
2023-05-15,2628.HK,211.12,211.41,207.56,209.06,45819817
2023-05-16,2628.HK,210.63,214.23,207.31,209.4,85623056
2023-05-17,2628.HK,209.17,210.95,202.6,207.34,40464267
2023-05-18,2628.HK,204.1,207.01,198.04,203.05,6072714
2023-05-19,2628.HK,203.71,204.5,199.92,202.97,74927930
2023-05-22,2628.HK,207.93,208.19,202.6,207.67,22713490
2023-05-23,2628.HK,205.75,210.26,203.67,206.75,21112843
2023-05-24,2628.HK,207.42,210.3,209.13,209.23,47386148
2023-05-25,2628.HK,213.47,217.31,208.81,211.92,70962083
2023-05-26,2628.HK,209.76,215.42,206.45,211.06,83374147
2023-05-29,2628.HK,213.48,220.26,209.46,215.27,88237734
2023-05-30,2628.HK,205.11,209.96,202.75,205.92,37264011
2023-05-31,2628.HK,202.77,207.93,196.37,202.18,91966432
2023-06-01,2628.HK,199.88,204.28,195.76,199.45,47712454
2023-06-02,2628.HK,198.49,199.49,194.28,197.03,2999297
2023-06-05,2628.HK,196.72,201.88,196.39,198.07,58677492
2023-06-06,2628.HK,197.55,201.63,195.12,198.97,50070473
2023-06-07,2628.HK,201.67,204.84,194.68,200.18,89140610
2023-06-08,2628.HK,201.9,206.52,196.8,202.01,67401233
2023-06-09,2628.HK,198.13,201.8,193.3,199.18,16009453
2023-06-12,2628.HK,193.98,196.98,190.3,195.58,69499092
2023-06-13,2628.HK,194.92,200.42,191.71,196.78,94570984
2023-06-14,2628.HK,196.65,196.28,192.7,194.96,3772526
2023-06-15,2628.HK,192.05,193.39,184.94,190.4,34907499
2023-06-16,2628.HK,191.58,195.49,191.3,193.22,47519100
2023-06-19,2628.HK,196.84,198.0,192.83,197.3,10914185
2023-06-20,2628.HK,203.19,202.76,199.49,201.95,34931300
2023-06-21,2628.HK,201.44,206.44,199.25,202.55,40614401
2023-06-22,2628.HK,204.87,207.51,200.22,204.49,56347067
2023-06-23,2628.HK,209.45,208.9,205.39,208.74,6710645
2023-06-26,2628.HK,205.47,210.25,205.94,206.77,88397762
2023-06-27,2628.HK,208.45,212.9,207.63,210.26,15559920
2023-06-28,2628.HK,212.29,215.88,210.56,211.17,1840115
2023-06-29,2628.HK,212.89,219.42,211.99,214.1,89544595
2023-06-30,2628.HK,212.84,218.59,211.97,214.74,4531767
2023-07-03,2628.HK,219.02,222.97,213.65,218.96,28059628
2023-07-04,2628.HK,220.36,222.83,218.81,219.74,34895794
2023-07-05,2628.HK,213.89,221.24,214.32,214.89,3870281
2023-07-06,2628.HK,220.81,220.34,213.21,219.62,28095856
2023-07-07,2628.HK,215.54,221.86,214.66,216.54,98179333
2023-07-10,2628.HK,221.59,223.42,218.66,220.65,99946447
2023-07-11,2628.HK,221.32,225.43,219.99,220.4,12251474
2023-07-12,2628.HK,225.25,230.06,224.02,224.33,21885959
2023-07-13,2628.HK,228.21,232.85,223.04,228.19,60446813
2023-07-14,2628.HK,228.6,232.01,225.86,229.71,53389819
2023-07-17,2628.HK,231.28,234.93,226.64,231.51,16737544
2023-07-18,2628.HK,230.91,234.39,230.1,233.02,78825429
2023-07-19,2628.HK,224.54,226.77,224.33,226.03,31210674
2023-07-20,2628.HK,228.52,231.33,221.9,226.48,29664732
2023-07-21,2628.HK,222.84,223.26,216.84,222.73,18409930
2023-07-24,2628.HK,224.57,226.79,216.72,223.35,67678136
2023-07-25,2628.HK,219.23,222.93,214.39,219.56,55626440
2023-07-26,2628.HK,217.77,216.18,211.07,215.7,25056761
2023-07-27,2628.HK,219.83,223.45,219.74,220.94,91373010
2023-07-28,2628.HK,223.19,228.19,222.08,224.53,52660919
2023-07-31,2628.HK,224.26,225.85,221.11,224.56,40720267
2023-08-01,2628.HK,226.56,230.39,219.38,225.23,9763386
2023-08-02,2628.HK,226.27,228.04,223.48,224.43,6756960
2023-08-03,2628.HK,226.52,230.06,225.45,226.4,10663389
2023-08-04,2628.HK,222.98,226.88,223.25,224.15,93949448
2023-08-07,2628.HK,229.78,234.08,220.75,227.53,5723125
2023-08-08,2628.HK,225.12,229.09,225.56,226.72,89372963
2023-08-09,2628.HK,223.92,229.52,224.77,225.33,46909441
2023-08-10,2628.HK,223.66,228.55,221.23,225.45,58188141
2023-08-11,2628.HK,223.22,223.61,223.46,223.5,54810483
2023-08-14,2628.HK,224.53,231.08,218.96,224.64,19734522
2023-08-15,2628.HK,224.25,224.62,221.54,222.88,27881814
2023-08-16,2628.HK,222.39,227.97,219.08,224.49,76026783
2023-08-17,2628.HK,229.27,234.96,227.14,228.63,18896819
2023-08-18,2628.HK,227.57,230.56,223.96,226.21,83394025
2023-08-21,2628.HK,226.14,228.97,223.35,225.81,30497785
2023-08-22,2628.HK,225.97,231.62,222.19,227.42,8911595
2023-08-23,2628.HK,223.72,230.1,221.65,225.98,75478786
2023-08-24,2628.HK,227.03,230.91,223.55,227.6,65406904
2023-08-25,2628.HK,228.88,236.17,229.1,229.54,84954762
2023-08-28,2628.HK,235.27,236.46,230.07,233.31,74467166
2023-08-29,2628.HK,232.15,237.42,229.27,231.24,99790586
2023-08-30,2628.HK,227.32,233.71,225.95,228.01,69447258
2023-08-31,2628.HK,226.22,232.36,226.33,227.01,22636297
2023-09-01,2628.HK,224.32,226.39,223.69,223.76,48404448
2023-09-04,2628.HK,224.47,228.28,223.35,225.7,8532847
2023-09-05,2628.HK,222.27,228.01,220.81,221.81,7699680
2023-09-06,2628.HK,231.88,234.43,223.85,229.62,2229192
2023-09-07,2628.HK,232.59,240.01,227.25,234.13,24081583
2023-09-08,2628.HK,235.42,238.34,232.69,234.22,74868899
2023-09-11,2628.HK,235.18,243.67,231.81,237.31,55785851
2023-09-12,2628.HK,232.2,232.7,231.37,231.53,49327439
2023-09-13,2628.HK,238.22,247.1,237.36,240.34,70220126
2023-09-14,2628.HK,238.38,244.23,231.35,238.26,27569458
2023-09-15,2628.HK,237.73,238.43,235.78,237.88,39972677
2023-09-18,2628.HK,230.25,231.33,229.36,231.3,83547121
2023-09-19,2628.HK,232.55,236.98,227.64,233.04,62597566
2023-09-20,2628.HK,226.98,232.58,226.77,229.22,91900985
2023-09-21,2628.HK,229.07,234.88,226.84,229.61,92774199
2023-09-22,2628.HK,227.32,229.96,227.01,227.78,5875195
2023-09-25,2628.HK,222.52,224.7,223.09,224.15,2050134
2023-09-26,2628.HK,223.09,224.49,214.87,221.49,40762872
2023-09-27,2628.HK,220.89,226.45,220.14,222.28,49265229
2023-09-28,2628.HK,216.05,222.35,217.02,218.05,72312103
2023-09-29,2628.HK,217.07,216.95,214.93,215.65,32897151
2023-10-02,2628.HK,215.72,223.35,217.46,217.84,65900261
2023-10-03,2628.HK,225.17,228.09,222.76,226.38,89885276
2023-10-04,2628.HK,226.45,233.7,223.2,228.05,81050030
2023-10-05,2628.HK,226.85,227.84,220.67,224.96,80419910
2023-10-06,2628.HK,223.9,228.36,221.23,223.77,16135995
2023-10-09,2628.HK,225.46,225.23,223.46,223.92,25806557
2023-10-10,2628.HK,223.83,224.69,218.23,222.79,31690183
2023-10-11,2628.HK,226.97,229.62,225.06,225.85,31429899
2023-10-12,2628.HK,227.5,231.75,220.86,226.63,40658346
2023-10-13,2628.HK,229.68,232.21,225.09,229.76,68955569
2023-10-16,2628.HK,227.43,233.59,228.28,228.73,56954554
2023-10-17,2628.HK,233.84,233.8,232.37,233.32,29259330
2023-10-18,2628.HK,233.32,239.62,229.96,232.78,72746239
2023-10-19,2628.HK,229.19,229.85,228.04,229.44,4464885
2023-10-20,2628.HK,237.93,237.14,236.0,236.98,16605967
2023-10-23,2628.HK,230.6,234.67,226.79,230.54,34735585
2023-10-24,2628.HK,227.88,230.16,224.19,228.03,36532386
2023-10-25,2628.HK,226.23,227.54,225.85,225.93,50586125
2023-10-26,2628.HK,233.04,237.83,233.54,234.48,3158872
2023-10-27,2628.HK,241.74,244.84,234.88,240.88,81930167
2023-10-30,2628.HK,245.68,248.49,245.05,246.32,64213979
2023-10-31,2628.HK,247.1,249.78,243.24,245.15,83808143
2023-11-01,2628.HK,251.86,260.04,251.18,254.12,7881271
2023-11-02,2628.HK,255.62,256.21,253.55,255.58,55103669
2023-11-03,2628.HK,261.73,260.8,256.31,259.37,21946631
2023-11-06,2628.HK,260.72,265.76,257.96,260.13,81692325
2023-11-07,2628.HK,261.82,260.59,254.86,259.98,69025129
2023-11-08,2628.HK,259.05,260.54,255.58,259.05,41336129
2023-11-09,2628.HK,257.72,264.57,253.7,258.29,3618996
2023-11-10,2628.HK,258.4,267.4,260.39,260.7,69152524
2023-11-13,2628.HK,261.48,269.57,259.54,262.19,84589021
2023-11-14,2628.HK,263.51,265.1,258.02,262.12,19427083
2023-11-15,2628.HK,266.99,274.36,267.25,268.1,72721581
2023-11-16,2628.HK,256.05,256.89,248.98,256.23,38058230
2023-11-17,2628.HK,258.05,262.96,250.54,258.24,98982566
2023-11-20,2628.HK,260.36,267.71,257.43,261.07,13913505
2023-11-21,2628.HK,267.19,271.27,261.85,265.61,51940756
2023-11-22,2628.HK,263.22,270.63,264.7,265.41,10231247
2023-11-23,2628.HK,265.03,273.5,260.57,266.29,65740423
2023-11-24,2628.HK,270.47,275.12,265.54,270.28,30699155
2023-11-27,2628.HK,273.89,282.55,274.28,276.38,67401848
2023-11-28,2628.HK,275.98,277.2,267.12,275.19,81062824
2023-11-29,2628.HK,276.3,278.89,268.9,276.35,7209437
2023-11-30,2628.HK,282.5,290.2,282.67,283.36,89778385
2023-12-01,2628.HK,276.69,281.86,270.5,274.39,22722148
2023-12-04,2628.HK,273.22,273.35,265.63,271.6,24092177
2023-12-05,2628.HK,277.71,280.31,270.59,277.63,45864167
2023-12-06,2628.HK,284.35,287.07,281.21,282.24,20391346
2023-12-07,2628.HK,282.61,289.42,279.92,284.5,66357091
2023-12-08,2628.HK,284.31,289.02,282.16,282.65,40427384
2023-12-11,2628.HK,277.33,283.57,271.52,278.96,29596261
2023-12-12,2628.HK,274.93,279.84,269.17,276.55,4152332
2023-12-13,2628.HK,283.91,288.2,280.55,283.02,66378257
2023-12-14,2628.HK,278.25,282.86,273.09,280.41,84454267
2023-12-15,2628.HK,282.28,282.59,275.34,280.89,96694884
2023-12-18,2628.HK,278.3,284.45,271.65,277.77,21795239
2023-12-19,2628.HK,282.94,287.13,278.65,281.34,55710823
2023-12-20,2628.HK,279.48,285.28,273.01,279.12,35924078
2023-12-21,2628.HK,280.84,281.35,274.98,278.77,70561306
2023-12-22,2628.HK,274.51,275.34,267.13,271.79,84416249
2023-12-25,2628.HK,266.89,271.08,260.99,265.27,33069972
2023-12-26,2628.HK,265.93,272.32,264.42,265.35,11741336
2023-12-27,2628.HK,259.75,263.75,259.95,260.13,68121803
2023-12-28,2628.HK,267.9,268.6,264.89,268.39,10511521
2023-12-29,2628.HK,261.89,266.02,255.94,260.15,43491867
2024-01-01,2628.HK,259.12,259.3,251.29,257.08,93980545
2024-01-02,2628.HK,258.78,263.52,250.98,257.19,15186303
2024-01-03,2628.HK,253.41,257.65,254.1,255.84,24763803
2024-01-04,2628.HK,252.8,253.55,247.08,251.65,98333066
2024-01-05,2628.HK,246.82,250.89,242.88,248.08,11852873
2024-01-08,2628.HK,244.4,247.22,242.21,244.45,81941860
2024-01-09,2628.HK,243.66,243.68,240.66,243.44,6483682
2024-01-10,2628.HK,251.2,255.77,244.59,250.62,82115268
2024-01-11,2628.HK,253.03,257.09,245.73,250.96,59077658
2024-01-12,2628.HK,257.59,257.93,254.09,255.47,1938037
2024-01-15,2628.HK,254.91,263.33,255.62,257.46,79108741
2024-01-16,2628.HK,264.07,262.74,255.78,261.81,90468767
2024-01-17,2628.HK,249.25,256.01,247.34,250.87,9236174
2024-01-18,2628.HK,248.7,253.67,248.67,249.78,71046310
2024-01-19,2628.HK,255.34,258.51,249.36,254.72,12805246
2024-01-22,2628.HK,252.13,252.81,246.61,252.59,43815854
2024-01-23,2628.HK,258.9,259.66,256.12,259.32,55418741
2024-01-24,2628.HK,262.9,272.64,257.98,265.14,85628580
2024-01-25,2628.HK,260.7,270.3,255.58,263.33,76023391
2024-01-26,2628.HK,260.67,267.18,256.7,261.39,8019884
2024-01-29,2628.HK,258.85,258.02,256.87,257.47,6046429
2024-01-30,2628.HK,254.99,260.62,250.45,255.09,22506113
2024-01-31,2628.HK,251.72,256.32,249.85,250.43,38240345
2024-02-01,2628.HK,252.12,254.83,246.47,252.09,75352263
2024-02-02,2628.HK,245.84,249.8,242.22,246.63,71553461
2024-02-05,2628.HK,250.99,253.89,244.97,248.91,78141306
2024-02-06,2628.HK,252.02,251.77,244.49,251.31,4753777
2024-02-07,2628.HK,244.89,251.17,240.05,245.1,39031858
2024-02-08,2628.HK,252.9,257.14,248.32,250.84,27413574
2024-02-09,2628.HK,250.89,252.95,246.05,252.83,29967047
2024-02-12,2628.HK,255.99,256.21,249.09,255.72,18926989
2024-02-13,2628.HK,253.53,257.53,249.45,252.86,25799641
2024-02-14,2628.HK,254.62,256.01,249.35,255.27,89872817
2024-02-15,2628.HK,262.13,264.68,258.99,259.64,64631448
2024-02-16,2628.HK,256.88,267.06,252.3,259.31,68581538
2024-02-19,2628.HK,265.82,270.28,264.31,267.14,44212247
2024-02-20,2628.HK,266.04,270.06,262.09,267.37,95973066
2024-02-21,2628.HK,273.63,275.74,265.47,272.0,81290594
2024-02-22,2628.HK,271.38,274.98,268.05,273.25,88154471
2024-02-23,2628.HK,273.68,276.72,271.52,275.71,28364643
2024-02-26,2628.HK,269.22,272.49,264.29,268.85,12085324
2024-02-27,2628.HK,268.46,277.06,269.47,270.4,24233669
2024-02-28,2628.HK,265.41,267.9,264.33,267.47,71819968
2024-02-29,2628.HK,263.46,269.52,261.86,264.13,93598885
2024-03-01,2628.HK,268.73,272.66,263.52,271.09,86931399
2024-03-04,2628.HK,271.86,274.94,262.85,270.28,28057923
2024-03-05,2628.HK,265.19,270.74,260.34,266.27,8223026
2024-03-06,2628.HK,266.11,267.26,260.53,264.88,13638996
2024-03-07,2628.HK,261.34,264.18,259.0,259.77,50051684
2024-03-08,2628.HK,267.75,272.51,262.04,265.41,93455450
2024-03-11,2628.HK,261.76,265.57,255.17,262.69,59330889
2024-03-12,2628.HK,266.01,270.98,258.08,264.83,44971748
2024-03-13,2628.HK,268.52,275.64,263.44,270.27,90512204
2024-03-14,2628.HK,266.85,270.64,267.1,268.3,46388293
2024-03-15,2628.HK,267.92,274.51,263.06,270.49,98549127
2024-03-18,2628.HK,266.84,268.42,262.88,266.37,8609843
2024-03-19,2628.HK,277.85,283.86,275.15,276.19,34834002
2024-03-20,2628.HK,279.15,280.42,277.2,280.13,53955573
2024-03-21,2628.HK,279.15,286.98,272.4,279.37,1956960
2024-03-22,2628.HK,273.83,278.04,268.18,276.19,50781527
2024-03-25,2628.HK,274.75,277.27,273.71,275.77,21240681
2024-03-26,2628.HK,275.45,277.3,270.4,274.42,93452836
2024-03-27,2628.HK,279.9,286.76,281.28,282.52,59209450
2024-03-28,2628.HK,276.14,280.69,274.72,277.38,89190377
2024-03-29,2628.HK,275.44,278.59,272.37,278.0,24045188
2023-04-14,0883.HK,134.89,135.03,134.63,134.85,15234732
2023-04-17,0883.HK,134.75,134.01,132.97,133.68,16044290
2023-04-18,0883.HK,131.76,135.86,130.12,132.99,71735119
2023-04-19,0883.HK,132.3,132.59,131.89,132.16,45779103
2023-04-20,0883.HK,134.32,135.7,132.11,133.69,30974585
2023-04-21,0883.HK,134.26,137.27,132.8,135.07,39621208
2023-04-24,0883.HK,132.44,134.72,128.21,131.99,34535704
2023-04-25,0883.HK,130.61,131.22,127.84,130.84,6112537
2023-04-26,0883.HK,134.64,136.27,129.67,133.32,3004688
2023-04-27,0883.HK,134.52,135.7,133.08,133.94,92424127
2023-04-28,0883.HK,134.9,135.39,133.75,134.63,95625362
2023-05-01,0883.HK,135.36,137.91,132.46,135.14,38771241
2023-05-02,0883.HK,135.27,138.39,133.14,134.64,79194942
2023-05-03,0883.HK,133.7,135.44,132.69,134.58,18478865
2023-05-04,0883.HK,134.16,134.97,132.96,133.8,81002924
2023-05-05,0883.HK,135.44,136.28,134.1,135.54,99285914
2023-05-08,0883.HK,135.09,134.91,130.79,134.76,32715835
2023-05-09,0883.HK,133.74,137.85,133.94,134.56,26603258
2023-05-10,0883.HK,135.6,137.04,135.7,136.07,50762284
2023-05-11,0883.HK,135.86,137.12,133.93,135.43,39199682
2023-05-12,0883.HK,134.88,137.89,133.66,135.32,30059267
2023-05-15,0883.HK,133.67,136.1,132.25,134.62,63239749
2023-05-16,0883.HK,135.58,134.61,131.41,134.46,20177878
2023-05-17,0883.HK,133.84,135.56,132.75,133.83,24999175
2023-05-18,0883.HK,133.04,136.31,132.43,132.79,95919675
2023-05-19,0883.HK,132.12,134.97,128.38,131.4,20560513
2023-05-22,0883.HK,129.79,133.87,130.84,131.09,19506599
2023-05-23,0883.HK,133.48,136.1,132.83,133.12,65039162
2023-05-24,0883.HK,135.65,135.78,131.77,134.39,54758238
2023-05-25,0883.HK,130.93,131.24,130.18,131.23,75419987
2023-05-26,0883.HK,131.06,131.76,128.55,130.41,36637378
2023-05-29,0883.HK,127.94,131.37,125.8,129.19,8924091
2023-05-30,0883.HK,126.83,126.23,126.03,126.19,52010281
2023-05-31,0883.HK,127.96,126.96,125.15,126.74,35583376
2023-06-01,0883.HK,127.45,127.95,123.77,126.58,85897759
2023-06-02,0883.HK,130.12,130.51,128.06,130.45,65797704
2023-06-05,0883.HK,129.18,131.5,126.14,129.82,59221186
2023-06-06,0883.HK,128.99,129.92,126.1,128.33,9739967
2023-06-07,0883.HK,125.92,127.27,124.71,126.68,53396298
2023-06-08,0883.HK,126.97,126.12,124.33,125.84,53123354
2023-06-09,0883.HK,127.03,130.31,123.96,126.98,5036554
2023-06-12,0883.HK,128.79,129.68,124.57,128.35,25886026
2023-06-13,0883.HK,133.5,136.49,130.68,134.01,41892380
2023-06-14,0883.HK,131.57,133.43,131.51,131.61,5504919
2023-06-15,0883.HK,133.0,134.11,131.0,131.81,43608869
2023-06-16,0883.HK,130.36,133.92,130.08,130.48,24630199
2023-06-19,0883.HK,130.41,133.15,130.8,131.19,32913154
2023-06-20,0883.HK,134.35,136.79,133.05,133.94,56828521
2023-06-21,0883.HK,135.44,139.64,134.12,135.7,73127955
2023-06-22,0883.HK,132.86,135.95,130.3,133.27,25264594
2023-06-23,0883.HK,135.24,136.77,133.39,134.67,27674410
2023-06-26,0883.HK,130.68,132.16,128.85,130.42,29797093
2023-06-27,0883.HK,126.34,128.84,123.0,125.79,30761435
2023-06-28,0883.HK,125.75,127.97,124.24,125.35,68587151
2023-06-29,0883.HK,126.25,128.02,123.69,126.52,16526536
2023-06-30,0883.HK,127.7,127.56,126.97,127.21,82841944
2023-07-03,0883.HK,131.81,134.43,128.55,130.87,84823371
2023-07-04,0883.HK,130.22,131.2,130.27,131.11,8404868
2023-07-05,0883.HK,132.21,133.58,129.96,130.93,25334581
2023-07-06,0883.HK,133.69,133.4,132.57,133.22,17792785
2023-07-07,0883.HK,133.02,133.39,128.8,132.5,48667874
2023-07-10,0883.HK,132.42,136.22,130.25,133.3,34904783
2023-07-11,0883.HK,134.41,135.37,131.72,134.23,81746555
2023-07-12,0883.HK,131.45,132.62,129.63,132.3,43013299
2023-07-13,0883.HK,133.2,134.58,132.25,133.09,4892629
2023-07-14,0883.HK,137.29,139.06,136.03,137.48,96661348
2023-07-17,0883.HK,139.88,143.99,136.92,139.85,4055945
2023-07-18,0883.HK,137.2,139.76,135.29,138.12,10608358
2023-07-19,0883.HK,142.8,144.44,139.23,142.99,30315595
2023-07-20,0883.HK,145.62,145.81,143.26,144.5,61592660
2023-07-21,0883.HK,145.23,146.49,142.69,145.45,59618614
2023-07-24,0883.HK,144.83,146.2,141.41,145.26,88096926
2023-07-25,0883.HK,146.61,149.53,144.54,146.78,87384085
2023-07-26,0883.HK,147.19,149.18,146.72,147.06,72249270
2023-07-27,0883.HK,145.99,147.91,146.19,147.13,83749280
2023-07-28,0883.HK,147.0,149.31,145.24,146.86,44472461
2023-07-31,0883.HK,149.58,149.52,148.87,149.04,75265327
2023-08-01,0883.HK,151.39,152.43,147.2,151.0,41524953
2023-08-02,0883.HK,151.18,153.55,147.9,150.69,61715352
2023-08-03,0883.HK,148.21,147.4,144.86,147.29,76096967
2023-08-04,0883.HK,147.53,150.28,145.26,147.4,99195579
2023-08-07,0883.HK,144.54,147.99,141.86,145.84,16818770
2023-08-08,0883.HK,144.49,145.51,144.67,144.83,94732187
2023-08-09,0883.HK,144.11,147.36,142.57,144.59,81743111
2023-08-10,0883.HK,142.68,142.32,141.31,142.32,74937964
2023-08-11,0883.HK,138.94,142.67,138.53,138.91,52867255
2023-08-14,0883.HK,139.85,143.72,136.61,139.54,33137106
2023-08-15,0883.HK,138.74,143.38,138.56,139.63,11458642
2023-08-16,0883.HK,140.98,142.7,139.01,139.63,5766928
2023-08-17,0883.HK,140.74,143.68,138.8,140.73,66998099
2023-08-18,0883.HK,140.25,140.93,138.73,139.37,17128694
2023-08-21,0883.HK,139.45,140.27,137.42,140.09,38611044
2023-08-22,0883.HK,143.8,145.73,140.51,142.93,65559283
2023-08-23,0883.HK,141.14,143.18,140.82,142.41,64495315
2023-08-24,0883.HK,147.3,148.27,145.28,146.5,68714052
2023-08-25,0883.HK,147.99,147.58,144.66,146.64,60574679
2023-08-28,0883.HK,146.23,145.66,142.72,144.79,35272345
2023-08-29,0883.HK,146.74,147.69,142.47,146.66,57683979
2023-08-30,0883.HK,145.97,147.25,143.48,146.45,5878739
2023-08-31,0883.HK,150.13,151.38,147.96,148.79,42888701
2023-09-01,0883.HK,150.95,151.91,147.83,149.74,49687604
2023-09-04,0883.HK,149.73,151.57,145.78,149.03,15408413
2023-09-05,0883.HK,152.79,154.7,148.33,152.46,40166129
2023-09-06,0883.HK,151.4,155.11,147.16,151.35,35501039
2023-09-07,0883.HK,147.41,149.31,143.35,146.47,84688177
2023-09-08,0883.HK,148.41,150.65,148.33,148.43,94764533
2023-09-11,0883.HK,148.82,149.87,146.22,149.24,4017842
2023-09-12,0883.HK,150.68,153.95,151.87,152.14,87264376
2023-09-13,0883.HK,150.19,152.71,145.68,150.16,22334614
2023-09-14,0883.HK,148.21,153.02,145.8,149.63,87035663
2023-09-15,0883.HK,149.28,149.88,145.09,148.86,63134845
2023-09-18,0883.HK,152.18,154.22,148.02,150.97,59150975
2023-09-19,0883.HK,151.9,157.04,151.33,152.47,61823782
2023-09-20,0883.HK,152.76,155.83,149.97,153.0,3857619
2023-09-21,0883.HK,153.21,157.82,151.81,153.53,9311614
2023-09-22,0883.HK,152.08,152.13,147.49,150.91,30412005
2023-09-25,0883.HK,152.92,155.18,150.35,152.68,72036149
2023-09-26,0883.HK,153.96,158.15,150.7,154.52,78479458
2023-09-27,0883.HK,160.39,163.14,157.38,159.86,67033151
2023-09-28,0883.HK,159.67,165.14,156.46,161.02,15725409
2023-09-29,0883.HK,162.83,166.19,158.08,162.58,92155716
2023-10-02,0883.HK,165.33,166.76,161.23,163.78,74398102
2023-10-03,0883.HK,161.55,164.5,161.7,162.1,95609887
2023-10-04,0883.HK,166.58,166.47,161.37,165.17,30468786
2023-10-05,0883.HK,164.87,166.62,161.97,165.07,62443058
2023-10-06,0883.HK,165.49,168.26,163.71,164.62,4186255
2023-10-09,0883.HK,162.84,168.21,162.02,164.32,58235926
2023-10-10,0883.HK,162.72,165.45,162.41,164.19,86059007
2023-10-11,0883.HK,164.39,165.48,160.81,163.03,83471913
2023-10-12,0883.HK,163.71,166.12,163.12,163.59,79203339
2023-10-13,0883.HK,164.72,164.45,161.05,163.38,84404740
2023-10-16,0883.HK,161.7,166.86,158.98,162.97,81003756
2023-10-17,0883.HK,164.57,165.15,161.61,164.2,68508611
2023-10-18,0883.HK,164.86,166.53,163.92,164.42,52407078
2023-10-19,0883.HK,163.11,163.39,162.71,163.09,18534540
2023-10-20,0883.HK,161.34,165.14,157.46,161.25,53209955
2023-10-23,0883.HK,160.68,165.2,159.41,161.52,85741610
2023-10-24,0883.HK,161.01,162.85,158.43,159.74,55372789
2023-10-25,0883.HK,157.45,160.88,157.38,157.82,42251357
2023-10-26,0883.HK,155.36,157.76,153.3,155.94,8282541
2023-10-27,0883.HK,156.56,158.89,154.64,156.57,36919183
2023-10-30,0883.HK,159.76,163.6,159.19,159.4,58777609
2023-10-31,0883.HK,158.8,164.93,158.85,160.27,34260401
2023-11-01,0883.HK,161.29,163.13,158.38,162.43,5511679
2023-11-02,0883.HK,163.6,164.93,160.83,162.29,82982742
2023-11-03,0883.HK,163.62,166.98,162.51,162.67,44467990
2023-11-06,0883.HK,168.24,170.36,162.09,166.74,68496529
2023-11-07,0883.HK,169.48,173.43,165.67,168.85,58906238
2023-11-08,0883.HK,169.58,172.96,166.43,171.25,52665424
2023-11-09,0883.HK,171.69,171.66,168.19,170.61,21196855
2023-11-10,0883.HK,169.33,173.24,165.91,170.63,59148108
2023-11-13,0883.HK,170.09,172.25,169.38,171.7,59549333
2023-11-14,0883.HK,168.57,173.1,169.35,170.17,72509301
2023-11-15,0883.HK,162.96,167.09,162.56,164.17,4685888
2023-11-16,0883.HK,166.36,169.68,164.44,165.18,82638515
2023-11-17,0883.HK,168.42,170.78,165.98,167.6,80833134
2023-11-20,0883.HK,168.32,169.42,164.63,167.77,89808689
2023-11-21,0883.HK,164.7,169.79,166.08,166.31,70916588
2023-11-22,0883.HK,167.15,168.93,160.72,165.51,82873978
2023-11-23,0883.HK,159.82,162.66,157.2,160.51,27586856
2023-11-24,0883.HK,159.52,161.56,157.98,159.74,81501968
2023-11-27,0883.HK,156.46,158.11,155.53,157.1,67361686
2023-11-28,0883.HK,156.73,155.56,154.8,155.48,52579215
2023-11-29,0883.HK,153.17,153.22,150.2,152.8,23502938
2023-11-30,0883.HK,149.15,152.16,149.05,149.89,74634312
2023-12-01,0883.HK,147.93,150.05,145.13,147.66,97298287
2023-12-04,0883.HK,149.27,150.23,145.65,149.09,61523950
2023-12-05,0883.HK,148.05,148.02,147.23,147.98,70708113
2023-12-06,0883.HK,146.03,145.85,142.77,145.55,93602843
2023-12-07,0883.HK,148.3,148.49,143.51,147.23,45459707
2023-12-08,0883.HK,147.12,150.56,147.4,147.54,36937143
2023-12-11,0883.HK,141.1,146.18,138.23,142.34,95323823
2023-12-12,0883.HK,144.97,148.58,141.03,144.5,5029279
2023-12-13,0883.HK,144.65,146.64,141.78,144.68,95807990
2023-12-14,0883.HK,147.33,149.29,142.71,146.38,73698017
2023-12-15,0883.HK,146.58,147.78,145.59,145.92,17530810
2023-12-18,0883.HK,148.76,149.74,148.54,149.46,62554179
2023-12-19,0883.HK,148.08,149.36,144.35,148.63,17507811
2023-12-20,0883.HK,142.65,143.84,139.61,142.79,87682060
2023-12-21,0883.HK,140.95,143.99,136.83,140.91,37151172
2023-12-22,0883.HK,141.94,142.79,138.25,142.0,87160074
2023-12-25,0883.HK,143.62,142.7,139.59,142.37,95870277
2023-12-26,0883.HK,140.95,144.88,142.01,142.13,97844143
2023-12-27,0883.HK,139.98,140.74,136.71,140.06,89070538
2023-12-28,0883.HK,141.28,142.68,139.14,140.13,74253193
2023-12-29,0883.HK,140.58,143.6,138.8,140.12,53866228
2024-01-01,0883.HK,139.36,143.23,137.89,140.1,30184376
2024-01-02,0883.HK,142.11,144.21,140.99,141.26,17378722
2024-01-03,0883.HK,142.09,142.71,141.26,141.67,10850442
2024-01-04,0883.HK,141.6,144.51,138.43,141.16,95459669
2024-01-05,0883.HK,140.04,140.3,134.93,139.07,30369060
2024-01-08,0883.HK,141.31,145.72,141.79,141.93,7973558
2024-01-09,0883.HK,146.1,148.58,142.2,146.18,38372273
2024-01-10,0883.HK,149.48,152.45,148.51,150.03,70645025
2024-01-11,0883.HK,150.54,155.34,150.17,151.64,89018416
2024-01-12,0883.HK,147.71,151.82,147.26,147.86,44402523
2024-01-15,0883.HK,143.56,147.93,142.67,143.9,92896289
2024-01-16,0883.HK,143.59,145.35,138.96,142.75,29856586
2024-01-17,0883.HK,143.99,144.02,138.78,142.66,71047782
2024-01-18,0883.HK,143.15,143.7,139.48,142.48,47420405
2024-01-19,0883.HK,141.56,146.31,139.99,142.92,85522547
2024-01-22,0883.HK,140.81,142.74,137.13,139.97,52115339
2024-01-23,0883.HK,143.21,144.83,142.72,143.37,48867200
2024-01-24,0883.HK,147.61,147.1,142.86,146.63,97754710
2024-01-25,0883.HK,144.03,145.98,141.72,143.78,22311608
2024-01-26,0883.HK,140.41,140.15,138.0,139.79,57506110
2024-01-29,0883.HK,140.79,141.84,136.02,139.63,57702572
2024-01-30,0883.HK,141.14,143.18,138.17,142.31,51816064
2024-01-31,0883.HK,141.08,144.27,141.98,142.26,72256379
2024-02-01,0883.HK,141.64,143.81,141.45,142.85,89575484
2024-02-02,0883.HK,140.61,145.39,140.07,141.93,55063041
2024-02-05,0883.HK,143.58,145.47,141.63,142.27,36045561
2024-02-06,0883.HK,144.48,146.98,141.38,144.32,57454564
2024-02-07,0883.HK,144.47,145.86,142.51,145.24,74189673
2024-02-08,0883.HK,147.74,148.53,144.95,146.52,11200675
2024-02-09,0883.HK,144.05,145.33,141.95,142.9,79649678
2024-02-12,0883.HK,146.79,149.85,147.33,147.51,9873819
2024-02-13,0883.HK,144.41,148.04,140.86,143.88,86283344
2024-02-14,0883.HK,145.5,147.48,140.92,144.25,34066071
2024-02-15,0883.HK,142.62,147.54,143.3,143.95,63638320
2024-02-16,0883.HK,143.33,144.08,142.69,143.75,72926093
2024-02-19,0883.HK,146.86,148.85,144.91,145.66,74849507
2024-02-20,0883.HK,144.52,145.98,143.72,144.14,65445888
2024-02-21,0883.HK,142.94,143.59,140.18,143.23,54828946
2024-02-22,0883.HK,140.17,141.73,138.8,140.8,17812214
2024-02-23,0883.HK,144.06,145.28,141.36,143.19,15590943
2024-02-26,0883.HK,143.29,145.56,142.97,143.8,77245792
2024-02-27,0883.HK,144.39,147.88,141.9,145.2,98836468
2024-02-28,0883.HK,148.33,149.48,145.67,147.0,80341607
2024-02-29,0883.HK,152.09,154.6,151.23,151.42,60049154
2024-03-01,0883.HK,156.0,159.54,154.03,155.57,73560329
2024-03-04,0883.HK,155.53,158.1,152.36,156.36,51070778
2024-03-05,0883.HK,156.62,161.45,154.93,156.76,78858037
2024-03-06,0883.HK,155.02,159.42,153.74,155.54,70002240
2024-03-07,0883.HK,156.66,159.9,155.58,157.31,59320372
2024-03-08,0883.HK,160.33,163.29,158.87,159.01,67075372
2024-03-11,0883.HK,158.78,161.23,153.86,157.3,43316131
2024-03-12,0883.HK,158.2,159.05,155.16,159.03,1401998
2024-03-13,0883.HK,162.18,163.53,158.14,161.47,76410368
2024-03-14,0883.HK,159.84,163.43,157.08,158.78,46691366
2024-03-15,0883.HK,158.65,160.33,155.51,159.27,41509748
2024-03-18,0883.HK,160.71,159.14,155.31,159.14,19650905
2024-03-19,0883.HK,159.85,160.84,156.57,159.16,15713788
2024-03-20,0883.HK,156.62,157.4,154.72,156.92,10695898
2024-03-21,0883.HK,153.54,155.24,151.39,152.65,42433122
2024-03-22,0883.HK,150.59,151.4,148.79,150.95,51935714
2024-03-25,0883.HK,148.86,152.26,148.2,148.95,75328177
2024-03-26,0883.HK,148.71,152.57,145.64,149.77,69767606
2024-03-27,0883.HK,150.28,151.23,150.01,150.63,61786825
2024-03-28,0883.HK,150.93,151.51,149.27,151.37,92399361
2024-03-29,0883.HK,148.51,152.55,144.39,148.23,57262205
2023-04-14,0857.HK,392.74,394.71,386.27,393.43,73659709
2023-04-17,0857.HK,391.53,391.19,380.75,388.26,16242138
2023-04-18,0857.HK,390.14,399.85,384.47,388.66,62090576
2023-04-19,0857.HK,399.75,400.39,396.09,399.33,60602904
2023-04-20,0857.HK,408.79,418.47,404.84,407.48,78310609
2023-04-21,0857.HK,416.64,425.38,407.93,413.11,11779279
2023-04-24,0857.HK,417.79,428.01,405.93,418.13,6631856
2023-04-25,0857.HK,418.94,431.87,416.27,422.6,37520896
2023-04-26,0857.HK,426.64,439.48,421.27,430.03,27267082
2023-04-27,0857.HK,428.47,434.33,419.0,427.17,64507259
2023-04-28,0857.HK,416.66,428.55,408.89,418.57,16724931
2023-05-01,0857.HK,421.46,427.99,408.81,419.09,12508329
2023-05-02,0857.HK,416.84,423.68,405.68,414.03,66161543
2023-05-03,0857.HK,404.5,413.76,395.57,407.56,39768586
2023-05-04,0857.HK,399.81,408.99,396.25,403.24,44994117
2023-05-05,0857.HK,414.55,422.89,415.3,418.36,37522522
2023-05-08,0857.HK,421.1,423.94,412.04,419.29,56825319
2023-05-09,0857.HK,425.45,423.03,409.42,421.65,61187761
2023-05-10,0857.HK,417.72,426.3,407.6,414.01,47340080
2023-05-11,0857.HK,403.81,409.35,398.22,402.64,87525943
2023-05-12,0857.HK,399.73,403.7,391.35,397.77,64320573
2023-05-15,0857.HK,406.07,412.02,394.44,406.43,18232349
2023-05-16,0857.HK,408.46,418.64,399.71,408.55,52741699
2023-05-17,0857.HK,411.02,413.6,411.79,412.3,85612713
2023-05-18,0857.HK,413.44,425.96,408.79,416.95,99490130
2023-05-19,0857.HK,411.7,416.3,407.98,413.34,83677490
2023-05-22,0857.HK,419.43,431.01,410.14,422.03,91974539
2023-05-23,0857.HK,414.6,429.57,411.72,418.1,45361020
2023-05-24,0857.HK,431.05,439.69,422.53,427.01,13584809
2023-05-25,0857.HK,429.98,436.75,423.66,429.93,57379692
2023-05-26,0857.HK,414.45,427.4,414.86,418.47,12431507
2023-05-29,0857.HK,414.44,420.92,409.92,413.86,9454371
2023-05-30,0857.HK,403.88,406.26,396.91,402.86,77559031
2023-05-31,0857.HK,411.66,411.44,404.95,409.98,96942536
2023-06-01,0857.HK,407.09,420.39,406.25,409.9,77626327
2023-06-02,0857.HK,394.56,399.71,395.17,396.29,36623371
2023-06-05,0857.HK,395.11,405.78,388.13,398.6,79863027
2023-06-06,0857.HK,396.59,405.84,392.91,395.47,12099251
2023-06-07,0857.HK,385.82,395.73,379.98,386.74,97264182
2023-06-08,0857.HK,398.42,396.74,395.13,396.56,10979673
2023-06-09,0857.HK,394.42,406.03,395.66,397.27,54098613
2023-06-12,0857.HK,393.93,399.77,387.8,395.6,33341132
2023-06-13,0857.HK,391.29,400.5,392.14,393.31,31401158
2023-06-14,0857.HK,382.05,394.14,381.49,384.46,93152866
2023-06-15,0857.HK,374.49,378.65,371.83,377.02,61828931
2023-06-16,0857.HK,384.21,391.27,374.91,384.36,48481761
2023-06-19,0857.HK,382.91,386.66,378.03,381.7,45667936
2023-06-20,0857.HK,380.64,385.38,375.16,381.91,3285872
2023-06-21,0857.HK,371.52,379.66,363.1,370.27,5557280
2023-06-22,0857.HK,366.56,365.9,353.51,363.02,37605498
2023-06-23,0857.HK,368.17,369.65,361.74,366.42,42140439
2023-06-26,0857.HK,365.75,372.22,365.53,368.57,61588385
2023-06-27,0857.HK,375.46,380.19,374.26,378.33,81528126
2023-06-28,0857.HK,384.87,392.93,376.43,386.03,31826257
2023-06-29,0857.HK,381.08,393.64,377.86,384.77,81796431
2023-06-30,0857.HK,389.19,397.22,379.27,387.58,19325764
2023-07-03,0857.HK,389.46,394.12,383.9,385.82,2300203
2023-07-04,0857.HK,396.63,406.65,386.78,397.79,57166653
2023-07-05,0857.HK,404.15,404.93,395.44,404.72,29194406
2023-07-06,0857.HK,402.68,413.52,396.61,405.83,28484330
2023-07-07,0857.HK,410.38,412.84,399.71,407.13,72663232
2023-07-10,0857.HK,419.45,416.35,409.15,416.04,61467354
2023-07-11,0857.HK,418.22,429.46,419.38,419.74,94399309
2023-07-12,0857.HK,427.62,432.55,429.09,429.64,46404220
2023-07-13,0857.HK,413.16,424.4,406.66,415.58,27457450
2023-07-14,0857.HK,421.72,420.58,406.79,418.54,27649457
2023-07-17,0857.HK,416.28,416.92,408.81,415.39,63106373
2023-07-18,0857.HK,429.39,429.36,424.08,426.42,24255719
2023-07-19,0857.HK,437.94,442.03,424.8,436.39,71712082
2023-07-20,0857.HK,434.23,439.01,428.29,436.7,65675734
2023-07-21,0857.HK,444.46,449.3,433.57,446.84,47692666
2023-07-24,0857.HK,458.23,462.1,445.86,458.88,43496331
2023-07-25,0857.HK,462.14,469.35,457.57,459.49,1948686
2023-07-26,0857.HK,481.06,481.5,476.48,476.62,26009326
2023-07-27,0857.HK,476.22,481.55,467.28,476.49,84385927
2023-07-28,0857.HK,477.39,489.19,469.54,475.05,46862403
2023-07-31,0857.HK,477.37,495.7,474.84,481.31,70347269
2023-08-01,0857.HK,477.96,486.72,478.03,478.86,17475524
2023-08-02,0857.HK,477.57,481.75,476.58,479.57,7142480
2023-08-03,0857.HK,485.7,494.19,482.66,489.8,41221205
2023-08-04,0857.HK,485.58,504.12,489.35,490.04,28656276
2023-08-07,0857.HK,479.89,485.97,466.75,477.68,26954983
2023-08-08,0857.HK,480.32,486.45,470.19,480.41,80943648
2023-08-09,0857.HK,475.31,484.82,463.92,475.48,53817258
2023-08-10,0857.HK,480.0,489.36,478.58,481.75,77122407
2023-08-11,0857.HK,485.46,497.02,486.02,486.88,62941263
2023-08-14,0857.HK,494.22,507.87,484.36,497.72,87338930
2023-08-15,0857.HK,504.76,510.43,490.32,504.6,38697589
2023-08-16,0857.HK,517.08,513.27,504.86,512.95,93184651
2023-08-17,0857.HK,506.83,514.43,501.48,507.9,46830796
2023-08-18,0857.HK,510.72,514.42,508.11,514.13,92159852
2023-08-21,0857.HK,525.25,532.76,519.41,529.41,81065480
2023-08-22,0857.HK,521.63,537.92,509.19,524.05,94154705
2023-08-23,0857.HK,538.96,548.94,528.09,538.3,78417434
2023-08-24,0857.HK,530.41,534.76,524.29,533.97,85515875
2023-08-25,0857.HK,529.95,535.44,520.49,527.26,13859389
2023-08-28,0857.HK,533.31,542.21,524.25,529.71,47152912
2023-08-29,0857.HK,540.47,549.62,529.79,535.5,37808298
2023-08-30,0857.HK,544.21,552.3,533.06,542.93,31360723
2023-08-31,0857.HK,534.21,544.42,526.02,535.21,27093874
2023-09-01,0857.HK,541.61,547.39,523.73,538.8,37463334
2023-09-04,0857.HK,537.47,545.45,522.54,533.37,93880132
2023-09-05,0857.HK,517.15,536.6,509.76,521.56,1900323
2023-09-06,0857.HK,513.72,519.94,507.29,514.4,79880513
2023-09-07,0857.HK,512.19,514.83,500.01,508.71,15669595
2023-09-08,0857.HK,508.15,522.66,498.4,512.79,73649181
2023-09-11,0857.HK,522.17,524.87,514.55,521.76,19116773
2023-09-12,0857.HK,509.71,522.57,502.09,510.33,15721232
2023-09-13,0857.HK,515.43,516.0,509.1,513.13,48455876
2023-09-14,0857.HK,503.71,517.05,499.77,504.17,4258168
2023-09-15,0857.HK,506.96,522.33,494.04,509.03,54980091
2023-09-18,0857.HK,506.68,513.79,500.76,504.38,72843493
2023-09-19,0857.HK,498.43,508.76,491.25,496.53,40839430
2023-09-20,0857.HK,502.3,513.39,500.72,502.58,27949661
2023-09-21,0857.HK,496.68,512.17,491.96,498.26,18717219
2023-09-22,0857.HK,497.62,510.74,493.37,496.0,74828372
2023-09-25,0857.HK,476.78,492.18,472.76,479.58,89039712
2023-09-26,0857.HK,484.83,487.39,478.84,486.48,27713922
2023-09-27,0857.HK,494.69,506.71,488.0,492.57,88806459
2023-09-28,0857.HK,492.25,504.12,490.39,492.71,71376687
2023-09-29,0857.HK,481.59,490.56,477.19,481.52,26055355
2023-10-02,0857.HK,493.39,504.33,482.48,490.35,70405651
2023-10-03,0857.HK,487.85,495.19,478.95,485.55,88283147
2023-10-04,0857.HK,481.85,483.23,480.09,482.34,67724145
2023-10-05,0857.HK,502.65,501.24,484.65,499.17,93503079
2023-10-06,0857.HK,490.52,506.0,491.38,494.0,71161814
2023-10-09,0857.HK,495.91,509.6,497.93,499.6,43127632
2023-10-10,0857.HK,503.04,510.6,490.04,503.91,89310531
2023-10-11,0857.HK,510.7,522.14,500.65,506.96,75367972
2023-10-12,0857.HK,506.18,519.4,503.85,509.21,90219664
2023-10-13,0857.HK,515.57,526.6,510.17,512.18,87000695
2023-10-16,0857.HK,509.89,527.43,508.32,514.37,38664000
2023-10-17,0857.HK,509.52,524.53,503.72,514.08,47309850
2023-10-18,0857.HK,527.74,540.22,523.08,525.83,45609115
2023-10-19,0857.HK,514.43,519.29,505.88,515.58,11993592
2023-10-20,0857.HK,528.52,532.6,509.89,523.59,35927794
2023-10-23,0857.HK,530.65,538.63,514.81,530.15,95133262
2023-10-24,0857.HK,533.4,536.07,520.96,535.81,58439295
2023-10-25,0857.HK,540.95,545.58,534.75,544.89,62653358
2023-10-26,0857.HK,540.02,549.36,534.74,544.25,16786549
2023-10-27,0857.HK,529.16,530.45,513.96,529.1,52463701
2023-10-30,0857.HK,525.96,530.14,519.49,528.63,91598933
2023-10-31,0857.HK,523.21,533.62,518.87,520.88,97290146
2023-11-01,0857.HK,517.97,524.67,505.45,515.26,18982680
2023-11-02,0857.HK,507.65,520.86,497.68,505.76,72644257
2023-11-03,0857.HK,502.19,508.75,493.36,502.24,50957843
2023-11-06,0857.HK,496.52,509.03,495.97,497.85,88405645
2023-11-07,0857.HK,477.58,493.1,470.71,480.19,31621458
2023-11-08,0857.HK,487.53,489.77,471.54,485.33,37988159
2023-11-09,0857.HK,503.81,506.51,496.02,501.59,66351824
2023-11-10,0857.HK,508.62,519.88,497.64,506.25,17476775
2023-11-13,0857.HK,502.99,511.36,500.48,504.81,2299090
2023-11-14,0857.HK,502.64,516.3,499.52,504.5,73442257
2023-11-15,0857.HK,504.54,513.2,496.64,501.42,44526491
2023-11-16,0857.HK,507.05,510.77,490.18,502.19,29988472
2023-11-17,0857.HK,503.96,515.94,489.65,502.02,9152303
2023-11-20,0857.HK,499.57,509.4,485.02,495.78,38351286
2023-11-21,0857.HK,510.03,513.43,506.52,508.4,11650291
2023-11-22,0857.HK,492.56,500.27,486.51,497.16,12179732
2023-11-23,0857.HK,498.25,514.01,490.01,502.61,91478297
2023-11-24,0857.HK,500.63,512.05,490.29,501.95,24791954
2023-11-27,0857.HK,517.14,525.05,512.78,516.36,76023517
2023-11-28,0857.HK,520.88,526.1,517.4,519.11,62635270
2023-11-29,0857.HK,521.47,529.1,501.6,516.41,32738796
2023-11-30,0857.HK,515.33,525.73,507.65,514.59,78826911
2023-12-01,0857.HK,512.77,517.85,500.39,515.0,57758060
2023-12-04,0857.HK,508.19,511.23,500.41,506.28,6163565
2023-12-05,0857.HK,496.54,511.09,491.07,500.56,67462069
2023-12-06,0857.HK,490.49,499.72,475.15,487.25,49142271
2023-12-07,0857.HK,482.85,491.77,477.5,480.61,23588566
2023-12-08,0857.HK,478.42,489.9,477.64,481.38,32594812
2023-12-11,0857.HK,479.82,494.04,473.48,483.64,17469909
2023-12-12,0857.HK,466.07,473.81,463.64,469.38,36481821
2023-12-13,0857.HK,464.02,469.87,458.54,468.51,66310743
2023-12-14,0857.HK,468.77,480.51,460.08,472.56,21949917
2023-12-15,0857.HK,468.41,472.45,466.85,471.5,46876951
2023-12-18,0857.HK,470.21,468.5,455.13,467.11,31339315
2023-12-19,0857.HK,466.79,468.58,456.08,464.32,30858753
2023-12-20,0857.HK,456.78,473.63,454.41,460.64,78995485
2023-12-21,0857.HK,457.78,463.38,443.88,456.34,64630620
2023-12-22,0857.HK,454.46,463.31,452.53,457.62,78440671
2023-12-25,0857.HK,475.3,483.09,461.46,473.55,35266725
2023-12-26,0857.HK,464.08,478.47,467.7,468.36,27146928
2023-12-27,0857.HK,462.38,472.87,464.22,466.22,55645445
2023-12-28,0857.HK,461.73,479.57,463.56,465.95,14027813
2023-12-29,0857.HK,465.13,467.48,452.55,461.24,46644279
2024-01-01,0857.HK,472.07,478.21,455.7,468.93,95802832
2024-01-02,0857.HK,449.16,462.47,447.41,452.35,19565276
2024-01-03,0857.HK,445.88,460.56,441.02,448.84,65803074
2024-01-04,0857.HK,454.47,464.35,447.34,454.44,29450611
2024-01-05,0857.HK,451.29,464.18,445.3,452.52,22131483
2024-01-08,0857.HK,450.93,457.72,434.38,447.04,99895353
2024-01-09,0857.HK,451.84,452.25,439.79,450.09,69552102
2024-01-10,0857.HK,458.85,459.57,446.12,456.29,31404948
2024-01-11,0857.HK,458.73,460.19,445.52,457.83,68207544
2024-01-12,0857.HK,454.94,459.22,443.78,452.42,43772228
2024-01-15,0857.HK,454.59,468.72,452.43,455.6,21600634
2024-01-16,0857.HK,451.9,460.34,447.69,452.95,47350205
2024-01-17,0857.HK,460.94,468.65,451.3,458.1,85588509
2024-01-18,0857.HK,470.74,479.32,467.77,468.38,27380227
2024-01-19,0857.HK,448.08,462.18,447.1,450.17,92728008
2024-01-22,0857.HK,447.07,459.51,439.44,451.01,50885822
2024-01-23,0857.HK,436.33,441.05,426.34,439.36,63393642
2024-01-24,0857.HK,454.26,456.98,446.29,455.54,17725465
2024-01-25,0857.HK,456.43,456.78,443.39,452.43,84145942
2024-01-26,0857.HK,458.94,467.34,452.59,457.59,94673432
2024-01-29,0857.HK,454.76,471.01,455.12,457.44,59308286
2024-01-30,0857.HK,453.49,460.82,439.25,452.02,22583633
2024-01-31,0857.HK,449.97,453.0,437.54,445.86,76441807
2024-02-01,0857.HK,456.77,456.73,452.94,456.55,73489538
2024-02-02,0857.HK,460.09,476.48,452.4,463.19,46317187
2024-02-05,0857.HK,473.11,485.41,467.85,476.78,35964172
2024-02-06,0857.HK,480.4,477.41,474.38,477.28,57573408
2024-02-07,0857.HK,484.09,487.91,465.85,479.43,6013887
2024-02-08,0857.HK,481.27,489.66,468.24,477.61,62185215
2024-02-09,0857.HK,475.55,489.45,474.93,475.65,98400061
2024-02-12,0857.HK,471.74,481.09,457.31,468.31,83269672
2024-02-13,0857.HK,470.95,482.54,462.96,468.99,9431549
2024-02-14,0857.HK,464.44,473.08,452.69,463.53,40017224
2024-02-15,0857.HK,467.62,471.94,457.95,466.7,14175577
2024-02-16,0857.HK,472.11,478.52,453.96,467.98,76795715
2024-02-19,0857.HK,472.35,470.23,461.2,470.1,61068021
2024-02-20,0857.HK,481.55,493.25,473.69,482.0,16232433
2024-02-21,0857.HK,486.42,485.32,477.74,481.83,15172474
2024-02-22,0857.HK,485.72,493.85,475.58,487.39,45545998
2024-02-23,0857.HK,499.04,510.91,497.42,502.49,7180994
2024-02-26,0857.HK,516.24,515.28,500.53,512.44,66473634
2024-02-27,0857.HK,521.08,529.21,507.76,521.4,80767846
2024-02-28,0857.HK,520.32,521.22,509.36,519.11,81230583
2024-02-29,0857.HK,521.71,522.7,511.2,521.0,25026745
2024-03-01,0857.HK,510.98,523.72,502.16,510.8,43900861
2024-03-04,0857.HK,518.9,523.62,508.03,514.73,26929079
2024-03-05,0857.HK,518.06,525.88,507.59,516.95,99078861
2024-03-06,0857.HK,521.18,528.86,510.05,517.23,46743920
2024-03-07,0857.HK,522.0,530.12,521.74,525.31,45921146
2024-03-08,0857.HK,519.84,518.18,508.28,515.89,65049602
2024-03-11,0857.HK,528.83,542.75,528.48,528.65,12467631
2024-03-12,0857.HK,531.94,538.0,530.78,535.9,37894933
2024-03-13,0857.HK,537.94,541.96,529.46,535.44,77215942
2024-03-14,0857.HK,534.87,543.01,519.74,534.36,41667392
2024-03-15,0857.HK,538.81,545.78,536.71,538.32,90746532
2024-03-18,0857.HK,554.25,556.9,546.03,550.7,40133557
2024-03-19,0857.HK,548.7,557.33,536.28,551.65,33845973
2024-03-20,0857.HK,552.52,568.81,541.57,552.96,90342900
2024-03-21,0857.HK,550.22,556.39,545.23,553.22,67578625
2024-03-22,0857.HK,562.94,571.88,558.84,568.11,33769429
2024-03-25,0857.HK,567.49,573.75,550.85,565.08,89552072
2024-03-26,0857.HK,562.61,577.34,561.22,564.95,96352612
2024-03-27,0857.HK,577.45,588.13,565.94,577.46,68139750
2024-03-28,0857.HK,578.43,586.45,576.34,578.85,5966715
2024-03-29,0857.HK,593.34,603.89,580.12,588.84,49530082
2023-04-14,0386.HK,188.69,191.65,186.24,188.83,30762063
2023-04-17,0386.HK,191.9,194.96,188.84,191.26,12262410
2023-04-18,0386.HK,188.81,190.91,186.01,188.9,92264777
2023-04-19,0386.HK,189.75,189.9,186.63,189.82,82244169
2023-04-20,0386.HK,188.13,189.96,182.87,187.08,47043777
2023-04-21,0386.HK,186.4,191.74,184.17,186.16,69732228
2023-04-24,0386.HK,187.1,189.12,186.08,187.13,49998300
2023-04-25,0386.HK,190.46,191.18,183.33,188.6,68575235
2023-04-26,0386.HK,188.97,192.13,187.0,190.7,74208874
2023-04-27,0386.HK,194.24,194.43,192.03,194.27,41732187
2023-04-28,0386.HK,192.44,193.69,189.16,190.83,22667980
2023-05-01,0386.HK,191.93,195.06,190.38,190.93,4348342
2023-05-02,0386.HK,188.34,192.38,183.42,188.54,41649802
2023-05-03,0386.HK,189.1,189.9,187.36,187.45,6627067
2023-05-04,0386.HK,186.17,188.59,182.59,185.36,97113892
2023-05-05,0386.HK,185.41,191.81,185.06,186.79,26640611
2023-05-08,0386.HK,191.3,192.22,188.72,189.78,39494815
2023-05-09,0386.HK,194.32,196.65,187.99,192.97,65316653
2023-05-10,0386.HK,188.63,192.15,185.08,189.81,3179595
2023-05-11,0386.HK,188.4,192.54,186.55,189.49,50648212
2023-05-12,0386.HK,185.37,190.14,184.66,186.31,36438814
2023-05-15,0386.HK,184.48,186.63,181.51,183.09,28456651
2023-05-16,0386.HK,179.5,186.01,180.34,181.31,13195996
2023-05-17,0386.HK,181.82,185.89,180.37,182.28,86174683
2023-05-18,0386.HK,182.41,186.1,178.76,183.73,39569929
2023-05-19,0386.HK,183.77,190.57,182.94,185.57,85130423
2023-05-22,0386.HK,185.61,188.54,183.1,187.26,39282457
2023-05-23,0386.HK,186.03,187.06,180.5,184.91,7434035
2023-05-24,0386.HK,186.65,192.52,185.1,188.23,72891931
2023-05-25,0386.HK,191.23,191.31,185.64,190.54,75778859
2023-05-26,0386.HK,190.23,191.54,184.15,189.4,2197704
2023-05-29,0386.HK,187.57,188.42,184.02,188.37,42530573
2023-05-30,0386.HK,185.14,187.13,185.97,186.55,58961532
2023-05-31,0386.HK,184.56,184.87,181.2,182.97,21264475
2023-06-01,0386.HK,185.27,185.55,179.3,184.84,93221648
2023-06-02,0386.HK,187.36,192.36,183.41,187.15,33450820
2023-06-05,0386.HK,184.22,188.5,182.19,184.59,92610135
2023-06-06,0386.HK,179.5,185.07,177.57,181.22,18843131
2023-06-07,0386.HK,178.74,181.41,174.08,178.71,20987709
2023-06-08,0386.HK,178.71,181.23,175.37,179.04,15705969
2023-06-09,0386.HK,173.62,180.47,175.06,175.36,48881387
2023-06-12,0386.HK,180.13,181.97,173.38,178.36,12654101
2023-06-13,0386.HK,182.76,184.68,180.4,181.26,89928695
2023-06-14,0386.HK,182.26,182.71,178.0,182.45,7590622
2023-06-15,0386.HK,183.55,186.97,179.81,184.7,17506591
2023-06-16,0386.HK,184.7,186.79,181.95,184.9,43488030
2023-06-19,0386.HK,186.76,191.46,181.24,186.23,10826754
2023-06-20,0386.HK,183.92,185.41,181.35,182.63,22326768
2023-06-21,0386.HK,187.7,191.65,184.44,186.48,11482023
2023-06-22,0386.HK,186.61,189.55,183.77,185.15,4636090
2023-06-23,0386.HK,185.94,185.6,180.52,184.83,58136348
2023-06-26,0386.HK,190.86,195.57,189.51,191.76,11706810
2023-06-27,0386.HK,191.76,196.47,186.36,191.17,60109140
2023-06-28,0386.HK,192.72,195.99,189.19,193.33,36058932
2023-06-29,0386.HK,193.02,200.6,192.66,194.86,50569853
2023-06-30,0386.HK,190.56,194.09,187.45,191.0,36630884
2023-07-03,0386.HK,188.04,189.73,183.55,188.17,56103983
2023-07-04,0386.HK,195.29,194.85,188.33,193.96,25434362
2023-07-05,0386.HK,197.56,200.55,193.31,195.68,92995642
2023-07-06,0386.HK,195.46,201.44,191.54,195.67,24790269
2023-07-07,0386.HK,194.68,196.34,191.96,194.14,31194556
2023-07-10,0386.HK,195.57,196.72,189.56,195.11,91301454
2023-07-11,0386.HK,197.87,202.08,194.69,196.36,68589396
2023-07-12,0386.HK,197.3,197.82,192.28,197.07,29657499
2023-07-13,0386.HK,201.83,201.31,199.81,200.27,52755787
2023-07-14,0386.HK,198.56,198.36,193.37,197.71,95893342
2023-07-17,0386.HK,193.87,196.51,190.09,194.78,13778292
2023-07-18,0386.HK,196.81,201.68,194.63,197.86,55821827
2023-07-19,0386.HK,202.63,209.09,202.85,204.17,3137401
2023-07-20,0386.HK,206.31,207.22,205.51,206.8,73989698
2023-07-21,0386.HK,212.56,212.36,207.42,210.86,19264299
2023-07-24,0386.HK,210.13,213.97,204.69,210.67,71772170
2023-07-25,0386.HK,211.73,216.81,206.93,211.55,90428789
2023-07-26,0386.HK,214.51,218.25,210.98,212.4,81424511
2023-07-27,0386.HK,212.57,213.47,210.2,212.26,71562547
2023-07-28,0386.HK,218.9,220.32,212.06,216.8,68683579
2023-07-31,0386.HK,222.58,221.64,216.01,220.47,54646214
2023-08-01,0386.HK,217.75,219.34,214.83,219.19,86671709
2023-08-02,0386.HK,211.87,216.58,212.3,213.83,95365077
2023-08-03,0386.HK,215.74,216.37,213.35,213.67,4506478
2023-08-04,0386.HK,211.04,214.06,205.28,210.01,51224531
2023-08-07,0386.HK,208.57,215.62,206.08,210.12,62978402
2023-08-08,0386.HK,205.36,208.05,206.72,206.77,75555553
2023-08-09,0386.HK,212.66,212.58,205.43,210.71,50803777
2023-08-10,0386.HK,212.9,214.04,211.21,212.92,36815975
2023-08-11,0386.HK,213.72,217.21,212.25,215.07,72920622
2023-08-14,0386.HK,218.49,222.02,212.93,218.57,91554401
2023-08-15,0386.HK,221.78,224.41,213.42,219.9,54170347
2023-08-16,0386.HK,222.32,228.36,221.72,221.75,85903512
2023-08-17,0386.HK,224.59,233.04,223.93,226.56,80287790
2023-08-18,0386.HK,225.73,228.32,222.51,226.15,15540576
2023-08-21,0386.HK,227.6,234.12,221.66,228.25,15936926
2023-08-22,0386.HK,223.0,227.4,224.67,224.69,18162435
2023-08-23,0386.HK,223.4,231.18,224.2,225.0,4191796
2023-08-24,0386.HK,233.84,237.25,231.05,232.67,49955743
2023-08-25,0386.HK,237.88,235.87,230.15,235.56,40258052
2023-08-28,0386.HK,235.07,241.81,232.2,235.3,5465988
2023-08-29,0386.HK,235.85,239.24,236.04,236.28,60320512
2023-08-30,0386.HK,236.9,241.31,234.63,236.26,63870055
2023-08-31,0386.HK,235.88,243.34,235.22,237.13,74445178
2023-09-01,0386.HK,238.09,241.43,234.55,235.75,95189146
2023-09-04,0386.HK,235.89,241.1,234.56,237.55,33598297
2023-09-05,0386.HK,241.11,244.97,237.48,239.49,99717794
2023-09-06,0386.HK,238.41,244.85,236.34,239.56,31985929
2023-09-07,0386.HK,238.48,246.56,237.2,240.11,82668449
2023-09-08,0386.HK,241.61,242.98,236.59,241.39,38772345
2023-09-11,0386.HK,241.79,239.57,239.42,239.53,98065701
2023-09-12,0386.HK,243.71,244.77,241.05,241.32,40164319
2023-09-13,0386.HK,241.88,245.83,243.79,244.19,2362704
2023-09-14,0386.HK,249.83,250.17,244.26,249.6,9721192
2023-09-15,0386.HK,252.65,255.29,250.11,250.85,69146966
2023-09-18,0386.HK,251.15,252.61,246.11,248.81,58054573
2023-09-19,0386.HK,248.39,254.78,245.82,248.47,80329914
2023-09-20,0386.HK,245.66,245.66,241.7,244.26,20765153
2023-09-21,0386.HK,247.39,251.99,246.95,246.97,4023655
2023-09-22,0386.HK,237.44,239.95,235.07,239.39,82337247
2023-09-25,0386.HK,244.79,248.5,242.37,243.12,32963134
2023-09-26,0386.HK,245.31,247.78,246.25,247.35,73313193
2023-09-27,0386.HK,237.46,238.93,232.12,236.52,95853239
2023-09-28,0386.HK,238.99,246.69,236.1,241.09,4866407
2023-09-29,0386.HK,246.05,247.29,242.82,244.86,71057783
2023-10-02,0386.HK,244.01,249.53,240.78,243.84,29377048
2023-10-03,0386.HK,240.65,243.76,232.44,239.53,90262773
2023-10-04,0386.HK,236.78,242.73,235.74,236.57,45051699
2023-10-05,0386.HK,233.96,236.84,230.06,233.92,89619568
2023-10-06,0386.HK,239.96,239.49,235.8,238.59,99594757
2023-10-09,0386.HK,237.48,242.62,235.39,237.03,35681435
2023-10-10,0386.HK,239.68,245.52,236.69,240.3,57486500
2023-10-11,0386.HK,240.92,245.49,234.65,239.9,15532582
2023-10-12,0386.HK,239.14,243.8,235.4,240.14,57267913
2023-10-13,0386.HK,232.44,238.12,230.08,234.53,53932008
2023-10-16,0386.HK,230.18,232.51,229.88,230.54,19291733
2023-10-17,0386.HK,235.91,241.58,231.81,235.06,87764440
2023-10-18,0386.HK,232.8,238.03,230.74,234.56,1803761
2023-10-19,0386.HK,235.39,238.27,233.33,235.66,93894648
2023-10-20,0386.HK,240.09,244.47,238.06,242.09,46063352
2023-10-23,0386.HK,243.01,244.89,234.63,241.68,71300305
2023-10-24,0386.HK,242.92,244.78,238.03,241.06,17130707
2023-10-25,0386.HK,244.1,247.2,241.28,245.47,92886376
2023-10-26,0386.HK,245.67,246.98,240.16,245.56,39017487
2023-10-27,0386.HK,247.4,250.05,242.29,246.79,56908131
2023-10-30,0386.HK,249.24,251.12,243.2,250.53,25874657
2023-10-31,0386.HK,248.54,253.11,248.87,250.58,71913138
2023-11-01,0386.HK,254.15,260.08,248.13,253.59,88620321
2023-11-02,0386.HK,252.69,256.25,248.69,253.2,10711342
2023-11-03,0386.HK,259.42,258.05,251.9,256.98,32610731
2023-11-06,0386.HK,256.45,259.84,251.24,258.65,29948044
2023-11-07,0386.HK,259.72,260.46,251.05,257.83,64923692
2023-11-08,0386.HK,260.73,259.97,252.59,258.17,97212858
2023-11-09,0386.HK,247.16,252.57,243.08,248.76,93302837
2023-11-10,0386.HK,255.7,259.45,248.05,253.26,40945260
2023-11-13,0386.HK,247.26,255.19,247.91,248.55,42468195
2023-11-14,0386.HK,245.37,245.82,240.46,244.61,63518411
2023-11-15,0386.HK,242.49,245.66,235.77,243.05,80625052
2023-11-16,0386.HK,238.4,243.44,234.57,236.56,55330438
2023-11-17,0386.HK,237.17,245.41,235.34,238.27,68434253
2023-11-20,0386.HK,240.48,245.68,232.49,239.61,22804447
2023-11-21,0386.HK,238.69,244.3,235.66,237.91,41935637
2023-11-22,0386.HK,234.88,240.75,233.71,235.53,61098741
2023-11-23,0386.HK,232.16,239.6,230.0,233.13,79258743
2023-11-24,0386.HK,233.98,237.76,234.44,235.33,5960595
2023-11-27,0386.HK,229.81,233.07,228.04,229.75,28907483
2023-11-28,0386.HK,227.1,234.73,225.45,228.39,11364267
2023-11-29,0386.HK,221.82,229.88,217.81,223.19,61437075
2023-11-30,0386.HK,225.45,231.81,224.15,225.81,60098188
2023-12-01,0386.HK,222.52,230.65,220.97,224.72,93226187
2023-12-04,0386.HK,226.58,231.32,220.28,226.6,74770013
2023-12-05,0386.HK,230.15,233.33,224.79,230.9,15538857
2023-12-06,0386.HK,233.85,237.65,234.57,235.33,37457763
2023-12-07,0386.HK,232.81,232.34,228.93,231.77,48707231
2023-12-08,0386.HK,235.12,238.8,229.08,232.89,77739133
2023-12-11,0386.HK,235.4,240.85,230.28,236.86,35460814
2023-12-12,0386.HK,238.06,244.54,235.72,239.38,75355977
2023-12-13,0386.HK,242.35,242.91,240.36,242.28,83489697
2023-12-14,0386.HK,237.75,239.9,234.1,235.85,75452389
2023-12-15,0386.HK,236.66,239.48,231.66,238.3,32671449
2023-12-18,0386.HK,235.39,242.57,231.5,235.52,72898016
2023-12-19,0386.HK,238.83,239.37,231.19,237.91,55054668
2023-12-20,0386.HK,241.22,247.45,235.63,240.26,89740091
2023-12-21,0386.HK,241.86,247.44,239.51,242.43,6244900
2023-12-22,0386.HK,240.03,242.23,237.51,242.08,74834303
2023-12-25,0386.HK,245.29,251.39,241.63,246.9,79902269
2023-12-26,0386.HK,250.33,254.63,245.29,248.84,29172104
2023-12-27,0386.HK,251.64,251.49,244.76,250.09,19210822
2023-12-28,0386.HK,247.5,251.71,244.07,246.64,42144545
2023-12-29,0386.HK,246.17,254.93,244.49,248.15,41290247
2024-01-01,0386.HK,256.02,257.04,248.92,255.57,41146996
2024-01-02,0386.HK,248.92,252.12,249.48,250.29,53545158
2024-01-03,0386.HK,253.0,258.31,252.71,253.08,12107657
2024-01-04,0386.HK,258.09,260.87,249.81,256.38,30417782
2024-01-05,0386.HK,262.97,268.52,257.09,263.07,53953002
2024-01-08,0386.HK,266.97,269.56,264.89,265.98,87076451
2024-01-09,0386.HK,265.92,273.85,258.7,266.08,1332875
2024-01-10,0386.HK,267.18,272.65,264.84,267.82,48168127
2024-01-11,0386.HK,264.79,268.16,265.61,266.8,86923202
2024-01-12,0386.HK,272.67,277.14,268.45,271.73,21089662
2024-01-15,0386.HK,265.09,271.01,261.78,265.47,2839453
2024-01-16,0386.HK,265.97,270.26,257.73,263.58,62029434
2024-01-17,0386.HK,267.64,266.16,261.44,265.4,46168059
2024-01-18,0386.HK,269.63,276.88,265.09,270.11,7302669
2024-01-19,0386.HK,267.76,270.46,265.32,270.11,72122221
2024-01-22,0386.HK,265.41,272.17,264.49,266.99,26265010
2024-01-23,0386.HK,266.74,271.67,261.94,266.2,34334943
2024-01-24,0386.HK,265.42,272.56,260.24,264.79,39781774
2024-01-25,0386.HK,263.38,264.17,260.04,263.57,33541041
2024-01-26,0386.HK,259.92,265.56,254.07,261.9,40776739
2024-01-29,0386.HK,258.19,260.43,258.87,260.25,91708631
2024-01-30,0386.HK,252.12,257.7,248.11,253.6,49864166
2024-01-31,0386.HK,254.47,256.85,252.5,254.79,13522604
2024-02-01,0386.HK,255.12,263.35,254.84,257.42,50354086
2024-02-02,0386.HK,263.09,267.19,258.81,263.26,39896337
2024-02-05,0386.HK,266.71,270.94,264.24,266.71,71409508
2024-02-06,0386.HK,269.34,273.35,264.93,270.0,54117041
2024-02-07,0386.HK,271.0,278.49,268.78,271.25,89966981
2024-02-08,0386.HK,265.24,271.83,261.25,264.14,96391463
2024-02-09,0386.HK,263.48,265.72,261.95,265.3,98365827
2024-02-12,0386.HK,265.36,267.49,261.98,265.8,65231063
2024-02-13,0386.HK,268.96,275.75,269.76,269.96,89799349
2024-02-14,0386.HK,271.17,274.98,267.18,272.31,40060725
2024-02-15,0386.HK,269.66,278.05,266.66,271.83,88102177
2024-02-16,0386.HK,282.26,280.08,279.78,279.87,71292250
2024-02-19,0386.HK,283.61,286.8,279.4,283.49,33137847
2024-02-20,0386.HK,285.69,285.79,281.75,284.99,28259140
2024-02-21,0386.HK,284.23,291.75,283.37,287.0,43230331
2024-02-22,0386.HK,284.86,295.02,283.97,287.32,12455616
2024-02-23,0386.HK,287.51,291.73,279.34,287.44,61079110
2024-02-26,0386.HK,279.86,284.4,271.49,278.15,86366960
2024-02-27,0386.HK,273.52,282.17,266.74,274.38,49134660
2024-02-28,0386.HK,272.74,274.23,270.34,272.21,63062672
2024-02-29,0386.HK,271.46,279.11,269.92,274.11,20406890
2024-03-01,0386.HK,270.02,274.57,261.69,267.37,54566021
2024-03-04,0386.HK,264.36,271.51,264.78,265.33,36524032
2024-03-05,0386.HK,264.41,266.73,258.04,262.8,93903763
2024-03-06,0386.HK,263.37,267.01,260.73,263.31,26862185
2024-03-07,0386.HK,264.23,272.57,262.6,265.16,82837077
2024-03-08,0386.HK,261.44,266.93,262.42,262.64,32551686
2024-03-11,0386.HK,258.66,264.42,255.65,260.43,16798146
2024-03-12,0386.HK,259.83,265.49,254.49,257.83,77693000
2024-03-13,0386.HK,258.21,261.76,249.02,256.37,16605788
2024-03-14,0386.HK,254.03,256.3,250.89,256.22,39843240
2024-03-15,0386.HK,259.98,261.84,257.64,261.33,28058612
2024-03-18,0386.HK,258.94,257.48,256.2,257.41,95520614
2024-03-19,0386.HK,265.37,270.04,263.7,264.23,21698057
2024-03-20,0386.HK,261.95,265.41,257.26,259.39,36747967
2024-03-21,0386.HK,263.4,268.32,260.16,263.15,70793479
2024-03-22,0386.HK,259.15,264.12,256.89,261.33,26802300
2024-03-25,0386.HK,256.12,258.88,252.91,257.81,49850728
2024-03-26,0386.HK,260.66,270.42,261.1,262.95,73354325
2024-03-27,0386.HK,261.61,268.1,259.61,263.33,98264415
2024-03-28,0386.HK,264.86,268.11,262.37,263.55,16354332
2024-03-29,0386.HK,259.97,267.95,255.41,262.51,12427930
2023-04-14,1088.HK,372.9,374.5,367.71,370.43,44504785
2023-04-17,1088.HK,377.0,385.84,366.31,374.86,86371819
2023-04-18,1088.HK,367.97,376.08,363.24,367.08,42971001
2023-04-19,1088.HK,363.81,366.57,360.71,365.8,99042283
2023-04-20,1088.HK,370.68,372.55,367.01,368.93,77129416
2023-04-21,1088.HK,365.8,367.57,357.69,367.41,87853312
2023-04-24,1088.HK,368.81,369.59,358.49,366.34,79493633
2023-04-25,1088.HK,368.86,374.21,361.33,365.66,25024463
2023-04-26,1088.HK,361.33,363.68,359.07,361.15,39309146
2023-04-27,1088.HK,370.03,371.79,365.64,367.58,33998463
2023-04-28,1088.HK,361.61,368.73,351.94,362.04,94872499
2023-05-01,1088.HK,364.38,369.38,362.09,363.84,86710510
2023-05-02,1088.HK,366.33,376.36,355.9,366.17,12209353
2023-05-03,1088.HK,361.73,364.87,355.23,361.03,33479842
2023-05-04,1088.HK,360.81,370.42,357.09,361.5,99737110
2023-05-05,1088.HK,358.69,359.57,348.77,356.64,34253928
2023-05-08,1088.HK,366.65,364.45,355.74,364.15,90586923
2023-05-09,1088.HK,359.01,360.44,349.62,358.01,86399192
2023-05-10,1088.HK,357.36,357.29,348.4,354.57,83624978
2023-05-11,1088.HK,350.01,356.63,343.1,348.13,91243355
2023-05-12,1088.HK,339.92,342.71,338.13,341.11,54396087
2023-05-15,1088.HK,351.79,350.17,347.68,349.32,30036170
2023-05-16,1088.HK,353.32,352.65,348.11,352.23,72009897
2023-05-17,1088.HK,352.12,355.32,348.15,353.04,83485889
2023-05-18,1088.HK,348.4,352.28,342.07,349.64,94964083
2023-05-19,1088.HK,353.47,354.5,352.14,354.47,70228204
2023-05-22,1088.HK,347.55,360.5,346.04,350.15,50577169
2023-05-23,1088.HK,353.56,363.95,346.35,354.39,29291121
2023-05-24,1088.HK,347.18,357.79,345.58,349.83,61297550
2023-05-25,1088.HK,344.56,353.28,344.08,346.51,36430964
2023-05-26,1088.HK,352.64,354.19,347.98,350.52,4339280
2023-05-29,1088.HK,355.5,365.47,354.94,355.14,28893505
2023-05-30,1088.HK,357.97,359.07,357.03,358.39,57288643
2023-05-31,1088.HK,352.01,354.01,352.26,352.82,53491685
2023-06-01,1088.HK,349.0,354.21,342.86,350.53,60579171
2023-06-02,1088.HK,354.44,360.45,345.73,351.42,82823436
2023-06-05,1088.HK,346.48,349.64,346.84,347.01,31084869
2023-06-06,1088.HK,352.97,364.74,345.02,354.22,76292864
2023-06-07,1088.HK,344.5,346.77,331.31,341.53,38130835
2023-06-08,1088.HK,334.98,341.82,335.48,337.61,44432443
2023-06-09,1088.HK,334.64,340.69,330.89,335.09,85773334
2023-06-12,1088.HK,319.64,328.78,316.69,320.87,30752425
2023-06-13,1088.HK,312.92,317.61,310.65,314.21,23850361
2023-06-14,1088.HK,319.89,322.69,316.46,317.22,5594031
2023-06-15,1088.HK,316.43,317.64,310.5,317.43,86338640
2023-06-16,1088.HK,321.97,329.23,316.38,324.98,42267225
2023-06-19,1088.HK,334.83,338.8,329.95,332.58,35561307
2023-06-20,1088.HK,337.78,341.93,329.0,334.81,43220015
2023-06-21,1088.HK,339.26,342.26,333.48,336.45,42286487
2023-06-22,1088.HK,334.98,344.16,332.88,336.85,50632945
2023-06-23,1088.HK,324.3,325.52,321.5,323.5,94868117
2023-06-26,1088.HK,319.27,319.85,311.15,316.8,81031827
2023-06-27,1088.HK,317.94,322.55,316.64,317.34,54066471
2023-06-28,1088.HK,320.43,320.74,311.39,320.33,1734610
2023-06-29,1088.HK,324.45,325.73,316.66,321.79,84693307
2023-06-30,1088.HK,318.24,323.35,310.84,317.55,83556929
2023-07-03,1088.HK,319.92,322.59,314.26,322.07,27505984
2023-07-04,1088.HK,327.87,335.92,321.57,329.3,67989172
2023-07-05,1088.HK,331.27,335.47,329.08,334.0,92267684
2023-07-06,1088.HK,341.46,348.88,335.47,339.02,67905671
2023-07-07,1088.HK,337.09,342.53,327.64,336.25,54830156
2023-07-10,1088.HK,340.96,346.28,336.86,341.74,13711221
2023-07-11,1088.HK,341.6,343.21,342.35,342.56,12734274
2023-07-12,1088.HK,343.59,354.49,339.9,345.25,14428082
2023-07-13,1088.HK,346.41,348.42,338.89,347.22,6150954
2023-07-14,1088.HK,346.22,355.04,342.35,346.65,61028185
2023-07-17,1088.HK,340.2,345.78,340.66,342.25,9697762
2023-07-18,1088.HK,344.34,346.86,340.23,341.9,32482635
2023-07-19,1088.HK,345.91,354.85,344.79,347.03,23734823
2023-07-20,1088.HK,348.06,345.67,335.16,344.8,59954917
2023-07-21,1088.HK,351.04,359.56,343.25,349.49,3503849
2023-07-24,1088.HK,354.15,356.49,347.41,353.42,49358478
2023-07-25,1088.HK,348.84,357.04,345.85,351.91,71541882
2023-07-26,1088.HK,360.35,361.3,350.75,359.31,25849611
2023-07-27,1088.HK,355.17,364.51,357.4,357.46,65558725
2023-07-28,1088.HK,366.41,370.13,358.09,365.63,91196301
2023-07-31,1088.HK,371.54,373.57,360.25,368.08,77242098
2023-08-01,1088.HK,365.36,376.52,366.07,368.07,13365490
2023-08-02,1088.HK,366.71,373.98,362.55,363.24,50107446
2023-08-03,1088.HK,360.99,369.17,356.52,362.83,21388915
2023-08-04,1088.HK,361.24,369.0,351.71,361.8,34008382
2023-08-07,1088.HK,351.62,363.02,351.21,355.04,7204541
2023-08-08,1088.HK,357.24,354.19,349.6,353.95,77860378
2023-08-09,1088.HK,351.77,350.12,348.77,349.76,91926715
2023-08-10,1088.HK,353.33,358.0,342.79,352.9,56633460
2023-08-11,1088.HK,359.23,368.23,353.45,359.89,68674502
2023-08-14,1088.HK,350.52,354.74,344.21,353.33,5507024
2023-08-15,1088.HK,362.78,371.11,358.24,362.48,57920533
2023-08-16,1088.HK,363.16,365.54,354.93,361.85,32112739
2023-08-17,1088.HK,358.15,358.36,346.07,356.63,60023448
2023-08-18,1088.HK,363.95,367.35,358.41,360.76,67606280
2023-08-21,1088.HK,358.4,366.14,356.52,358.41,23248432
2023-08-22,1088.HK,356.87,360.45,352.16,358.05,88621390
2023-08-23,1088.HK,354.85,359.95,354.46,355.95,52022058
2023-08-24,1088.HK,351.91,360.74,346.28,351.66,68474195
2023-08-25,1088.HK,352.6,357.45,349.19,355.55,49989067
2023-08-28,1088.HK,357.39,364.4,352.51,354.09,32244284
2023-08-29,1088.HK,349.75,353.7,340.22,346.53,70465816
2023-08-30,1088.HK,346.09,351.0,347.68,349.47,64911790
2023-08-31,1088.HK,342.28,348.37,342.24,343.22,63526232
2023-09-01,1088.HK,336.66,338.56,330.2,337.35,97855683
2023-09-04,1088.HK,343.02,348.31,338.28,343.45,88526298
2023-09-05,1088.HK,338.06,344.38,331.18,337.35,3879674
2023-09-06,1088.HK,328.51,334.97,325.2,325.7,94425021
2023-09-07,1088.HK,330.88,335.56,327.27,328.81,60454077
2023-09-08,1088.HK,324.98,331.22,327.09,327.38,35762643
2023-09-11,1088.HK,328.77,327.28,319.85,326.37,35744379
2023-09-12,1088.HK,321.98,326.06,317.03,324.9,83943743
2023-09-13,1088.HK,323.24,329.01,316.41,326.09,69867146
2023-09-14,1088.HK,323.25,328.71,316.42,322.48,21618514
2023-09-15,1088.HK,331.13,337.7,321.16,329.68,49196113
2023-09-18,1088.HK,320.82,324.07,319.88,322.45,54271596
2023-09-19,1088.HK,322.82,327.68,324.34,324.66,85019276
2023-09-20,1088.HK,330.34,332.38,324.15,327.85,38300006
2023-09-21,1088.HK,321.45,328.08,320.23,324.18,29427282
2023-09-22,1088.HK,321.49,320.72,313.21,319.27,13365486
2023-09-25,1088.HK,323.59,324.59,317.13,324.21,40672790
2023-09-26,1088.HK,319.31,324.66,312.5,319.45,52781092
2023-09-27,1088.HK,316.67,319.61,315.0,316.61,55018471
2023-09-28,1088.HK,319.81,330.01,319.39,320.89,98276193
2023-09-29,1088.HK,322.35,324.76,314.19,321.12,66668466
2023-10-02,1088.HK,315.53,318.4,311.41,312.52,33581239
2023-10-03,1088.HK,320.18,329.5,318.44,320.78,98159621
2023-10-04,1088.HK,320.04,322.57,313.81,318.29,90151033
2023-10-05,1088.HK,316.76,318.86,311.07,316.43,52115282
2023-10-06,1088.HK,315.15,324.8,309.22,317.71,41086853
2023-10-09,1088.HK,322.71,325.25,319.23,320.75,34846250
2023-10-10,1088.HK,333.27,332.33,320.72,330.25,87370227
2023-10-11,1088.HK,323.72,324.34,321.95,322.09,50725732
2023-10-12,1088.HK,329.09,331.09,320.98,326.15,45464715
2023-10-13,1088.HK,328.76,335.13,324.43,329.85,4637940
2023-10-16,1088.HK,327.66,331.34,327.93,329.24,60288127
2023-10-17,1088.HK,334.95,342.75,329.63,333.19,98278389
2023-10-18,1088.HK,336.65,339.81,331.88,337.93,47609142
2023-10-19,1088.HK,333.61,336.55,323.96,330.99,74520794
2023-10-20,1088.HK,339.78,341.39,335.43,339.74,91228059
2023-10-23,1088.HK,334.14,337.71,325.66,331.87,9610896
2023-10-24,1088.HK,326.08,333.64,320.02,326.28,24309235
2023-10-25,1088.HK,327.87,333.08,321.54,325.07,14541551
2023-10-26,1088.HK,332.14,335.55,330.67,334.52,12440716
2023-10-27,1088.HK,335.32,342.96,326.71,333.04,45913314
2023-10-30,1088.HK,334.35,342.3,331.89,332.94,6701591
2023-10-31,1088.HK,337.91,347.86,336.99,340.16,14188640
2023-11-01,1088.HK,338.71,346.63,330.76,338.7,87257475
2023-11-02,1088.HK,329.8,340.59,328.94,332.78,32204735
2023-11-03,1088.HK,332.22,338.53,330.11,330.76,37409692
2023-11-06,1088.HK,338.89,343.73,332.82,337.63,89151230
2023-11-07,1088.HK,334.7,340.92,333.37,338.06,18651032
2023-11-08,1088.HK,350.75,354.67,342.46,347.91,81655474
2023-11-09,1088.HK,351.49,357.73,341.31,351.83,37204352
2023-11-10,1088.HK,345.98,355.71,343.05,348.5,30873998
2023-11-13,1088.HK,348.61,351.03,348.05,348.84,6343290
2023-11-14,1088.HK,346.96,349.73,340.51,344.44,30957956
2023-11-15,1088.HK,344.24,343.94,336.85,341.06,99348253
2023-11-16,1088.HK,366.82,369.9,363.94,364.04,70435616
2023-11-17,1088.HK,367.52,374.17,362.3,369.68,35057357
2023-11-20,1088.HK,376.48,381.09,363.72,374.53,87867399
2023-11-21,1088.HK,369.59,382.2,370.59,371.1,94112540
2023-11-22,1088.HK,382.27,382.43,374.58,379.91,23205960
2023-11-23,1088.HK,384.4,393.33,375.14,386.25,96976398
2023-11-24,1088.HK,400.56,401.77,391.46,397.23,47145822
2023-11-27,1088.HK,411.35,416.67,399.39,408.23,45237284
2023-11-28,1088.HK,398.69,410.75,389.38,399.26,9868057
2023-11-29,1088.HK,395.68,403.25,391.18,392.69,51586714
2023-11-30,1088.HK,388.09,393.39,376.06,386.86,59987654
2023-12-01,1088.HK,377.75,385.18,380.68,381.46,31100481
2023-12-04,1088.HK,386.76,386.26,375.5,383.38,63212342
2023-12-05,1088.HK,382.19,385.92,378.86,380.2,4983801
2023-12-06,1088.HK,395.41,394.41,390.73,392.1,40685454
2023-12-07,1088.HK,406.06,411.51,393.4,403.38,91886709
2023-12-08,1088.HK,401.37,406.37,401.17,403.42,11481452
2023-12-11,1088.HK,413.02,421.61,413.22,415.33,15600913
2023-12-12,1088.HK,425.09,433.75,422.91,424.69,93620990
2023-12-13,1088.HK,424.3,430.16,414.73,421.9,12098905
2023-12-14,1088.HK,410.99,421.46,406.04,409.27,2654398
2023-12-15,1088.HK,407.98,415.54,404.21,408.01,72252857
2023-12-18,1088.HK,404.62,406.86,403.45,404.15,69969980
2023-12-19,1088.HK,403.35,409.4,404.53,405.48,88861033
2023-12-20,1088.HK,405.33,406.57,394.51,406.11,29107910
2023-12-21,1088.HK,407.62,413.7,402.1,406.57,72011014
2023-12-22,1088.HK,405.9,411.14,401.97,409.85,16331139
2023-12-25,1088.HK,399.05,410.21,400.24,402.47,75510039
2023-12-26,1088.HK,407.61,413.13,401.82,405.04,27906098
2023-12-27,1088.HK,406.42,404.66,392.96,402.45,29603261
2023-12-28,1088.HK,407.57,415.71,401.25,403.73,63276702
2023-12-29,1088.HK,409.78,421.54,405.87,409.61,94528282
2024-01-01,1088.HK,400.7,406.2,400.42,402.17,15835637
2024-01-02,1088.HK,404.13,406.65,399.67,400.56,34342486
2024-01-03,1088.HK,401.65,405.72,395.45,399.92,50932876
2024-01-04,1088.HK,400.63,405.16,388.0,396.92,91058015
2024-01-05,1088.HK,400.7,406.84,391.52,402.36,90096685
2024-01-08,1088.HK,396.39,401.18,397.14,398.09,80747159
2024-01-09,1088.HK,392.02,403.96,393.82,394.85,8772610
2024-01-10,1088.HK,393.27,397.14,386.85,390.73,49792579
2024-01-11,1088.HK,398.78,397.61,394.38,397.2,4301026
2024-01-12,1088.HK,394.0,396.14,392.26,394.35,32052430
2024-01-15,1088.HK,396.79,402.26,394.44,397.15,48633291
2024-01-16,1088.HK,411.36,409.9,399.08,409.0,55601890
2024-01-17,1088.HK,412.28,409.54,396.89,408.62,16498516
2024-01-18,1088.HK,416.69,420.49,413.35,415.52,8121381
2024-01-19,1088.HK,423.43,429.85,421.25,426.02,68832096
2024-01-22,1088.HK,429.42,444.92,424.12,432.67,71603707
2024-01-23,1088.HK,432.86,435.54,430.65,432.65,82005564
2024-01-24,1088.HK,435.99,444.62,427.17,436.9,69295311
2024-01-25,1088.HK,426.91,439.4,418.49,428.55,2465538
2024-01-26,1088.HK,421.66,426.05,417.37,423.62,21166625
2024-01-29,1088.HK,422.08,422.91,416.17,419.87,58268621
2024-01-30,1088.HK,438.28,447.08,432.36,434.06,76238353
2024-01-31,1088.HK,427.88,438.55,428.3,428.86,3314379
2024-02-01,1088.HK,423.94,426.39,418.0,423.62,47178261
2024-02-02,1088.HK,417.7,423.96,416.57,417.07,55666424
2024-02-05,1088.HK,423.57,424.69,413.57,420.66,47570934
2024-02-06,1088.HK,419.77,426.44,416.56,421.64,58438588
2024-02-07,1088.HK,429.77,433.12,419.8,428.6,61550170
2024-02-08,1088.HK,429.82,436.29,420.56,433.0,8188474
2024-02-09,1088.HK,421.94,424.37,414.52,424.12,65842655
2024-02-12,1088.HK,415.39,424.56,417.98,419.07,79337198
2024-02-13,1088.HK,426.07,439.6,419.13,427.74,8179034
2024-02-14,1088.HK,430.73,437.65,419.68,426.52,66971275
2024-02-15,1088.HK,435.69,436.73,423.78,434.2,47488489
2024-02-16,1088.HK,436.88,433.44,430.48,433.31,6695151
2024-02-19,1088.HK,426.92,435.28,423.1,427.11,6789447
2024-02-20,1088.HK,424.56,432.7,413.34,425.25,14374361
2024-02-21,1088.HK,420.53,425.72,408.62,419.16,53988694
2024-02-22,1088.HK,419.12,415.88,411.23,415.69,8291393
2024-02-23,1088.HK,412.91,418.91,409.81,417.03,80432055
2024-02-26,1088.HK,418.48,428.2,412.88,420.31,24198847
2024-02-27,1088.HK,410.48,420.19,408.31,410.37,84805433
2024-02-28,1088.HK,409.02,420.11,400.64,410.34,74104085
2024-02-29,1088.HK,410.46,406.98,399.98,406.81,65129327
2024-03-01,1088.HK,404.57,405.07,402.6,402.94,61911271
2024-03-04,1088.HK,401.11,404.07,401.2,403.82,8890769
2024-03-05,1088.HK,397.69,407.48,395.8,400.57,69001824
2024-03-06,1088.HK,408.08,418.45,408.64,408.95,27838399
2024-03-07,1088.HK,418.01,427.92,412.4,416.32,68429840
2024-03-08,1088.HK,421.44,430.59,418.22,423.79,70312826
2024-03-11,1088.HK,424.91,421.15,408.93,420.72,8717056
2024-03-12,1088.HK,416.75,416.43,410.04,414.73,33142218
2024-03-13,1088.HK,414.97,418.02,413.66,415.33,59028882
2024-03-14,1088.HK,418.16,421.62,403.58,414.47,17916172
2024-03-15,1088.HK,414.79,419.71,399.06,410.77,70674319
2024-03-18,1088.HK,402.9,407.33,393.37,403.61,84150491
2024-03-19,1088.HK,399.92,406.95,395.04,403.44,16929623
2024-03-20,1088.HK,401.14,401.22,392.66,401.07,93429314
2024-03-21,1088.HK,403.76,409.68,398.89,405.3,56607644
2024-03-22,1088.HK,411.95,411.76,407.85,409.42,75997386
2024-03-25,1088.HK,418.12,417.35,404.05,416.26,59807257
2024-03-26,1088.HK,411.45,415.65,398.84,408.48,9961469
2024-03-27,1088.HK,412.66,419.92,400.82,411.02,3790841
2024-03-28,1088.HK,405.87,413.73,403.03,406.62,81184555
2024-03-29,1088.HK,400.14,400.59,395.46,399.26,98433487
2023-04-14,0001.HK,450.61,462.34,438.81,450.71,91084164
2023-04-17,0001.HK,458.9,465.43,453.25,455.74,54837735
2023-04-18,0001.HK,461.72,467.85,451.21,460.11,57317218
2023-04-19,0001.HK,461.03,469.4,453.28,463.28,13165891
2023-04-20,0001.HK,453.84,467.11,447.01,455.47,75052361
2023-04-21,0001.HK,458.12,466.99,448.87,461.11,14723485
2023-04-24,0001.HK,461.84,469.15,449.88,460.76,47967896
2023-04-25,0001.HK,468.37,467.43,451.31,465.0,65547518
2023-04-26,0001.HK,455.2,472.8,453.92,459.3,47569238
2023-04-27,0001.HK,472.27,481.07,460.03,472.93,93071886
2023-04-28,0001.HK,475.98,477.41,468.55,474.79,14192394
2023-05-01,0001.HK,467.35,480.83,466.93,471.91,58785961
2023-05-02,0001.HK,473.56,485.2,463.09,476.57,61314597
2023-05-03,0001.HK,483.33,492.29,481.29,482.8,85185452
2023-05-04,0001.HK,492.18,501.77,484.16,487.49,95685542
2023-05-05,0001.HK,483.84,490.8,466.99,480.32,5855938
2023-05-08,0001.HK,491.94,495.82,485.93,488.64,31978908
2023-05-09,0001.HK,485.22,496.43,484.98,486.21,9688385
2023-05-10,0001.HK,489.71,497.76,476.21,486.19,36166444
2023-05-11,0001.HK,465.92,470.41,462.81,470.18,10458424
2023-05-12,0001.HK,464.15,478.87,460.99,467.0,63729611
2023-05-15,0001.HK,460.9,475.33,461.97,463.8,52809431
2023-05-16,0001.HK,470.88,478.87,463.27,467.03,73673515
2023-05-17,0001.HK,459.79,467.21,450.47,463.45,1859439
2023-05-18,0001.HK,449.18,464.21,441.95,452.27,97045242
2023-05-19,0001.HK,454.89,457.24,447.16,454.01,22690387
2023-05-22,0001.HK,456.78,463.9,439.18,452.4,94829827
2023-05-23,0001.HK,449.52,448.65,443.12,447.54,65045743
2023-05-24,0001.HK,445.7,458.42,435.94,448.22,49455072
2023-05-25,0001.HK,432.07,449.02,433.09,436.34,16726355
2023-05-26,0001.HK,439.1,442.61,437.41,440.49,6830736
2023-05-29,0001.HK,442.36,451.79,435.11,439.37,22083579
2023-05-30,0001.HK,436.47,443.97,432.51,437.7,67197645
2023-05-31,0001.HK,444.52,448.72,442.59,444.04,9057813
2023-06-01,0001.HK,440.26,450.81,428.15,440.56,70828186
2023-06-02,0001.HK,445.19,451.13,429.26,442.36,18833565
2023-06-05,0001.HK,440.19,444.68,441.09,441.59,65507797
2023-06-06,0001.HK,461.1,475.89,459.38,462.98,29176113
2023-06-07,0001.HK,465.33,469.25,466.06,466.46,52212353
2023-06-08,0001.HK,462.2,463.34,456.65,458.57,6334797
2023-06-09,0001.HK,475.25,483.59,461.72,470.71,77697494
2023-06-12,0001.HK,480.58,491.1,468.23,478.17,47086480
2023-06-13,0001.HK,482.08,489.77,469.88,478.59,84726798
2023-06-14,0001.HK,471.24,486.7,464.23,475.55,29325969
2023-06-15,0001.HK,466.12,472.47,459.47,466.18,54932783
2023-06-16,0001.HK,467.7,471.75,466.02,469.28,40597638
2023-06-19,0001.HK,464.68,473.61,463.37,464.63,71047730
2023-06-20,0001.HK,454.42,470.12,458.44,458.59,47776017
2023-06-21,0001.HK,468.37,471.63,456.49,464.01,33809071
2023-06-22,0001.HK,476.35,478.13,462.11,474.86,3696473
2023-06-23,0001.HK,469.6,477.16,465.22,471.56,29982232
2023-06-26,0001.HK,481.97,481.53,469.35,477.35,11224340
2023-06-27,0001.HK,476.68,479.66,472.64,478.97,75355403
2023-06-28,0001.HK,478.71,486.96,467.43,481.64,84112683
2023-06-29,0001.HK,478.49,476.73,466.76,475.82,95573374
2023-06-30,0001.HK,473.38,481.89,465.23,474.4,60017007
2023-07-03,0001.HK,471.16,480.66,463.54,466.7,41026798
2023-07-04,0001.HK,458.18,463.13,458.03,458.23,71068270
2023-07-05,0001.HK,461.41,462.05,455.24,461.88,98408891
2023-07-06,0001.HK,458.56,460.85,444.9,458.34,36115672
2023-07-07,0001.HK,455.93,465.66,451.4,452.14,73212579
2023-07-10,0001.HK,444.55,451.9,437.89,444.03,70997881
2023-07-11,0001.HK,433.33,442.75,422.6,434.04,27303835
2023-07-12,0001.HK,424.22,432.81,415.56,421.39,4131926
2023-07-13,0001.HK,425.78,431.06,414.75,422.17,60239515
2023-07-14,0001.HK,405.05,411.28,404.24,405.62,16947340
2023-07-17,0001.HK,405.33,408.6,400.16,408.57,15593962
2023-07-18,0001.HK,409.19,411.63,401.95,411.49,33938446
2023-07-19,0001.HK,407.12,418.46,405.65,410.97,10606542
2023-07-20,0001.HK,412.29,423.83,410.82,411.5,1264428
2023-07-21,0001.HK,412.25,414.17,398.31,409.83,30302338
2023-07-24,0001.HK,409.83,417.75,407.11,411.29,75156505
2023-07-25,0001.HK,410.59,416.68,404.13,412.69,36910949
2023-07-26,0001.HK,425.04,430.65,420.52,420.83,69617994
2023-07-27,0001.HK,429.78,435.63,423.98,430.59,42270108
2023-07-28,0001.HK,443.27,446.52,431.07,440.38,77711166
2023-07-31,0001.HK,438.28,440.69,430.86,435.2,6821648
2023-08-01,0001.HK,440.49,440.83,427.41,440.23,61679560
2023-08-02,0001.HK,441.92,453.54,442.28,443.66,14799726
2023-08-03,0001.HK,441.4,446.21,427.73,439.43,65507668
2023-08-04,0001.HK,434.63,440.39,432.72,433.68,52586889
2023-08-07,0001.HK,435.54,437.9,419.87,431.31,47576653
2023-08-08,0001.HK,421.84,432.14,420.63,424.54,47375092
2023-08-09,0001.HK,412.43,421.62,404.32,415.77,68530469
2023-08-10,0001.HK,421.39,431.05,408.26,418.96,53709613
2023-08-11,0001.HK,419.81,430.85,414.56,419.25,15405454
2023-08-14,0001.HK,418.97,427.75,415.73,419.51,86444325
2023-08-15,0001.HK,422.7,437.57,413.41,425.42,98392451
2023-08-16,0001.HK,427.29,432.66,420.88,424.26,8196508
2023-08-17,0001.HK,425.69,430.94,417.86,429.63,55190742
2023-08-18,0001.HK,422.53,435.92,417.88,424.95,69855537
2023-08-21,0001.HK,421.57,424.32,410.74,420.28,34903172
2023-08-22,0001.HK,422.95,427.85,411.04,420.46,81966797
2023-08-23,0001.HK,430.05,443.02,426.62,433.92,73397748
2023-08-24,0001.HK,446.15,452.33,434.97,442.37,15946592
2023-08-25,0001.HK,452.5,455.96,437.27,449.75,72186484
2023-08-28,0001.HK,438.75,441.23,439.3,440.58,48827008
2023-08-29,0001.HK,439.69,451.12,440.12,441.63,1030400
2023-08-30,0001.HK,448.84,457.45,436.56,447.16,49472759
2023-08-31,0001.HK,457.44,471.57,459.12,461.23,11710479
2023-09-01,0001.HK,452.52,460.08,440.87,449.68,69338663
2023-09-04,0001.HK,450.15,467.41,448.56,454.7,62413547
2023-09-05,0001.HK,463.57,469.83,460.06,462.05,61360481
2023-09-06,0001.HK,469.06,473.4,453.7,465.27,91442693
2023-09-07,0001.HK,457.6,465.5,455.74,455.94,8444458
2023-09-08,0001.HK,457.11,461.05,452.69,457.76,80874356
2023-09-11,0001.HK,465.1,467.08,457.84,460.8,91788107
2023-09-12,0001.HK,463.81,465.48,456.68,462.12,97025252
2023-09-13,0001.HK,461.92,466.28,455.91,457.46,20834587
2023-09-14,0001.HK,449.71,464.93,440.28,452.0,19919537
2023-09-15,0001.HK,454.46,463.24,449.78,455.19,29905624
2023-09-18,0001.HK,454.45,463.03,442.44,450.66,43994885
2023-09-19,0001.HK,448.14,455.21,438.06,446.33,42010180
2023-09-20,0001.HK,444.13,448.63,438.25,445.49,68956979
2023-09-21,0001.HK,448.81,457.08,438.27,446.64,76698963
2023-09-22,0001.HK,449.21,460.19,450.89,453.69,63374427
2023-09-25,0001.HK,445.41,454.26,444.4,445.64,57071798
2023-09-26,0001.HK,439.7,449.94,433.22,437.08,57759250
2023-09-27,0001.HK,430.64,439.54,428.99,434.66,79923450
2023-09-28,0001.HK,422.49,435.19,413.77,423.01,74712152
2023-09-29,0001.HK,426.12,433.04,424.29,426.82,30325310
2023-10-02,0001.HK,410.8,420.6,408.28,414.14,79919609
2023-10-03,0001.HK,422.54,419.31,413.49,418.62,68446574
2023-10-04,0001.HK,429.8,437.7,421.99,425.66,52657151
2023-10-05,0001.HK,424.51,432.33,422.09,427.41,72794839
2023-10-06,0001.HK,416.71,424.49,408.47,415.58,73035101
2023-10-09,0001.HK,413.36,418.36,405.87,416.33,89195630
2023-10-10,0001.HK,407.95,421.33,401.98,411.44,47374564
2023-10-11,0001.HK,407.46,411.2,394.52,404.1,29124915
2023-10-12,0001.HK,411.12,412.92,402.64,407.69,46533287
2023-10-13,0001.HK,411.46,415.23,408.58,412.46,72105960
2023-10-16,0001.HK,418.61,430.45,418.67,420.5,92146834
2023-10-17,0001.HK,415.95,422.61,417.03,418.79,20655480
2023-10-18,0001.HK,415.78,430.92,411.47,419.95,42035254
2023-10-19,0001.HK,430.07,441.48,421.98,430.53,89335708
2023-10-20,0001.HK,445.18,451.17,435.16,444.15,25127457
2023-10-23,0001.HK,452.55,457.48,450.22,451.43,49672232
2023-10-24,0001.HK,449.26,454.77,446.31,449.15,43059080
2023-10-25,0001.HK,447.22,460.91,443.86,449.29,59559511
2023-10-26,0001.HK,449.17,457.84,438.94,448.18,4350592
2023-10-27,0001.HK,455.83,454.76,449.23,453.01,9149214
2023-10-30,0001.HK,446.42,448.38,441.12,447.53,65660441
2023-10-31,0001.HK,446.82,454.8,448.84,449.78,44796522
2023-11-01,0001.HK,454.81,464.65,451.72,452.07,89933879
2023-11-02,0001.HK,453.1,467.9,452.21,454.77,83880382
2023-11-03,0001.HK,443.54,460.7,444.9,447.88,77028782
2023-11-06,0001.HK,445.87,452.77,449.12,449.63,50567030
2023-11-07,0001.HK,460.71,473.29,449.02,461.66,42277259
2023-11-08,0001.HK,457.44,463.4,449.06,458.58,21797420
2023-11-09,0001.HK,457.45,469.31,459.35,460.46,51376312
2023-11-10,0001.HK,446.02,449.97,445.55,447.83,97177713
2023-11-13,0001.HK,448.26,453.54,444.24,449.62,77757569
2023-11-14,0001.HK,450.77,459.7,447.33,451.17,96098636
2023-11-15,0001.HK,449.02,465.57,443.81,452.05,72596814
2023-11-16,0001.HK,457.75,463.76,452.95,457.09,40179631
2023-11-17,0001.HK,451.86,461.95,448.74,455.27,20988313
2023-11-20,0001.HK,467.43,466.56,455.18,463.39,16338038
2023-11-21,0001.HK,457.68,461.57,450.34,457.35,23237074
2023-11-22,0001.HK,463.17,478.27,462.31,467.34,34733196
2023-11-23,0001.HK,464.68,481.1,457.25,468.93,93143479
2023-11-24,0001.HK,468.31,473.3,464.89,468.51,87807101
2023-11-27,0001.HK,457.36,464.15,450.75,458.55,92309983
2023-11-28,0001.HK,452.74,454.36,439.98,451.01,23806398
2023-11-29,0001.HK,451.32,456.6,448.82,453.47,12477417
2023-11-30,0001.HK,447.67,457.1,439.14,448.68,7462164
2023-12-01,0001.HK,451.66,457.19,453.23,455.47,66128487
2023-12-04,0001.HK,453.54,462.89,447.62,457.53,58225971
2023-12-05,0001.HK,448.04,454.3,438.63,447.84,14642177
2023-12-06,0001.HK,455.24,465.0,452.28,453.04,6803278
2023-12-07,0001.HK,454.2,461.88,451.31,452.03,26038544
2023-12-08,0001.HK,453.99,452.55,446.81,451.81,35733934
2023-12-11,0001.HK,461.44,470.86,450.23,458.98,53033023
2023-12-12,0001.HK,446.03,455.09,440.85,449.47,19129222
2023-12-13,0001.HK,445.46,443.94,437.15,441.98,89124121
2023-12-14,0001.HK,447.88,454.79,433.24,444.22,81925709
2023-12-15,0001.HK,431.06,444.97,429.21,432.99,78741488
2023-12-18,0001.HK,425.57,436.64,426.83,429.14,86297444
2023-12-19,0001.HK,431.41,447.79,423.02,435.52,61837349
2023-12-20,0001.HK,436.58,436.3,422.48,434.9,78706303
2023-12-21,0001.HK,425.04,427.39,422.98,426.02,85067143
2023-12-22,0001.HK,428.06,429.38,414.69,427.31,70379445
2023-12-25,0001.HK,425.23,433.1,422.42,424.8,43988549
2023-12-26,0001.HK,417.25,432.27,414.68,420.41,61914117
2023-12-27,0001.HK,446.76,455.3,437.24,442.92,30463531
2023-12-28,0001.HK,451.27,455.96,438.9,446.83,56423843
2023-12-29,0001.HK,444.27,456.88,438.11,445.02,82529309
2024-01-01,0001.HK,454.18,462.26,447.35,451.11,85632893
2024-01-02,0001.HK,448.21,450.77,447.1,449.23,50318673
2024-01-03,0001.HK,442.5,447.37,434.58,445.83,75346352
2024-01-04,0001.HK,449.81,450.66,445.86,447.92,28848184
2024-01-05,0001.HK,454.07,458.04,447.79,451.42,38757378
2024-01-08,0001.HK,456.38,469.34,444.53,457.78,97498957
2024-01-09,0001.HK,469.04,473.72,462.43,467.65,13151353
2024-01-10,0001.HK,476.21,490.14,465.15,476.07,72505531
2024-01-11,0001.HK,481.66,491.73,470.78,482.29,47576033
2024-01-12,0001.HK,494.02,492.19,483.99,489.32,57984177
2024-01-15,0001.HK,498.76,507.31,490.68,498.12,2676144
2024-01-16,0001.HK,507.55,516.01,491.04,503.52,41914044
2024-01-17,0001.HK,494.31,506.1,490.93,491.65,90036560
2024-01-18,0001.HK,492.03,509.01,493.61,495.41,38318041
2024-01-19,0001.HK,504.68,512.72,500.53,505.75,26822725
2024-01-22,0001.HK,494.99,501.87,491.36,499.76,28918254
2024-01-23,0001.HK,499.55,498.51,495.69,496.92,89637390
2024-01-24,0001.HK,500.63,507.59,483.27,496.57,44375619
2024-01-25,0001.HK,494.41,512.84,488.12,498.08,58947723
2024-01-26,0001.HK,496.8,507.68,490.41,494.04,67775874
2024-01-29,0001.HK,494.22,503.54,481.12,494.56,88508331
2024-01-30,0001.HK,498.9,499.07,497.27,498.47,49440895
2024-01-31,0001.HK,487.1,495.97,480.86,483.54,7078898
2024-02-01,0001.HK,481.72,496.89,482.71,484.17,46348817
2024-02-02,0001.HK,480.92,484.02,481.04,481.49,22100709
2024-02-05,0001.HK,466.36,478.56,458.6,469.26,93938389
2024-02-06,0001.HK,468.7,473.41,466.3,473.33,49318183
2024-02-07,0001.HK,472.43,482.69,467.24,475.63,89142623
2024-02-08,0001.HK,472.22,490.87,471.53,476.9,16032501
2024-02-09,0001.HK,477.0,489.14,470.32,481.37,30815388
2024-02-12,0001.HK,481.32,493.22,477.3,483.78,8719467
2024-02-13,0001.HK,478.78,489.88,465.33,478.52,89084158
2024-02-14,0001.HK,484.57,497.61,471.44,483.81,99362934
2024-02-15,0001.HK,491.81,498.74,483.26,490.39,3341782
2024-02-16,0001.HK,486.75,491.83,469.36,482.51,3074264
2024-02-19,0001.HK,484.58,497.91,483.31,488.98,50467061
2024-02-20,0001.HK,485.11,494.76,479.93,486.99,2922140
2024-02-21,0001.HK,489.43,492.35,490.09,491.57,72797093
2024-02-22,0001.HK,497.68,497.25,490.99,492.79,60702372
2024-02-23,0001.HK,491.15,494.9,487.75,491.61,90509934
2024-02-26,0001.HK,493.06,498.3,491.17,495.69,97720343
2024-02-27,0001.HK,495.78,497.52,484.73,493.31,39047445
2024-02-28,0001.HK,504.93,513.01,495.22,501.4,28220951
2024-02-29,0001.HK,515.34,520.88,510.41,510.86,58431586
2024-03-01,0001.HK,510.03,519.14,496.7,506.77,96438051
2024-03-04,0001.HK,500.77,517.26,505.08,505.6,34551912
2024-03-05,0001.HK,504.36,511.35,499.27,502.87,86751614
2024-03-06,0001.HK,506.84,518.18,495.36,505.8,23630118
2024-03-07,0001.HK,515.12,526.33,503.26,515.84,68354867
2024-03-08,0001.HK,501.97,515.05,488.5,503.04,67130281
2024-03-11,0001.HK,493.91,506.34,488.2,492.44,79833887
2024-03-12,0001.HK,495.9,501.88,481.44,491.92,87107606
2024-03-13,0001.HK,495.83,499.67,489.11,493.39,86901198
2024-03-14,0001.HK,491.15,500.42,476.68,486.52,42747677
2024-03-15,0001.HK,484.13,491.56,486.22,487.94,36724142
2024-03-18,0001.HK,483.78,492.26,479.45,482.61,19097202
2024-03-19,0001.HK,477.6,485.92,470.34,479.48,98307618
2024-03-20,0001.HK,491.98,495.74,486.93,488.7,35417641
2024-03-21,0001.HK,489.06,489.55,482.96,486.29,46188886
2024-03-22,0001.HK,479.95,487.72,475.08,483.75,75179998
2024-03-25,0001.HK,480.66,494.4,480.67,484.8,65738215
2024-03-26,0001.HK,495.41,495.48,486.74,492.84,94173349
2024-03-27,0001.HK,493.72,501.66,488.73,492.62,33987218
2024-03-28,0001.HK,490.56,502.03,474.1,488.6,87141191
2024-03-29,0001.HK,490.17,499.68,490.76,492.94,82567300
2023-04-14,0002.HK,450.47,456.15,439.94,452.04,55143992
2023-04-17,0002.HK,453.95,459.36,449.21,451.57,13629286
2023-04-18,0002.HK,455.73,464.66,451.88,456.31,69882844
2023-04-19,0002.HK,450.75,457.47,436.51,448.7,69835262
2023-04-20,0002.HK,461.67,473.3,455.38,459.61,68996209
2023-04-21,0002.HK,453.77,465.45,453.59,453.64,78125442
2023-04-24,0002.HK,441.66,441.72,437.06,440.67,71147595
2023-04-25,0002.HK,443.26,442.47,436.25,440.83,30276666
2023-04-26,0002.HK,454.5,455.41,447.86,452.15,30204301
2023-04-27,0002.HK,451.73,464.88,444.08,456.21,66269855
2023-04-28,0002.HK,465.37,474.86,450.87,461.45,81116069
2023-05-01,0002.HK,460.47,474.3,458.88,461.82,8318249
2023-05-02,0002.HK,460.01,465.52,457.89,460.86,41618285
2023-05-03,0002.HK,451.94,458.41,449.94,450.27,93840710
2023-05-04,0002.HK,434.47,444.55,432.88,435.1,89989689
2023-05-05,0002.HK,432.7,440.43,427.57,436.47,44010149
2023-05-08,0002.HK,442.21,451.78,440.65,445.15,50239028
2023-05-09,0002.HK,449.02,448.43,445.87,447.54,93967850
2023-05-10,0002.HK,452.88,463.76,440.04,451.81,79947443
2023-05-11,0002.HK,459.11,468.3,453.25,462.64,58973590
2023-05-12,0002.HK,463.17,473.9,456.19,465.01,86218247
2023-05-15,0002.HK,465.49,467.25,455.0,464.25,84894667
2023-05-16,0002.HK,457.6,466.01,453.81,458.64,35433155
2023-05-17,0002.HK,470.7,479.39,461.51,472.65,29136848
2023-05-18,0002.HK,472.3,480.82,466.76,476.47,96221483
2023-05-19,0002.HK,470.67,480.92,456.37,469.83,11547132
2023-05-22,0002.HK,464.57,470.3,450.46,461.67,41074745
2023-05-23,0002.HK,470.8,482.34,457.17,470.44,60075506
2023-05-24,0002.HK,465.22,476.8,460.53,463.21,28346504
2023-05-25,0002.HK,478.18,487.09,472.32,476.18,82194262
2023-05-26,0002.HK,460.28,457.94,444.33,456.59,79843598
2023-05-29,0002.HK,464.11,467.24,458.04,466.42,82167814
2023-05-30,0002.HK,466.41,479.39,455.88,469.92,11864007
2023-05-31,0002.HK,469.45,472.03,468.68,470.85,86542979
2023-06-01,0002.HK,472.11,473.12,462.99,469.71,19234664
2023-06-02,0002.HK,481.01,490.6,479.28,483.12,10370783
2023-06-05,0002.HK,486.36,501.92,479.98,488.34,93948097
2023-06-06,0002.HK,486.56,489.44,471.53,481.83,79286904
2023-06-07,0002.HK,466.3,473.05,466.47,469.5,43930946
2023-06-08,0002.HK,468.03,480.04,467.07,470.84,13382052
2023-06-09,0002.HK,468.83,474.05,462.17,470.93,76581044
2023-06-12,0002.HK,462.25,469.43,446.56,460.29,15072188
2023-06-13,0002.HK,457.45,463.75,448.22,459.99,41621239
2023-06-14,0002.HK,452.25,466.39,453.22,456.13,57852402
2023-06-15,0002.HK,452.54,468.47,455.81,456.28,21033992
2023-06-16,0002.HK,463.23,472.99,454.97,461.34,33008986
2023-06-19,0002.HK,471.56,479.01,463.28,471.76,93054406
2023-06-20,0002.HK,480.62,481.75,472.34,478.29,69180225
2023-06-21,0002.HK,469.8,478.3,471.87,473.21,57150136
2023-06-22,0002.HK,473.23,477.67,469.04,475.92,55220886
2023-06-23,0002.HK,474.89,485.48,463.16,476.47,15368829
2023-06-26,0002.HK,467.47,467.91,465.37,467.04,15072490
2023-06-27,0002.HK,471.56,475.44,461.46,469.93,76724063
2023-06-28,0002.HK,483.1,493.62,475.94,483.11,59697628
2023-06-29,0002.HK,485.96,492.25,477.86,483.44,79132739
2023-06-30,0002.HK,476.21,477.31,465.99,471.97,9541042
2023-07-03,0002.HK,470.95,478.12,469.95,472.28,51825847
2023-07-04,0002.HK,465.92,464.04,456.33,463.78,90230448
2023-07-05,0002.HK,467.29,470.32,461.89,469.88,70738750
2023-07-06,0002.HK,473.24,480.21,468.98,473.67,26184492
2023-07-07,0002.HK,474.93,474.72,463.99,472.55,65944802
2023-07-10,0002.HK,473.39,481.47,466.37,470.3,36550541
2023-07-11,0002.HK,465.36,471.95,467.0,468.9,85875805
2023-07-12,0002.HK,473.29,470.12,462.53,469.05,65219621
2023-07-13,0002.HK,465.66,472.67,460.51,463.71,36587686
2023-07-14,0002.HK,451.24,456.94,440.69,454.15,35681865
2023-07-17,0002.HK,458.23,466.45,456.85,462.0,89553327
2023-07-18,0002.HK,462.54,462.9,447.49,459.42,20114155
2023-07-19,0002.HK,465.0,468.26,449.37,460.66,84233869
2023-07-20,0002.HK,461.76,475.21,452.46,462.73,39928954
2023-07-21,0002.HK,465.1,477.51,463.22,465.05,57861151
2023-07-24,0002.HK,454.42,462.49,456.62,456.96,61169549
2023-07-25,0002.HK,448.07,451.58,439.31,445.56,43466457
2023-07-26,0002.HK,443.51,453.0,435.19,441.72,48605878
2023-07-27,0002.HK,443.01,446.79,443.62,444.43,32291892
2023-07-28,0002.HK,442.31,449.1,436.91,439.66,93740045
2023-07-31,0002.HK,438.49,449.19,426.49,437.41,63044545
2023-08-01,0002.HK,453.91,455.14,447.95,451.46,78069206
2023-08-02,0002.HK,441.96,443.17,434.86,439.05,31121075
2023-08-03,0002.HK,436.24,440.2,428.92,434.17,42168158
2023-08-04,0002.HK,443.58,448.99,434.24,446.6,62189195
2023-08-07,0002.HK,449.51,446.67,433.89,446.39,46289232
2023-08-08,0002.HK,443.86,443.85,432.1,441.76,23968613
2023-08-09,0002.HK,448.68,452.62,440.86,449.59,73125717
2023-08-10,0002.HK,451.05,451.15,445.16,450.05,48230639
2023-08-11,0002.HK,451.68,451.68,444.11,447.79,73355221
2023-08-14,0002.HK,446.67,461.34,442.32,449.17,68209453
2023-08-15,0002.HK,441.68,448.27,439.3,444.83,32583699
2023-08-16,0002.HK,438.12,443.04,433.4,438.13,49227390
2023-08-17,0002.HK,433.13,446.0,429.88,437.47,34828135
2023-08-18,0002.HK,427.42,433.77,420.89,430.92,93601580
2023-08-21,0002.HK,430.5,431.62,419.94,431.08,8824234
2023-08-22,0002.HK,434.23,435.88,426.93,433.46,37636144
2023-08-23,0002.HK,441.76,443.31,431.95,439.09,72407269
2023-08-24,0002.HK,446.01,457.23,442.07,446.6,41642382
2023-08-25,0002.HK,444.01,456.86,439.47,443.98,90594527
2023-08-28,0002.HK,444.52,453.88,446.16,447.39,32938594
2023-08-29,0002.HK,455.0,452.1,449.47,450.79,45076000
2023-08-30,0002.HK,449.23,465.05,442.92,453.09,3202762
2023-08-31,0002.HK,446.65,458.82,449.62,449.92,12034751
2023-09-01,0002.HK,442.74,445.48,439.69,443.08,12687831
2023-09-04,0002.HK,444.18,449.13,440.51,446.5,87445225
2023-09-05,0002.HK,435.26,435.92,429.46,435.16,79954578
2023-09-06,0002.HK,430.31,434.44,422.93,433.5,74862545
2023-09-07,0002.HK,417.74,423.74,407.59,416.98,33891422
2023-09-08,0002.HK,412.51,411.65,407.5,408.7,58472618
2023-09-11,0002.HK,400.37,409.06,402.79,403.41,42437994
2023-09-12,0002.HK,413.11,413.28,404.85,410.13,84541353
2023-09-13,0002.HK,417.93,420.48,409.96,414.44,1295032
2023-09-14,0002.HK,409.05,414.52,399.9,411.08,28689806
2023-09-15,0002.HK,414.17,427.74,411.53,415.66,43174502
2023-09-18,0002.HK,425.39,423.21,414.66,421.28,65059158
2023-09-19,0002.HK,416.61,429.39,408.99,420.35,14887948
2023-09-20,0002.HK,408.9,423.17,407.79,411.7,65887322
2023-09-21,0002.HK,410.96,414.11,405.83,410.5,41604822
2023-09-22,0002.HK,407.07,418.46,399.27,409.98,19876189
2023-09-25,0002.HK,405.04,410.45,398.03,402.48,42402075
2023-09-26,0002.HK,403.94,413.16,401.62,404.78,51511107
2023-09-27,0002.HK,410.37,418.21,399.39,406.56,82241603
2023-09-28,0002.HK,409.71,415.64,397.75,409.35,57823496
2023-09-29,0002.HK,414.44,420.77,408.51,411.15,16832974
2023-10-02,0002.HK,414.55,418.64,407.2,415.73,58374395
2023-10-03,0002.HK,413.57,421.67,407.71,414.7,29374940
2023-10-04,0002.HK,412.67,427.17,403.7,416.03,1163596
2023-10-05,0002.HK,416.34,426.0,410.25,413.64,2512109
2023-10-06,0002.HK,407.85,422.05,407.74,410.09,57113184
2023-10-09,0002.HK,416.2,418.59,406.12,418.41,61586105
2023-10-10,0002.HK,401.78,417.75,395.72,405.66,71360028
2023-10-11,0002.HK,408.24,417.74,399.74,411.08,76911064
2023-10-12,0002.HK,408.03,408.39,405.48,407.33,55154842
2023-10-13,0002.HK,406.23,413.91,401.87,402.83,8700734
2023-10-16,0002.HK,401.43,416.48,398.28,404.49,24583191
2023-10-17,0002.HK,397.67,398.67,392.3,395.54,83891292
2023-10-18,0002.HK,393.0,393.99,383.76,390.77,41911849
2023-10-19,0002.HK,385.81,387.81,379.54,385.88,51567516
2023-10-20,0002.HK,384.92,394.13,379.1,384.67,23847608
2023-10-23,0002.HK,381.35,389.2,372.35,380.11,64885286
2023-10-24,0002.HK,386.56,393.31,388.25,389.31,91219508
2023-10-25,0002.HK,400.49,408.31,398.13,399.89,95896765
2023-10-26,0002.HK,387.76,394.37,381.04,387.84,8126211
2023-10-27,0002.HK,390.48,400.36,388.79,391.08,89345334
2023-10-30,0002.HK,392.64,402.46,385.59,396.2,20873476
2023-10-31,0002.HK,402.7,405.46,396.61,399.5,7374026
2023-11-01,0002.HK,394.98,403.64,385.35,395.64,33255970
2023-11-02,0002.HK,390.84,401.97,393.92,394.27,82877503
2023-11-03,0002.HK,393.62,399.81,388.23,389.92,58140542
2023-11-06,0002.HK,387.68,392.27,385.43,387.54,19024693
2023-11-07,0002.HK,377.21,391.41,369.21,380.59,97706102
2023-11-08,0002.HK,381.75,383.75,376.56,380.01,81969640
2023-11-09,0002.HK,369.62,380.11,369.34,371.52,25686108
2023-11-10,0002.HK,367.08,372.74,361.59,370.48,7458804
2023-11-13,0002.HK,365.26,367.76,362.35,363.61,25964939
2023-11-14,0002.HK,364.47,371.81,363.47,364.81,52937489
2023-11-15,0002.HK,360.25,370.56,353.69,361.17,8862946
2023-11-16,0002.HK,362.41,371.36,352.26,362.81,59002342
2023-11-17,0002.HK,369.47,379.05,360.88,368.77,28604824
2023-11-20,0002.HK,377.19,381.68,374.65,377.64,64533455
2023-11-21,0002.HK,365.28,372.33,362.55,363.39,43662736
2023-11-22,0002.HK,362.4,361.24,355.84,358.92,53866922
2023-11-23,0002.HK,359.62,362.47,355.04,357.36,93086702
2023-11-24,0002.HK,361.57,368.28,349.83,359.9,21290808
2023-11-27,0002.HK,354.39,358.36,346.44,351.06,37330660
2023-11-28,0002.HK,342.81,349.79,340.76,345.96,21934491
2023-11-29,0002.HK,344.44,351.99,342.4,346.71,24751873
2023-11-30,0002.HK,347.82,356.59,341.73,347.22,85881626
2023-12-01,0002.HK,352.24,350.22,339.78,349.25,48128374
2023-12-04,0002.HK,352.27,356.14,344.54,351.65,64458417
2023-12-05,0002.HK,349.98,363.77,345.36,353.5,91792778
2023-12-06,0002.HK,351.83,357.13,346.46,354.6,99619137
2023-12-07,0002.HK,351.45,361.78,353.58,354.97,67555091
2023-12-08,0002.HK,357.59,368.89,357.43,358.58,43961537
2023-12-11,0002.HK,347.11,356.67,346.42,346.61,45532504
2023-12-12,0002.HK,357.17,357.92,348.02,354.7,17317366
2023-12-13,0002.HK,341.05,349.81,338.01,343.05,23882054
2023-12-14,0002.HK,336.91,341.34,337.43,337.56,85503017
2023-12-15,0002.HK,335.73,345.71,329.84,336.48,67122249
2023-12-18,0002.HK,343.12,343.92,336.68,339.94,30296457
2023-12-19,0002.HK,323.22,330.33,324.54,324.74,45860251
2023-12-20,0002.HK,327.51,333.57,317.4,324.67,40780121
2023-12-21,0002.HK,329.53,333.7,319.68,328.59,99376104
2023-12-22,0002.HK,335.24,337.94,329.74,333.56,9669708
2023-12-25,0002.HK,330.1,339.35,329.11,330.13,34400703
2023-12-26,0002.HK,328.92,335.59,322.2,328.71,7423042
2023-12-27,0002.HK,325.77,331.62,316.02,325.74,10461961
2023-12-28,0002.HK,321.99,327.27,319.43,323.88,30090448
2023-12-29,0002.HK,317.51,327.25,310.76,318.94,50050553
2024-01-01,0002.HK,317.6,320.65,312.08,314.75,43692462
2024-01-02,0002.HK,313.82,323.0,313.36,316.86,11932336
2024-01-03,0002.HK,317.31,326.27,309.98,317.55,46648776
2024-01-04,0002.HK,319.71,327.74,318.27,319.95,76167672
2024-01-05,0002.HK,320.18,321.74,314.78,321.05,68299328
2024-01-08,0002.HK,325.82,333.9,319.18,324.5,63611122
2024-01-09,0002.HK,329.1,330.33,323.53,328.84,54938680
2024-01-10,0002.HK,323.2,323.84,320.12,320.32,54687707
2024-01-11,0002.HK,314.65,318.09,308.13,316.27,45840354
2024-01-12,0002.HK,312.23,319.45,315.13,315.24,67340572
2024-01-15,0002.HK,316.83,316.32,310.21,315.2,29336087
2024-01-16,0002.HK,314.55,313.79,307.02,312.09,59216724
2024-01-17,0002.HK,316.51,324.3,309.13,316.42,38361719
2024-01-18,0002.HK,327.79,331.05,320.04,325.88,3914808
2024-01-19,0002.HK,328.52,336.39,323.14,326.86,85797580
2024-01-22,0002.HK,327.45,329.61,317.66,327.34,65686428
2024-01-23,0002.HK,331.53,339.35,328.54,331.57,98807284
2024-01-24,0002.HK,322.43,326.49,315.46,322.36,48209267
2024-01-25,0002.HK,324.97,322.97,322.35,322.56,99337412
2024-01-26,0002.HK,328.0,330.62,319.73,327.36,28372549
2024-01-29,0002.HK,321.35,328.89,315.1,324.27,72128947
2024-01-30,0002.HK,317.55,320.27,314.02,318.37,97402171
2024-01-31,0002.HK,318.79,322.23,315.42,317.55,74010170
2024-02-01,0002.HK,319.81,319.27,315.98,317.32,30801582
2024-02-02,0002.HK,315.82,315.7,312.37,313.06,96415280
2024-02-05,0002.HK,320.68,332.41,314.11,322.97,22638210
2024-02-06,0002.HK,320.35,330.27,315.79,320.71,55490534
2024-02-07,0002.HK,316.45,324.38,313.18,315.23,23191246
2024-02-08,0002.HK,313.61,315.77,311.49,314.85,18893290
2024-02-09,0002.HK,317.65,327.7,312.75,319.2,57098025
2024-02-12,0002.HK,318.69,320.05,313.24,319.34,41398752
2024-02-13,0002.HK,324.28,324.87,315.74,321.73,78506780
2024-02-14,0002.HK,319.24,325.2,317.15,317.59,79760192
2024-02-15,0002.HK,324.14,332.75,319.96,324.74,28493689
2024-02-16,0002.HK,326.25,329.74,319.14,327.54,19264550
2024-02-19,0002.HK,329.85,341.63,332.07,332.76,59090268
2024-02-20,0002.HK,336.92,336.49,333.66,334.65,51129794
2024-02-21,0002.HK,335.92,340.29,331.83,338.85,5312200
2024-02-22,0002.HK,333.21,335.09,326.82,334.48,27301305
2024-02-23,0002.HK,335.37,334.43,324.51,332.09,68992107
2024-02-26,0002.HK,341.29,342.79,337.59,338.86,34674060
2024-02-27,0002.HK,344.75,350.28,342.79,346.85,37347172
2024-02-28,0002.HK,342.13,343.38,337.9,340.96,35396397
2024-02-29,0002.HK,342.0,348.03,339.08,342.3,24632655
2024-03-01,0002.HK,342.44,347.52,332.34,340.16,97522481
2024-03-04,0002.HK,337.78,341.24,328.16,336.67,53788879
2024-03-05,0002.HK,335.91,342.53,332.18,338.17,72274024
2024-03-06,0002.HK,341.91,352.51,337.07,344.03,44954874
2024-03-07,0002.HK,348.32,352.93,339.24,346.43,39234089
2024-03-08,0002.HK,343.5,350.99,337.93,344.84,72844071
2024-03-11,0002.HK,348.12,349.09,340.38,347.57,22923296
2024-03-12,0002.HK,345.0,351.12,340.65,345.76,75697843
2024-03-13,0002.HK,345.81,357.85,341.11,347.97,30724635
2024-03-14,0002.HK,356.64,363.91,348.7,355.33,74937850
2024-03-15,0002.HK,346.97,352.25,334.35,344.33,82909522
2024-03-18,0002.HK,350.43,355.51,346.01,348.51,97963114
2024-03-19,0002.HK,340.07,341.23,335.03,340.54,5596931
2024-03-20,0002.HK,345.45,352.99,339.7,346.88,68854129
2024-03-21,0002.HK,345.85,347.97,342.61,343.64,8904054
2024-03-22,0002.HK,339.72,345.82,330.56,337.43,30572803
2024-03-25,0002.HK,339.69,349.32,339.29,341.01,33642523
2024-03-26,0002.HK,343.58,344.38,337.48,342.95,99880492
2024-03-27,0002.HK,335.57,347.48,336.09,337.87,97249250
2024-03-28,0002.HK,329.47,333.72,321.81,331.59,72745479
2024-03-29,0002.HK,331.68,332.49,328.65,330.73,30620355
2023-04-14,0003.HK,71.13,71.88,68.98,70.93,38403100
2023-04-17,0003.HK,71.48,70.88,70.13,70.78,84277681
2023-04-18,0003.HK,70.2,71.19,69.38,69.99,43504930
2023-04-19,0003.HK,68.0,70.54,67.39,68.56,66873534
2023-04-20,0003.HK,69.0,69.07,68.86,68.96,79461185
2023-04-21,0003.HK,68.96,71.49,68.9,69.45,47759843
2023-04-24,0003.HK,71.39,71.46,70.29,71.23,8292446
2023-04-25,0003.HK,70.85,71.96,70.52,70.78,72780692
2023-04-26,0003.HK,68.45,70.62,67.91,68.79,61031568
2023-04-27,0003.HK,69.19,71.44,69.5,69.65,77724074
2023-04-28,0003.HK,71.25,71.27,70.34,70.63,49400421
2023-05-01,0003.HK,71.37,73.3,71.17,71.85,29405526
2023-05-02,0003.HK,72.76,73.89,72.13,73.45,17588728
2023-05-03,0003.HK,74.65,75.99,75.02,75.11,76660108
2023-05-04,0003.HK,73.75,76.13,73.23,74.02,46089514
2023-05-05,0003.HK,75.71,76.69,74.01,75.75,39276587
2023-05-08,0003.HK,75.44,76.59,74.86,75.4,36520987
2023-05-09,0003.HK,76.64,77.64,76.23,76.31,39143207
2023-05-10,0003.HK,77.24,78.51,75.79,76.63,65796932
2023-05-11,0003.HK,74.9,77.68,73.5,75.52,56760097
2023-05-12,0003.HK,76.59,77.84,75.95,76.85,90976286
2023-05-15,0003.HK,76.28,78.61,75.41,76.34,16894840
2023-05-16,0003.HK,78.0,80.17,76.25,78.49,48553816
2023-05-17,0003.HK,77.06,78.61,77.02,77.6,46422479
2023-05-18,0003.HK,75.94,77.03,75.0,76.45,7886557
2023-05-19,0003.HK,75.83,77.09,73.58,75.71,40828820
2023-05-22,0003.HK,77.29,78.19,76.39,77.42,35249791
2023-05-23,0003.HK,75.49,77.42,73.71,75.61,62292354
2023-05-24,0003.HK,76.67,77.37,76.04,76.66,55567647
2023-05-25,0003.HK,78.75,80.37,78.32,78.79,97294210
2023-05-26,0003.HK,78.81,80.66,76.25,78.6,53493333
2023-05-29,0003.HK,77.71,78.38,77.06,78.15,74935824
2023-05-30,0003.HK,78.13,79.84,77.07,78.26,44271500
2023-05-31,0003.HK,76.64,77.85,75.46,76.96,64972531
2023-06-01,0003.HK,79.42,80.26,79.22,80.03,55083508
2023-06-02,0003.HK,80.74,81.22,79.43,80.85,79183444
2023-06-05,0003.HK,80.01,81.06,77.15,79.39,67370567
2023-06-06,0003.HK,78.04,79.19,76.55,78.45,77799823
2023-06-07,0003.HK,78.91,80.12,77.89,78.67,24440453
2023-06-08,0003.HK,77.07,78.63,76.32,77.16,79393334
2023-06-09,0003.HK,75.11,77.18,74.17,75.43,67347096
2023-06-12,0003.HK,75.71,77.94,73.92,75.78,67825503
2023-06-13,0003.HK,77.06,77.34,74.78,76.94,80115294
2023-06-14,0003.HK,77.48,78.45,77.96,78.01,72008824
2023-06-15,0003.HK,77.57,79.34,76.87,77.96,84602853
2023-06-16,0003.HK,78.01,79.59,75.82,77.65,64381701
2023-06-19,0003.HK,77.01,77.89,77.06,77.73,3417590
2023-06-20,0003.HK,79.03,80.89,77.43,78.9,5439203
2023-06-21,0003.HK,77.76,79.59,76.77,77.43,58266277
2023-06-22,0003.HK,76.13,76.58,75.84,76.54,23871591
2023-06-23,0003.HK,76.67,77.19,75.05,76.12,75639717
2023-06-26,0003.HK,76.29,77.32,75.72,75.86,98247545
2023-06-27,0003.HK,76.49,77.69,75.15,75.81,66669259
2023-06-28,0003.HK,75.2,76.42,73.54,75.8,14603577
2023-06-29,0003.HK,76.49,76.92,76.36,76.58,80764219
2023-06-30,0003.HK,73.93,75.13,74.17,74.57,80501566
2023-07-03,0003.HK,73.45,74.98,72.75,72.8,41603660
2023-07-04,0003.HK,71.73,73.73,70.57,72.09,80833635
2023-07-05,0003.HK,73.08,74.77,71.45,73.03,51294704
2023-07-06,0003.HK,72.43,74.38,70.74,72.33,93732135
2023-07-07,0003.HK,72.74,73.89,71.84,72.3,60937079
2023-07-10,0003.HK,72.09,72.87,72.17,72.46,72788800
2023-07-11,0003.HK,72.4,74.16,71.61,72.82,16706861
2023-07-12,0003.HK,74.59,75.17,72.52,74.54,47228871
2023-07-13,0003.HK,75.47,75.44,73.98,75.33,26508530
2023-07-14,0003.HK,75.75,76.76,74.5,76.47,19104550
2023-07-17,0003.HK,76.81,77.35,74.39,76.34,10929399
2023-07-18,0003.HK,77.73,79.91,76.56,78.04,16829838
2023-07-19,0003.HK,77.99,79.45,75.87,78.14,63136538
2023-07-20,0003.HK,75.71,75.89,75.13,75.87,71526375
2023-07-21,0003.HK,78.88,79.49,77.57,78.68,39328612
2023-07-24,0003.HK,79.07,80.13,76.58,78.75,64666262
2023-07-25,0003.HK,79.69,80.28,79.1,79.39,84458421
2023-07-26,0003.HK,77.63,80.26,76.83,78.14,72651215
2023-07-27,0003.HK,81.23,81.95,79.27,80.73,91629685
2023-07-28,0003.HK,79.35,80.4,78.25,79.78,86087112
2023-07-31,0003.HK,80.03,79.86,79.01,79.34,26562092
2023-08-01,0003.HK,78.26,78.92,75.22,77.53,4378860
2023-08-02,0003.HK,77.42,78.41,77.43,77.97,23053821
2023-08-03,0003.HK,78.39,79.14,76.94,77.66,22563835
2023-08-04,0003.HK,76.47,77.4,75.57,75.88,95691628
2023-08-07,0003.HK,75.25,76.03,75.37,75.81,86746479
2023-08-08,0003.HK,76.07,76.77,75.15,75.94,31260743
2023-08-09,0003.HK,75.28,76.78,73.89,75.67,48886657
2023-08-10,0003.HK,74.29,75.47,73.49,73.62,80826568
2023-08-11,0003.HK,73.74,75.76,73.78,73.96,94756542
2023-08-14,0003.HK,72.83,73.02,70.47,72.56,15572822
2023-08-15,0003.HK,74.23,74.57,73.23,73.55,47039371
2023-08-16,0003.HK,73.18,73.0,71.31,72.95,44190658
2023-08-17,0003.HK,74.17,74.36,73.46,73.98,37076065
2023-08-18,0003.HK,74.48,74.23,73.3,74.01,30039504
2023-08-21,0003.HK,74.53,74.99,73.35,74.1,93496221
2023-08-22,0003.HK,74.8,75.55,75.01,75.53,64992912
2023-08-23,0003.HK,74.31,75.73,72.48,74.62,20052114
2023-08-24,0003.HK,73.3,75.25,72.26,73.41,59049887
2023-08-25,0003.HK,74.59,74.72,73.37,74.04,86305058
2023-08-28,0003.HK,72.16,73.37,72.55,72.59,98338637
2023-08-29,0003.HK,71.34,71.88,70.17,71.74,40375463
2023-08-30,0003.HK,69.97,71.35,69.84,70.05,33704453
2023-08-31,0003.HK,71.77,71.48,69.23,71.28,50900473
2023-09-01,0003.HK,69.6,71.04,70.0,70.22,24906820
2023-09-04,0003.HK,69.83,70.17,67.55,69.54,56112367
2023-09-05,0003.HK,68.67,69.05,67.43,68.21,90102336
2023-09-06,0003.HK,68.22,68.22,67.29,67.83,50687409
2023-09-07,0003.HK,68.03,68.7,65.93,67.7,57421035
2023-09-08,0003.HK,68.54,69.62,68.3,68.55,89588867
2023-09-11,0003.HK,67.14,68.12,66.23,67.2,52439338
2023-09-12,0003.HK,67.21,67.91,65.17,66.61,53622142
2023-09-13,0003.HK,68.22,69.35,67.2,68.05,18595879
2023-09-14,0003.HK,68.48,69.82,67.94,69.12,7118619
2023-09-15,0003.HK,68.87,69.14,68.26,68.43,16286600
2023-09-18,0003.HK,67.79,69.39,66.73,68.4,93802528
2023-09-19,0003.HK,69.74,71.3,70.28,70.43,39057402
2023-09-20,0003.HK,68.62,69.81,68.14,69.18,19330017
2023-09-21,0003.HK,67.16,68.89,66.95,67.2,5876812
2023-09-22,0003.HK,66.22,67.23,65.87,66.68,36738481
2023-09-25,0003.HK,67.06,68.04,64.81,66.61,62831192
2023-09-26,0003.HK,65.31,66.32,64.19,65.82,18133132
2023-09-27,0003.HK,66.95,67.92,65.14,66.8,99027107
2023-09-28,0003.HK,66.92,67.22,65.25,67.02,58805477
2023-09-29,0003.HK,67.06,67.57,66.32,66.43,44969152
2023-10-02,0003.HK,65.82,66.89,65.3,65.9,37393980
2023-10-03,0003.HK,65.65,65.23,64.08,65.18,51588193
2023-10-04,0003.HK,66.14,66.55,64.87,66.0,48969237
2023-10-05,0003.HK,65.79,67.07,65.03,65.55,34816722
2023-10-06,0003.HK,65.03,66.03,62.96,64.39,20315474
2023-10-09,0003.HK,65.09,66.22,65.04,65.33,78057864
2023-10-10,0003.HK,65.53,65.6,64.28,65.07,29041657
2023-10-11,0003.HK,63.26,65.07,62.12,63.76,67102078
2023-10-12,0003.HK,65.6,67.0,63.72,65.41,78564534
2023-10-13,0003.HK,66.68,67.71,65.53,66.02,66554370
2023-10-16,0003.HK,65.98,67.53,65.53,66.08,63518329
2023-10-17,0003.HK,66.27,66.77,64.15,65.88,56347705
2023-10-18,0003.HK,65.31,66.38,63.68,65.62,38896268
2023-10-19,0003.HK,65.74,66.4,63.39,65.34,47514538
2023-10-20,0003.HK,64.81,66.01,63.92,65.08,93265942
2023-10-23,0003.HK,63.93,65.84,64.23,64.52,95964619
2023-10-24,0003.HK,64.02,65.46,62.58,64.43,50419168
2023-10-25,0003.HK,63.38,65.46,62.16,63.85,51815547
2023-10-26,0003.HK,64.11,65.95,63.42,64.08,29496189
2023-10-27,0003.HK,63.74,64.32,63.6,64.07,69384908
2023-10-30,0003.HK,63.55,63.49,62.96,63.41,64546870
2023-10-31,0003.HK,63.93,64.46,62.02,63.34,38770534
2023-11-01,0003.HK,63.46,65.25,63.31,63.87,20864351
2023-11-02,0003.HK,61.3,61.86,61.56,61.72,24073913
2023-11-03,0003.HK,62.07,62.79,61.17,62.27,71690831
2023-11-06,0003.HK,61.59,61.47,60.56,61.14,35903652
2023-11-07,0003.HK,61.31,61.27,58.92,60.73,52048357
2023-11-08,0003.HK,57.76,58.24,57.63,58.16,73493668
2023-11-09,0003.HK,58.62,59.86,57.85,58.67,63350309
2023-11-10,0003.HK,58.14,59.19,56.63,58.03,27601955
2023-11-13,0003.HK,57.53,58.37,57.21,57.6,37371972
2023-11-14,0003.HK,57.3,58.13,56.33,57.69,73434341
2023-11-15,0003.HK,55.97,57.19,55.02,56.0,89083824
2023-11-16,0003.HK,56.6,57.19,55.83,56.06,51285393
2023-11-17,0003.HK,57.11,58.03,56.6,56.62,62686279
2023-11-20,0003.HK,57.1,57.7,55.52,56.78,36120761
2023-11-21,0003.HK,56.9,56.55,55.76,56.45,37875919
2023-11-22,0003.HK,56.37,58.0,56.25,56.5,60285395
2023-11-23,0003.HK,56.19,57.25,55.45,56.45,36008184
2023-11-24,0003.HK,56.65,58.03,55.91,57.1,66419986
2023-11-27,0003.HK,57.98,58.94,56.53,58.19,99261268
2023-11-28,0003.HK,57.85,57.88,57.04,57.84,87165045
2023-11-29,0003.HK,58.37,59.27,56.55,58.05,66115970
2023-11-30,0003.HK,57.79,58.47,57.3,57.48,28421988
2023-12-01,0003.HK,57.56,59.36,57.2,57.85,1143274
2023-12-04,0003.HK,58.09,59.76,56.56,58.26,1321544
2023-12-05,0003.HK,57.88,59.72,57.96,58.13,52357432
2023-12-06,0003.HK,58.66,59.18,57.27,58.59,81706963
2023-12-07,0003.HK,58.15,59.47,57.97,58.61,11264348
2023-12-08,0003.HK,58.6,59.59,58.13,58.58,24248768
2023-12-11,0003.HK,57.58,58.8,57.79,57.82,22531825
2023-12-12,0003.HK,58.54,59.22,57.68,57.98,9874485
2023-12-13,0003.HK,57.26,57.59,56.4,57.49,98147676
2023-12-14,0003.HK,57.79,59.23,56.51,58.25,71555598
2023-12-15,0003.HK,57.17,57.75,56.38,57.52,77333385
2023-12-18,0003.HK,57.31,58.16,56.05,57.77,96873071
2023-12-19,0003.HK,57.66,58.8,56.95,57.55,15292091
2023-12-20,0003.HK,57.9,58.02,56.76,57.79,57327350
2023-12-21,0003.HK,57.82,57.96,56.08,57.75,80025197
2023-12-22,0003.HK,57.32,57.2,55.56,57.06,89365793
2023-12-25,0003.HK,58.32,59.74,56.71,58.01,49292495
2023-12-26,0003.HK,56.94,58.31,55.73,57.24,13597074
2023-12-27,0003.HK,57.31,59.01,56.93,57.81,62155390
2023-12-28,0003.HK,56.77,57.6,55.44,56.35,98451242
2023-12-29,0003.HK,56.06,56.3,56.1,56.11,3259252
2024-01-01,0003.HK,57.47,57.94,56.56,57.41,56312582
2024-01-02,0003.HK,56.89,58.14,56.77,57.19,27384473
2024-01-03,0003.HK,57.15,57.74,56.97,57.28,72773243
2024-01-04,0003.HK,59.1,58.97,57.04,58.67,12818966
2024-01-05,0003.HK,58.16,59.49,58.5,58.56,36366306
2024-01-08,0003.HK,59.33,58.86,58.67,58.79,18934108
2024-01-09,0003.HK,59.83,59.44,59.25,59.34,20879028
2024-01-10,0003.HK,57.89,58.98,57.04,58.12,67085268
2024-01-11,0003.HK,58.26,58.76,57.23,57.71,9712519
2024-01-12,0003.HK,57.98,58.62,57.64,57.84,39432898
2024-01-15,0003.HK,56.67,56.85,55.21,56.46,38236120
2024-01-16,0003.HK,57.41,58.07,55.99,57.63,83837886
2024-01-17,0003.HK,57.79,59.85,56.77,58.3,7460911
2024-01-18,0003.HK,58.92,59.73,57.94,58.84,57875928
2024-01-19,0003.HK,59.76,61.21,59.12,60.02,34139603
2024-01-22,0003.HK,61.08,62.01,59.58,60.68,84914160
2024-01-23,0003.HK,60.99,61.46,59.06,60.49,91663423
2024-01-24,0003.HK,58.65,59.1,57.83,59.02,72969668
2024-01-25,0003.HK,58.92,59.54,58.34,58.43,10144713
2024-01-26,0003.HK,57.36,58.91,57.81,57.87,50769409
2024-01-29,0003.HK,57.89,58.8,57.09,58.41,34447855
2024-01-30,0003.HK,57.96,60.08,57.65,58.5,67422148
2024-01-31,0003.HK,56.64,57.23,56.43,57.13,88842305
2024-02-01,0003.HK,57.92,59.41,57.56,57.89,8509524
2024-02-02,0003.HK,58.7,60.22,58.07,59.05,29779281
2024-02-05,0003.HK,60.27,61.18,60.21,60.37,11242370
2024-02-06,0003.HK,59.1,60.32,58.82,59.36,63433091
2024-02-07,0003.HK,60.19,61.08,58.87,59.66,22253586
2024-02-08,0003.HK,58.71,59.99,58.49,58.77,96013886
2024-02-09,0003.HK,60.62,61.45,58.71,60.49,8137807
2024-02-12,0003.HK,60.12,60.63,59.44,60.53,34350975
2024-02-13,0003.HK,60.37,61.18,59.48,60.21,47725743
2024-02-14,0003.HK,59.45,61.43,58.08,59.72,93950208
2024-02-15,0003.HK,59.8,60.95,58.43,60.03,8022175
2024-02-16,0003.HK,60.42,61.85,59.18,60.51,56672441
2024-02-19,0003.HK,58.76,59.71,58.86,59.02,85728122
2024-02-20,0003.HK,60.29,60.7,58.81,60.27,95454647
2024-02-21,0003.HK,60.35,62.18,59.56,60.71,98580324
2024-02-22,0003.HK,61.82,62.64,61.31,61.99,96190163
2024-02-23,0003.HK,64.19,64.94,63.12,63.59,56776815
2024-02-26,0003.HK,63.83,65.15,62.53,63.51,62366364
2024-02-27,0003.HK,64.38,65.42,64.12,64.34,36206066
2024-02-28,0003.HK,63.42,64.67,62.28,63.79,50341642
2024-02-29,0003.HK,63.87,64.53,63.08,63.36,17452901
2024-03-01,0003.HK,65.39,66.04,62.98,64.87,63678776
2024-03-04,0003.HK,64.74,64.31,63.36,64.16,91632381
2024-03-05,0003.HK,63.73,65.58,63.35,64.36,35351942
2024-03-06,0003.HK,63.66,63.6,63.03,63.5,1443468
2024-03-07,0003.HK,62.64,63.84,61.71,62.89,31440117
2024-03-08,0003.HK,62.84,64.17,62.19,62.42,52720699
2024-03-11,0003.HK,64.28,65.55,62.66,63.79,29061140
2024-03-12,0003.HK,63.78,65.22,64.19,64.29,56529845
2024-03-13,0003.HK,65.34,65.34,63.45,65.12,46982852
2024-03-14,0003.HK,63.94,64.05,63.13,63.37,12908570
2024-03-15,0003.HK,63.56,64.56,63.15,63.41,1328353
2024-03-18,0003.HK,62.67,63.48,62.97,63.06,16215671
2024-03-19,0003.HK,62.95,64.56,62.64,63.54,84560649
2024-03-20,0003.HK,66.44,66.91,65.71,65.85,72790755
2024-03-21,0003.HK,63.2,65.27,62.86,63.5,41995497
2024-03-22,0003.HK,64.12,64.66,62.19,63.89,72178895
2024-03-25,0003.HK,66.45,67.46,64.49,66.02,95706866
2024-03-26,0003.HK,64.9,66.18,64.07,65.53,5764496
2024-03-27,0003.HK,65.56,66.91,65.45,65.69,98979281
2024-03-28,0003.HK,66.77,67.3,65.82,66.37,84518755
2024-03-29,0003.HK,64.19,65.75,63.24,64.23,39263103
2023-04-14,0006.HK,264.26,270.76,263.71,266.53,28282663
2023-04-17,0006.HK,272.92,276.74,268.44,271.29,42661670
2023-04-18,0006.HK,277.6,277.32,271.57,275.06,31596460
2023-04-19,0006.HK,280.4,279.44,271.05,279.04,81275235
2023-04-20,0006.HK,270.74,273.87,267.9,271.09,70488035
2023-04-21,0006.HK,266.85,269.95,268.12,268.45,59376766
2023-04-24,0006.HK,265.55,272.53,262.34,266.14,24924618
2023-04-25,0006.HK,261.29,265.96,261.73,262.83,7083343
2023-04-26,0006.HK,268.23,276.98,262.64,269.75,63332946
2023-04-27,0006.HK,268.21,274.66,264.77,269.76,11066012
2023-04-28,0006.HK,270.11,275.19,267.08,269.66,64066406
2023-05-01,0006.HK,271.95,276.19,268.98,271.95,69335676
2023-05-02,0006.HK,275.18,279.16,267.38,274.33,21851037
2023-05-03,0006.HK,259.41,267.85,258.78,260.66,55733815
2023-05-04,0006.HK,256.9,259.04,257.4,258.18,89373935
2023-05-05,0006.HK,250.8,258.81,248.57,252.76,33072726
2023-05-08,0006.HK,255.55,259.02,252.65,254.33,8358557
2023-05-09,0006.HK,252.36,255.71,248.19,253.28,50745507
2023-05-10,0006.HK,252.29,256.77,248.58,253.39,73794308
2023-05-11,0006.HK,246.05,250.36,239.73,245.54,33224714
2023-05-12,0006.HK,242.11,245.24,239.06,244.45,7480908
2023-05-15,0006.HK,249.1,256.03,241.88,248.59,82301791
2023-05-16,0006.HK,251.96,258.99,251.17,253.89,90368976
2023-05-17,0006.HK,254.7,259.11,249.68,256.68,41330949
2023-05-18,0006.HK,253.66,257.49,249.5,251.59,53769722
2023-05-19,0006.HK,258.36,259.85,249.85,256.39,83920937
2023-05-22,0006.HK,258.09,259.65,252.43,259.23,61296832
2023-05-23,0006.HK,259.38,260.85,256.71,258.83,77590375
2023-05-24,0006.HK,253.13,255.42,249.35,251.02,75556868
2023-05-25,0006.HK,253.42,257.03,250.67,254.66,2884857
2023-05-26,0006.HK,251.42,256.03,245.69,252.44,13501312
2023-05-29,0006.HK,253.62,259.37,252.54,253.81,55085075
2023-05-30,0006.HK,253.99,257.05,247.96,254.12,15509638
2023-05-31,0006.HK,261.55,263.66,258.4,260.03,70704220
2023-06-01,0006.HK,258.01,263.57,255.27,259.6,42963477
2023-06-02,0006.HK,259.81,267.24,258.13,259.59,90467530
2023-06-05,0006.HK,263.29,266.91,258.49,265.79,27059869
2023-06-06,0006.HK,262.91,268.29,259.27,263.22,90415207
2023-06-07,0006.HK,268.83,267.79,265.31,266.48,48690498
2023-06-08,0006.HK,265.49,272.0,258.51,265.74,88366819
2023-06-09,0006.HK,262.69,268.67,261.76,261.8,52282440
2023-06-12,0006.HK,259.73,263.16,256.54,261.86,11251741
2023-06-13,0006.HK,266.29,266.98,264.43,264.63,70556551
2023-06-14,0006.HK,268.29,273.91,265.73,270.05,49758654
2023-06-15,0006.HK,276.28,276.34,273.48,276.08,49231985
2023-06-16,0006.HK,276.51,281.64,268.57,274.91,5793871
2023-06-19,0006.HK,272.0,278.84,266.4,270.9,26701668
2023-06-20,0006.HK,267.81,271.98,264.22,269.66,42963599
2023-06-21,0006.HK,265.76,267.1,257.39,264.93,37954582
2023-06-22,0006.HK,266.0,268.07,263.84,264.12,50858531
2023-06-23,0006.HK,261.64,264.34,260.41,262.82,54101747
2023-06-26,0006.HK,266.29,271.76,263.56,265.74,5292966
2023-06-27,0006.HK,258.56,261.11,252.31,257.0,54214423
2023-06-28,0006.HK,254.8,255.36,249.78,254.22,34223034
2023-06-29,0006.HK,250.76,252.2,245.17,251.51,17021374
2023-06-30,0006.HK,255.39,262.91,249.94,256.04,42203058
2023-07-03,0006.HK,250.86,257.76,244.64,251.81,20457796
2023-07-04,0006.HK,251.25,260.25,249.46,252.72,14756868
2023-07-05,0006.HK,251.13,253.55,245.66,252.28,79921020
2023-07-06,0006.HK,256.26,261.13,251.14,256.28,55815813
2023-07-07,0006.HK,257.37,261.01,255.92,258.62,15884662
2023-07-10,0006.HK,259.75,265.77,252.31,259.14,89848666
2023-07-11,0006.HK,254.88,259.73,254.04,257.04,56382061
2023-07-12,0006.HK,247.93,255.94,249.75,249.95,18941600
2023-07-13,0006.HK,252.91,255.12,250.44,250.93,18432509
2023-07-14,0006.HK,254.45,253.43,252.09,252.97,67741782
2023-07-17,0006.HK,246.41,248.46,245.69,247.05,60720890
2023-07-18,0006.HK,241.85,245.75,241.26,242.52,34553792
2023-07-19,0006.HK,241.49,250.15,239.02,243.49,35490363
2023-07-20,0006.HK,243.33,251.37,239.03,244.78,64030613
2023-07-21,0006.HK,243.03,241.44,239.95,241.19,41649342
2023-07-24,0006.HK,239.92,241.83,236.98,239.16,26175196
2023-07-25,0006.HK,230.4,239.24,225.76,232.62,82585829
2023-07-26,0006.HK,235.9,240.27,236.21,237.47,21387282
2023-07-27,0006.HK,234.59,236.37,228.46,232.89,66581336
2023-07-28,0006.HK,234.09,237.28,232.95,234.83,31673390
2023-07-31,0006.HK,233.35,240.44,233.38,234.76,50260984
2023-08-01,0006.HK,239.47,244.34,235.82,239.34,42286955
2023-08-02,0006.HK,238.89,237.59,233.66,236.55,88700439
2023-08-03,0006.HK,237.7,243.07,232.1,236.81,27927304
2023-08-04,0006.HK,232.45,233.55,228.82,230.83,15627109
2023-08-07,0006.HK,225.31,227.85,219.24,224.16,49955892
2023-08-08,0006.HK,227.1,226.29,223.75,226.21,54617487
2023-08-09,0006.HK,218.97,225.17,215.6,220.2,28409232
2023-08-10,0006.HK,219.36,223.94,219.02,219.49,14994367
2023-08-11,0006.HK,222.4,223.31,221.25,222.86,45325556
2023-08-14,0006.HK,226.34,227.58,224.35,225.4,53947979
2023-08-15,0006.HK,225.18,223.73,219.95,223.2,76879069
2023-08-16,0006.HK,218.36,218.08,217.75,217.93,30528105
2023-08-17,0006.HK,218.53,222.84,216.62,219.64,76862525
2023-08-18,0006.HK,223.62,227.06,220.98,224.1,40044322
2023-08-21,0006.HK,223.76,227.59,218.29,221.92,1019291
2023-08-22,0006.HK,221.05,220.11,214.32,219.29,16083767
2023-08-23,0006.HK,216.21,222.85,214.86,217.61,95653421
2023-08-24,0006.HK,218.34,222.72,219.37,219.52,82817907
2023-08-25,0006.HK,224.63,224.87,222.06,223.61,35408947
2023-08-28,0006.HK,219.63,223.5,216.92,219.49,72925823
2023-08-29,0006.HK,215.3,215.04,211.11,214.6,66738139
2023-08-30,0006.HK,221.27,224.27,216.35,222.18,42442883
2023-08-31,0006.HK,223.79,223.53,218.52,221.63,74580488
2023-09-01,0006.HK,220.35,228.53,218.42,222.52,87042482
2023-09-04,0006.HK,218.22,221.22,215.78,220.25,35200715
2023-09-05,0006.HK,223.46,221.99,219.53,221.92,13999931
2023-09-06,0006.HK,226.61,230.42,221.78,225.16,22056035
2023-09-07,0006.HK,226.82,227.27,220.72,226.21,63042300
2023-09-08,0006.HK,234.45,238.37,229.33,232.17,54315140
2023-09-11,0006.HK,233.38,234.87,227.06,231.08,91045998
2023-09-12,0006.HK,228.99,230.88,227.68,230.21,10489113
2023-09-13,0006.HK,230.47,233.99,227.92,231.06,99174295
2023-09-14,0006.HK,231.41,235.34,226.65,232.71,61153739
2023-09-15,0006.HK,234.62,236.93,228.27,233.56,62467938
2023-09-18,0006.HK,229.28,230.28,225.02,229.1,44084512
2023-09-19,0006.HK,232.44,236.09,228.39,230.22,88988925
2023-09-20,0006.HK,230.05,235.18,222.48,228.98,46150554
2023-09-21,0006.HK,228.15,231.0,221.41,227.03,34708716
2023-09-22,0006.HK,226.35,228.96,222.71,227.18,51970475
2023-09-25,0006.HK,225.54,228.94,222.84,223.95,88476770
2023-09-26,0006.HK,219.81,222.47,213.96,220.18,93118670
2023-09-27,0006.HK,209.75,216.29,207.64,211.59,94929296
2023-09-28,0006.HK,216.83,222.5,212.5,217.18,30609783
2023-09-29,0006.HK,219.45,225.59,215.86,219.03,93694555
2023-10-02,0006.HK,219.94,223.91,214.99,218.69,39267682
2023-10-03,0006.HK,215.21,222.81,216.28,216.54,74959705
2023-10-04,0006.HK,206.4,208.77,207.17,207.25,7587738
2023-10-05,0006.HK,206.43,207.21,201.45,205.02,83365787
2023-10-06,0006.HK,205.57,209.47,206.97,207.27,70207525
2023-10-09,0006.HK,211.31,215.01,204.31,210.24,21117551
2023-10-10,0006.HK,212.27,214.65,208.55,212.3,78363290
2023-10-11,0006.HK,210.78,217.07,206.47,212.85,7242794
2023-10-12,0006.HK,216.66,222.53,211.49,217.06,55907519
2023-10-13,0006.HK,216.8,217.52,212.87,216.03,91229321
2023-10-16,0006.HK,219.64,220.63,217.14,219.59,59627817
2023-10-17,0006.HK,216.3,218.96,212.84,218.37,14492618
2023-10-18,0006.HK,214.49,218.46,211.46,215.52,89174339
2023-10-19,0006.HK,212.79,217.9,209.3,212.32,9897176
2023-10-20,0006.HK,208.81,214.12,203.92,208.97,10030213
2023-10-23,0006.HK,210.36,213.54,206.68,211.08,14388837
2023-10-24,0006.HK,207.73,213.04,204.92,208.77,63622395
2023-10-25,0006.HK,205.72,208.96,200.94,205.57,52632760
2023-10-26,0006.HK,205.83,210.51,205.15,207.81,19017566
2023-10-27,0006.HK,207.86,210.25,203.05,208.88,35437874
2023-10-30,0006.HK,213.97,214.19,208.51,211.94,65655637
2023-10-31,0006.HK,214.24,219.7,212.7,213.61,79601118
2023-11-01,0006.HK,213.15,212.7,208.81,211.24,88832479
2023-11-02,0006.HK,212.05,217.72,205.81,211.52,44493719
2023-11-03,0006.HK,213.98,214.37,210.3,211.96,4009887
2023-11-06,0006.HK,209.9,214.94,205.21,209.08,3108683
2023-11-07,0006.HK,203.72,211.16,203.95,205.66,11561952
2023-11-08,0006.HK,201.79,208.52,202.44,203.6,12931662
2023-11-09,0006.HK,209.03,214.77,206.87,209.86,95701901
2023-11-10,0006.HK,208.52,212.84,205.53,208.6,94353584
2023-11-13,0006.HK,212.07,213.97,208.21,212.5,85424745
2023-11-14,0006.HK,211.04,213.29,208.17,211.05,14189741
2023-11-15,0006.HK,211.79,215.71,211.37,213.91,71456396
2023-11-16,0006.HK,218.26,222.87,213.02,216.85,74311163
2023-11-17,0006.HK,218.12,220.37,214.21,219.99,45408340
2023-11-20,0006.HK,220.03,223.22,218.97,221.31,36493695
2023-11-21,0006.HK,226.19,228.72,220.29,225.93,8327979
2023-11-22,0006.HK,226.06,227.65,224.65,227.25,79776042
2023-11-23,0006.HK,232.39,235.85,231.86,233.14,23038678
2023-11-24,0006.HK,225.79,230.94,225.11,227.52,60365788
2023-11-27,0006.HK,229.74,229.15,224.83,228.76,24618481
2023-11-28,0006.HK,230.97,235.79,224.82,229.78,10426589
2023-11-29,0006.HK,225.48,227.3,221.99,226.59,54281659
2023-11-30,0006.HK,230.77,231.35,223.26,228.61,17513372
2023-12-01,0006.HK,222.08,224.84,221.95,223.54,7041743
2023-12-04,0006.HK,223.6,224.87,218.37,221.4,36398823
2023-12-05,0006.HK,215.62,217.84,210.48,214.8,27248701
2023-12-06,0006.HK,221.74,221.79,216.15,219.87,35683798
2023-12-07,0006.HK,217.33,220.37,213.82,219.15,69671301
2023-12-08,0006.HK,225.89,231.62,224.34,226.31,20012926
2023-12-11,0006.HK,229.37,234.19,226.56,229.08,60401634
2023-12-12,0006.HK,231.78,231.06,228.81,230.67,27992871
2023-12-13,0006.HK,229.02,230.35,227.58,228.69,48575376
2023-12-14,0006.HK,225.79,230.51,224.44,225.14,73474147
2023-12-15,0006.HK,225.36,232.77,224.36,226.96,61335526
2023-12-18,0006.HK,228.67,228.45,221.58,226.76,51806161
2023-12-19,0006.HK,223.36,225.23,219.81,222.25,45799947
2023-12-20,0006.HK,217.71,222.59,211.89,217.23,69842474
2023-12-21,0006.HK,215.39,217.03,209.81,214.15,2340888
2023-12-22,0006.HK,221.35,222.21,215.8,220.05,34264610
2023-12-25,0006.HK,227.39,232.19,225.84,227.4,39864501
2023-12-26,0006.HK,228.88,233.07,223.33,228.14,10565525
2023-12-27,0006.HK,230.5,233.34,226.28,228.7,6831349
2023-12-28,0006.HK,229.03,231.45,226.55,227.59,97481557
2023-12-29,0006.HK,226.5,230.21,217.78,224.44,88686993
2024-01-01,0006.HK,227.17,234.97,224.17,229.12,61396765
2024-01-02,0006.HK,233.43,241.05,229.32,235.6,41658128
2024-01-03,0006.HK,233.97,237.34,225.56,232.49,40900201
2024-01-04,0006.HK,230.12,236.94,232.03,232.25,65870864
2024-01-05,0006.HK,229.46,233.19,230.57,230.73,23181188
2024-01-08,0006.HK,229.6,232.08,227.73,229.32,86871537
2024-01-09,0006.HK,232.7,238.07,230.29,233.45,28566004
2024-01-10,0006.HK,227.85,232.6,223.09,228.9,81270179
2024-01-11,0006.HK,228.56,231.2,226.0,230.55,12691084
2024-01-12,0006.HK,233.0,235.91,231.17,233.11,95347411
2024-01-15,0006.HK,233.84,233.91,232.21,232.66,39821209
2024-01-16,0006.HK,235.7,238.81,230.73,235.82,89609384
2024-01-17,0006.HK,235.6,240.5,231.0,236.39,79940162
2024-01-18,0006.HK,242.08,242.9,238.46,240.76,70683479
2024-01-19,0006.HK,235.6,239.55,232.3,235.31,9104575
2024-01-22,0006.HK,234.92,237.42,230.18,234.12,86139922
2024-01-23,0006.HK,231.69,235.68,227.75,233.92,4498763
2024-01-24,0006.HK,223.58,231.25,219.67,224.59,66706876
2024-01-25,0006.HK,219.29,224.96,220.87,220.97,29891914
2024-01-26,0006.HK,219.84,224.86,215.63,218.32,31630708
2024-01-29,0006.HK,222.24,227.08,215.97,221.47,45799060
2024-01-30,0006.HK,218.37,221.03,218.25,219.17,42743746
2024-01-31,0006.HK,215.82,220.44,211.45,216.52,23759455
2024-02-01,0006.HK,219.31,221.91,214.58,219.22,6341162
2024-02-02,0006.HK,214.03,219.19,212.99,213.94,24308557
2024-02-05,0006.HK,207.75,212.66,203.66,207.34,93281544
2024-02-06,0006.HK,207.92,207.54,201.67,206.26,18863757
2024-02-07,0006.HK,200.59,207.32,201.4,201.82,6137826
2024-02-08,0006.HK,197.96,200.94,193.98,197.59,63538061
2024-02-09,0006.HK,201.11,200.35,194.07,199.33,4305666
2024-02-12,0006.HK,201.44,204.04,198.54,201.99,50827693
2024-02-13,0006.HK,205.47,206.82,200.32,204.42,82861003
2024-02-14,0006.HK,209.32,209.31,203.59,207.86,82686520
2024-02-15,0006.HK,209.99,213.84,208.27,211.77,19520089
2024-02-16,0006.HK,203.74,207.67,203.54,205.05,84183064
2024-02-19,0006.HK,208.46,206.94,201.63,206.48,75906354
2024-02-20,0006.HK,205.05,206.89,200.0,204.88,28767277
2024-02-21,0006.HK,202.34,203.7,202.41,202.62,11651256
2024-02-22,0006.HK,206.35,209.53,200.83,204.37,74241817
2024-02-23,0006.HK,199.79,200.38,195.16,199.1,51799133
2024-02-26,0006.HK,194.45,197.07,190.85,193.91,44872075
2024-02-27,0006.HK,195.79,198.35,193.1,195.8,88910544
2024-02-28,0006.HK,197.79,201.54,194.89,197.27,64658750
2024-02-29,0006.HK,198.02,197.87,197.71,197.71,4327314
2024-03-01,0006.HK,194.73,195.76,189.86,195.14,79559168
2024-03-04,0006.HK,197.07,202.1,193.05,197.36,26389816
2024-03-05,0006.HK,198.42,203.1,198.31,199.41,45773839
2024-03-06,0006.HK,199.22,205.54,194.42,199.71,49176635
2024-03-07,0006.HK,195.86,196.8,191.91,196.22,3815680
2024-03-08,0006.HK,196.48,198.56,193.93,195.01,52633890
2024-03-11,0006.HK,197.89,201.65,196.95,197.5,10083436
2024-03-12,0006.HK,200.79,205.75,201.22,201.47,98099935
2024-03-13,0006.HK,201.08,201.69,195.22,200.52,94658320
2024-03-14,0006.HK,199.55,200.98,199.42,199.81,11347902
2024-03-15,0006.HK,200.28,203.11,193.91,199.37,34536130
2024-03-18,0006.HK,198.83,203.86,197.09,200.23,1423237
2024-03-19,0006.HK,200.41,200.61,194.11,198.52,23021852
2024-03-20,0006.HK,188.65,195.64,185.93,189.94,41145836
2024-03-21,0006.HK,194.82,197.11,189.72,193.38,89934515
2024-03-22,0006.HK,199.62,199.98,196.5,198.63,92317451
2024-03-25,0006.HK,196.83,201.17,196.67,196.84,69350999
2024-03-26,0006.HK,192.19,195.15,191.38,193.73,28280025
2024-03-27,0006.HK,195.14,195.72,190.22,193.37,70458607
2024-03-28,0006.HK,192.96,195.08,187.52,192.87,60048113
2024-03-29,0006.HK,197.22,199.81,192.15,195.78,13644880
2023-04-14,0012.HK,404.57,418.19,396.8,408.25,13552689
2023-04-17,0012.HK,408.82,424.24,401.82,411.95,89779422
2023-04-18,0012.HK,412.25,412.94,403.73,408.24,78130034
2023-04-19,0012.HK,417.05,419.98,410.85,417.95,77416876
2023-04-20,0012.HK,428.32,428.87,415.38,425.92,92135509
2023-04-21,0012.HK,422.18,435.46,413.88,426.06,83952105
2023-04-24,0012.HK,430.0,430.35,414.69,426.54,48587769
2023-04-25,0012.HK,419.52,426.49,416.98,421.21,21772777
2023-04-26,0012.HK,416.08,427.07,412.81,417.27,33301273
2023-04-27,0012.HK,411.6,419.67,405.23,410.25,24710186
2023-04-28,0012.HK,404.99,418.93,406.9,409.08,70062845
2023-05-01,0012.HK,406.07,416.73,407.34,409.54,39577163
2023-05-02,0012.HK,397.44,406.9,397.77,399.85,5838125
2023-05-03,0012.HK,404.85,411.86,399.25,404.07,65353334
2023-05-04,0012.HK,399.92,400.43,389.71,398.87,62280406
2023-05-05,0012.HK,397.54,409.06,397.38,401.41,24678301
2023-05-08,0012.HK,407.15,412.86,397.34,406.35,46834427
2023-05-09,0012.HK,417.8,419.7,409.8,414.4,4499731
2023-05-10,0012.HK,417.75,422.33,418.5,421.3,35675432
2023-05-11,0012.HK,429.5,441.54,421.1,431.86,25402759
2023-05-12,0012.HK,436.62,441.57,431.79,437.23,34446221
2023-05-15,0012.HK,437.47,449.76,436.89,438.41,82943407
2023-05-16,0012.HK,438.57,442.83,430.77,435.39,56160143
2023-05-17,0012.HK,437.18,441.88,423.11,434.7,81148431
2023-05-18,0012.HK,447.73,456.37,434.59,445.41,27890088
2023-05-19,0012.HK,442.36,450.95,432.64,444.18,39152793
2023-05-22,0012.HK,441.41,447.76,440.32,444.23,85626304
2023-05-23,0012.HK,449.82,461.87,441.02,454.16,9439675
2023-05-24,0012.HK,454.52,462.65,450.13,452.66,47949909
2023-05-25,0012.HK,450.57,449.59,437.28,447.35,14315712
2023-05-26,0012.HK,457.75,458.17,443.52,455.05,62687958
2023-05-29,0012.HK,445.69,450.1,437.44,449.49,1023847
2023-05-30,0012.HK,454.08,459.93,441.58,452.3,24067489
2023-05-31,0012.HK,456.77,460.78,449.84,453.95,45822789
2023-06-01,0012.HK,453.79,469.47,450.24,456.19,13967208
2023-06-02,0012.HK,438.89,444.06,429.35,439.72,93410558
2023-06-05,0012.HK,448.34,447.61,436.31,444.96,76469223
2023-06-06,0012.HK,442.05,452.54,440.64,444.65,65743260
2023-06-07,0012.HK,450.7,458.36,448.37,448.85,35303390
2023-06-08,0012.HK,455.73,452.6,442.65,452.31,5816922
2023-06-09,0012.HK,455.92,455.92,452.44,454.54,65012576
2023-06-12,0012.HK,447.67,461.62,450.05,451.92,66450979
2023-06-13,0012.HK,445.18,460.96,445.79,449.4,38466679
2023-06-14,0012.HK,447.58,455.59,447.33,449.12,25953875
2023-06-15,0012.HK,446.77,462.05,437.21,450.37,91188705
2023-06-16,0012.HK,445.85,454.42,435.94,447.59,90323241
2023-06-19,0012.HK,456.28,466.6,449.7,454.01,19284683
2023-06-20,0012.HK,450.14,458.47,446.55,451.87,92719484
2023-06-21,0012.HK,444.29,454.71,444.8,445.32,16085032
2023-06-22,0012.HK,452.64,455.06,445.78,449.38,30060295
2023-06-23,0012.HK,460.62,462.53,461.76,462.15,81531804
2023-06-26,0012.HK,450.46,467.77,448.77,454.15,85519135
2023-06-27,0012.HK,449.46,458.69,448.9,453.39,11536938
2023-06-28,0012.HK,460.61,466.84,449.88,460.72,30726713
2023-06-29,0012.HK,469.09,468.77,453.78,464.75,54084707
2023-06-30,0012.HK,470.77,479.38,465.71,469.17,4646416
2023-07-03,0012.HK,468.48,480.38,468.14,469.48,60617812
2023-07-04,0012.HK,446.82,456.22,438.33,450.85,75105248
2023-07-05,0012.HK,448.74,455.21,444.77,452.69,46802188
2023-07-06,0012.HK,454.46,461.65,451.4,455.32,37557613
2023-07-07,0012.HK,463.54,467.31,454.12,463.1,61766096
2023-07-10,0012.HK,457.88,467.91,451.93,457.97,80553834
2023-07-11,0012.HK,469.09,476.54,464.97,469.62,22903150
2023-07-12,0012.HK,466.46,476.29,453.91,467.53,44260171
2023-07-13,0012.HK,465.16,477.71,462.53,464.24,28793453
2023-07-14,0012.HK,459.38,460.09,448.85,459.31,77710730
2023-07-17,0012.HK,463.1,470.22,465.83,466.61,82561724
2023-07-18,0012.HK,461.62,470.94,455.59,459.04,12938035
2023-07-19,0012.HK,463.63,469.66,453.9,463.48,83570000
2023-07-20,0012.HK,457.63,458.79,448.0,457.96,23633484
2023-07-21,0012.HK,461.29,466.64,451.71,457.75,51158274
2023-07-24,0012.HK,448.71,457.5,441.39,447.37,93890256
2023-07-25,0012.HK,457.05,466.25,448.24,452.73,93329426
2023-07-26,0012.HK,450.94,463.45,450.57,451.8,90509906
2023-07-27,0012.HK,458.68,461.23,444.17,455.67,34061679
2023-07-28,0012.HK,456.97,457.71,447.42,454.54,56974552
2023-07-31,0012.HK,459.18,471.09,453.57,458.23,78843582
2023-08-01,0012.HK,458.75,469.45,447.88,458.0,21777889
2023-08-02,0012.HK,467.13,472.82,458.62,463.18,47262228
2023-08-03,0012.HK,465.83,474.77,454.66,466.98,46016543
2023-08-04,0012.HK,468.03,476.01,463.32,468.45,95774518
2023-08-07,0012.HK,463.62,474.47,456.07,462.22,63065860
2023-08-08,0012.HK,455.33,461.11,453.49,459.28,40175574
2023-08-09,0012.HK,456.76,461.45,452.45,454.05,97260836
2023-08-10,0012.HK,460.6,469.37,459.21,463.87,31243386
2023-08-11,0012.HK,467.21,480.85,469.12,469.39,77606529
2023-08-14,0012.HK,469.98,475.99,463.27,469.75,46821130
2023-08-15,0012.HK,465.91,468.73,464.54,465.89,75698965
2023-08-16,0012.HK,462.13,473.58,450.57,460.46,9034781
2023-08-17,0012.HK,464.41,475.22,455.56,461.4,6822129
2023-08-18,0012.HK,476.91,475.3,467.7,474.25,28475714
2023-08-21,0012.HK,478.32,480.81,472.94,474.38,30609027
2023-08-22,0012.HK,481.94,496.76,471.46,483.03,58271614
2023-08-23,0012.HK,484.04,496.39,472.45,485.13,44284281
2023-08-24,0012.HK,491.26,495.29,475.5,489.32,70806113
2023-08-25,0012.HK,485.95,486.09,480.27,485.92,92068221
2023-08-28,0012.HK,480.81,493.17,480.64,484.58,8006593
2023-08-29,0012.HK,474.07,485.31,475.64,478.64,16911221
2023-08-30,0012.HK,484.16,490.4,471.29,480.92,52066754
2023-08-31,0012.HK,483.73,482.37,472.07,479.26,62824169
2023-09-01,0012.HK,478.46,482.57,467.68,481.95,33144592
2023-09-04,0012.HK,470.87,486.37,474.88,474.92,7069078
2023-09-05,0012.HK,477.62,478.63,465.84,478.26,32969333
2023-09-06,0012.HK,478.55,493.09,470.88,479.57,50131488
2023-09-07,0012.HK,478.2,480.65,479.2,480.65,9089760
2023-09-08,0012.HK,488.04,485.45,477.82,483.55,99941648
2023-09-11,0012.HK,478.44,488.06,478.75,481.93,4186824
2023-09-12,0012.HK,511.47,510.77,497.87,509.54,16847540
2023-09-13,0012.HK,517.4,516.0,498.45,513.22,59174942
2023-09-14,0012.HK,512.55,520.39,500.55,514.13,75075214
2023-09-15,0012.HK,521.02,525.64,507.04,519.96,59751722
2023-09-18,0012.HK,518.87,520.83,500.92,516.0,22220054
2023-09-19,0012.HK,513.68,527.0,496.66,511.81,31309202
2023-09-20,0012.HK,513.52,522.97,508.82,518.06,92165347
2023-09-21,0012.HK,520.67,537.31,515.55,525.07,81315022
2023-09-22,0012.HK,534.7,535.19,533.7,534.56,9190672
2023-09-25,0012.HK,524.26,537.02,508.8,523.24,55835445
2023-09-26,0012.HK,525.74,537.81,518.03,522.35,28555103
2023-09-27,0012.HK,527.14,536.16,520.31,525.04,85571783
2023-09-28,0012.HK,526.44,532.55,525.1,530.82,95434228
2023-09-29,0012.HK,534.75,550.54,534.12,535.12,90388064
2023-10-02,0012.HK,532.72,542.63,525.54,528.39,69802916
2023-10-03,0012.HK,527.51,534.69,518.75,532.58,3330488
2023-10-04,0012.HK,531.15,550.02,529.85,535.25,31895228
2023-10-05,0012.HK,541.07,545.8,524.07,537.92,88565706
2023-10-06,0012.HK,527.47,540.27,517.91,529.18,50507053
2023-10-09,0012.HK,525.17,524.32,521.51,521.87,7951376
2023-10-10,0012.HK,536.52,550.89,535.28,536.16,23978787
2023-10-11,0012.HK,540.32,556.02,528.55,544.19,49038657
2023-10-12,0012.HK,547.01,552.93,530.54,543.79,49217385
2023-10-13,0012.HK,548.1,553.59,538.98,543.52,34290124
2023-10-16,0012.HK,558.25,566.06,553.89,561.75,28741795
2023-10-17,0012.HK,562.72,574.19,557.77,562.25,17303809
2023-10-18,0012.HK,564.19,572.7,544.74,561.38,6828345
2023-10-19,0012.HK,556.43,561.19,540.59,554.81,5395259
2023-10-20,0012.HK,549.21,568.86,548.45,552.97,53242836
2023-10-23,0012.HK,543.89,549.14,534.69,539.13,28982530
2023-10-24,0012.HK,544.41,545.78,533.74,543.44,4290792
2023-10-25,0012.HK,550.68,555.06,543.65,553.82,84460481
2023-10-26,0012.HK,563.1,578.57,558.67,564.48,51443415
2023-10-27,0012.HK,555.71,574.1,542.8,558.65,69202388
2023-10-30,0012.HK,540.84,546.67,527.23,539.53,43638897
2023-10-31,0012.HK,546.43,556.0,541.43,542.38,31471527
2023-11-01,0012.HK,551.97,553.53,552.27,553.22,33609619
2023-11-02,0012.HK,538.99,554.73,532.35,540.02,57051279
2023-11-03,0012.HK,533.62,545.14,535.78,537.1,56313090
2023-11-06,0012.HK,537.44,540.59,529.34,540.09,57686500
2023-11-07,0012.HK,528.5,543.14,525.76,533.38,78560111
2023-11-08,0012.HK,514.77,531.84,512.19,519.66,37682403
2023-11-09,0012.HK,518.75,516.44,506.9,513.97,32777165
2023-11-10,0012.HK,509.97,518.13,495.76,509.69,66452379
2023-11-13,0012.HK,496.7,506.8,481.85,495.37,30428596
2023-11-14,0012.HK,504.94,505.49,498.56,503.43,6843644
2023-11-15,0012.HK,513.56,528.35,511.77,515.26,64831310
2023-11-16,0012.HK,519.42,526.57,508.16,515.6,97992032
2023-11-17,0012.HK,523.37,530.75,512.09,521.34,90338837
2023-11-20,0012.HK,507.79,510.02,497.59,509.88,11842231
2023-11-21,0012.HK,507.05,521.5,503.58,508.9,17729078
2023-11-22,0012.HK,507.49,512.21,497.2,504.58,36849105
2023-11-23,0012.HK,511.5,512.64,493.99,507.79,30970170
2023-11-24,0012.HK,489.44,496.96,475.47,487.35,12066645
2023-11-27,0012.HK,486.78,495.07,475.99,485.22,84437336
2023-11-28,0012.HK,494.58,492.91,483.68,489.89,1529286
2023-11-29,0012.HK,493.83,497.85,479.84,491.74,75469970
2023-11-30,0012.HK,500.7,499.27,483.3,497.61,34073765
2023-12-01,0012.HK,494.49,504.99,486.53,493.25,58494128
2023-12-04,0012.HK,475.29,479.95,466.94,472.46,52105516
2023-12-05,0012.HK,483.99,483.73,469.73,480.34,13668184
2023-12-06,0012.HK,489.01,491.91,476.4,485.9,98153522
2023-12-07,0012.HK,501.68,511.94,484.63,497.43,89233929
2023-12-08,0012.HK,496.38,498.28,488.99,498.09,51410438
2023-12-11,0012.HK,497.37,509.38,498.58,501.3,38387444
2023-12-12,0012.HK,517.38,524.19,517.72,518.91,5827051
2023-12-13,0012.HK,504.05,508.61,503.0,504.61,10509174
2023-12-14,0012.HK,507.18,514.28,506.37,508.08,22333851
2023-12-15,0012.HK,518.96,519.54,516.74,517.46,59708480
2023-12-18,0012.HK,520.52,525.97,508.97,519.21,22054966
2023-12-19,0012.HK,520.91,534.72,509.85,519.83,88432531
2023-12-20,0012.HK,504.8,522.64,498.46,508.37,38592993
2023-12-21,0012.HK,519.27,530.85,515.29,519.66,48479269
2023-12-22,0012.HK,528.34,528.57,517.07,528.09,35255690
2023-12-25,0012.HK,538.99,547.38,533.67,538.36,71985702
2023-12-26,0012.HK,535.44,550.73,522.46,538.29,71900026
2023-12-27,0012.HK,531.55,547.54,528.21,535.81,44288195
2023-12-28,0012.HK,537.91,536.45,523.38,535.86,62027574
2023-12-29,0012.HK,553.45,555.91,537.41,549.63,52354907
2024-01-01,0012.HK,548.93,554.5,545.57,547.59,52820432
2024-01-02,0012.HK,554.68,563.62,550.65,559.88,70074826
2024-01-03,0012.HK,555.62,575.12,547.33,558.75,53715540
2024-01-04,0012.HK,546.37,566.32,548.18,551.68,20350342
2024-01-05,0012.HK,539.23,539.67,529.66,534.6,82078655
2024-01-08,0012.HK,541.91,554.16,537.11,539.31,99466539
2024-01-09,0012.HK,542.17,550.62,539.68,545.63,73571671
2024-01-10,0012.HK,536.7,537.51,533.78,536.33,96126561
2024-01-11,0012.HK,547.28,552.01,532.18,548.31,24492604
2024-01-12,0012.HK,539.21,551.75,522.46,537.06,55772659
2024-01-15,0012.HK,545.0,547.38,535.87,542.88,71809594
2024-01-16,0012.HK,552.86,556.61,545.0,549.15,30876514
2024-01-17,0012.HK,554.9,561.24,547.37,558.1,4552088
2024-01-18,0012.HK,539.36,552.32,535.99,541.72,8281826
2024-01-19,0012.HK,548.15,559.9,539.24,550.49,42380814
2024-01-22,0012.HK,551.75,549.56,537.48,549.41,15094852
2024-01-23,0012.HK,542.64,562.44,536.49,546.71,53181769
2024-01-24,0012.HK,556.18,554.38,540.98,553.59,83382630
2024-01-25,0012.HK,565.74,567.96,551.14,561.68,75932790
2024-01-26,0012.HK,542.8,546.95,532.89,545.03,39347128
2024-01-29,0012.HK,529.81,542.27,530.43,534.6,51860769
2024-01-30,0012.HK,539.66,551.51,539.57,544.32,6751568
2024-01-31,0012.HK,543.48,554.4,535.07,548.31,93543298
2024-02-01,0012.HK,550.81,554.65,545.04,549.91,38117976
2024-02-02,0012.HK,537.91,545.75,536.08,541.89,6135734
2024-02-05,0012.HK,543.09,548.98,532.49,545.57,68593478
2024-02-06,0012.HK,559.27,567.59,549.75,555.65,91728725
2024-02-07,0012.HK,570.0,577.97,564.98,575.08,37872712
2024-02-08,0012.HK,571.2,575.69,557.54,572.14,51410131
2024-02-09,0012.HK,584.75,586.6,563.14,579.78,70910566
2024-02-12,0012.HK,593.54,600.41,583.95,596.03,72657736
2024-02-13,0012.HK,586.92,593.49,571.34,583.2,31737345
2024-02-14,0012.HK,594.55,615.83,592.55,599.05,3670487
2024-02-15,0012.HK,602.93,609.04,600.48,600.98,82087813
2024-02-16,0012.HK,597.82,614.77,592.48,601.77,19517471
2024-02-19,0012.HK,599.38,606.81,579.64,597.0,65012207
2024-02-20,0012.HK,595.47,596.43,582.26,593.86,59003998
2024-02-21,0012.HK,583.1,602.37,570.21,587.35,11180904
2024-02-22,0012.HK,574.62,588.24,572.47,579.07,40970338
2024-02-23,0012.HK,580.62,597.24,566.79,583.09,28748894
2024-02-26,0012.HK,587.47,593.18,581.43,592.94,20287542
2024-02-27,0012.HK,581.03,598.11,569.08,583.74,78243103
2024-02-28,0012.HK,579.79,583.42,569.91,577.77,44999125
2024-02-29,0012.HK,575.79,595.89,572.61,580.1,88143764
2024-03-01,0012.HK,574.22,571.89,556.95,570.52,15380850
2024-03-04,0012.HK,576.51,587.54,564.61,572.72,11313629
2024-03-05,0012.HK,566.36,584.45,569.31,570.52,20748092
2024-03-06,0012.HK,551.18,562.15,540.43,556.62,82969516
2024-03-07,0012.HK,560.57,571.46,550.77,560.67,35205247
2024-03-08,0012.HK,552.97,568.92,550.98,556.06,36712169
2024-03-11,0012.HK,562.7,564.74,548.86,564.72,62702296
2024-03-12,0012.HK,563.34,570.53,560.27,563.18,50885922
2024-03-13,0012.HK,556.0,559.98,554.29,557.28,58048576
2024-03-14,0012.HK,552.58,567.96,547.51,557.12,81327236
2024-03-15,0012.HK,572.36,577.83,563.04,567.61,6602493
2024-03-18,0012.HK,584.11,596.62,574.59,583.4,59761458
2024-03-19,0012.HK,593.41,592.21,572.78,588.71,69373717
2024-03-20,0012.HK,587.39,598.52,577.35,583.63,83488128
2024-03-21,0012.HK,586.37,585.56,579.86,584.03,18756609
2024-03-22,0012.HK,580.21,590.19,571.29,583.28,32843522
2024-03-25,0012.HK,578.23,587.22,564.97,582.08,47818183
2024-03-26,0012.HK,583.1,594.98,576.86,579.98,42229314
2024-03-27,0012.HK,574.33,576.63,555.5,571.7,67921181
2024-03-28,0012.HK,581.9,594.13,573.5,580.18,16532270
2024-03-29,0012.HK,591.94,598.85,584.39,587.78,77636604
2023-04-14,0016.HK,152.83,154.49,147.98,152.53,80954719
2023-04-17,0016.HK,150.93,154.41,149.05,152.08,34866815
2023-04-18,0016.HK,151.29,155.88,148.67,151.36,19050593
2023-04-19,0016.HK,153.76,154.5,149.3,153.41,5967243
2023-04-20,0016.HK,151.78,155.22,150.6,153.24,19368994
2023-04-21,0016.HK,155.04,154.76,153.77,154.16,59170021
2023-04-24,0016.HK,154.25,160.22,152.49,155.73,45547520
2023-04-25,0016.HK,153.26,157.29,151.55,153.93,14104922
2023-04-26,0016.HK,153.62,158.22,151.3,154.85,14641544
2023-04-27,0016.HK,158.01,161.82,154.59,158.01,28366729
2023-04-28,0016.HK,156.82,156.47,153.99,155.78,95546334
2023-05-01,0016.HK,157.93,157.15,153.66,156.86,15095072
2023-05-02,0016.HK,156.33,159.52,151.38,154.94,67300205
2023-05-03,0016.HK,158.42,158.45,153.51,157.34,2109891
2023-05-04,0016.HK,159.48,164.08,159.3,159.76,13646569
2023-05-05,0016.HK,158.01,160.89,157.9,158.95,61573296
2023-05-08,0016.HK,164.29,167.16,159.79,164.25,48288700
2023-05-09,0016.HK,168.65,167.45,164.6,167.01,30269276
2023-05-10,0016.HK,168.95,171.72,166.67,168.81,85368669
2023-05-11,0016.HK,170.12,173.13,165.43,170.49,79165509
2023-05-12,0016.HK,172.21,177.28,169.23,173.04,2068061
2023-05-15,0016.HK,169.32,175.53,167.01,170.49,11773566
2023-05-16,0016.HK,169.72,172.62,166.09,171.02,51637370
2023-05-17,0016.HK,171.06,174.72,167.61,172.04,43555865
2023-05-18,0016.HK,171.38,171.36,167.96,171.04,30949858
2023-05-19,0016.HK,171.38,175.39,170.14,172.27,63439280
2023-05-22,0016.HK,174.29,176.99,171.33,175.49,54509856
2023-05-23,0016.HK,174.28,176.14,173.29,174.41,10303400
2023-05-24,0016.HK,175.96,174.91,173.12,174.3,37454788
2023-05-25,0016.HK,173.45,172.58,168.96,172.19,34208897
2023-05-26,0016.HK,169.27,172.57,163.54,167.61,63364749
2023-05-29,0016.HK,169.73,170.39,165.37,169.6,98935921
2023-05-30,0016.HK,169.41,170.21,165.58,169.57,27566458
2023-05-31,0016.HK,169.77,171.44,166.95,169.73,17483455
2023-06-01,0016.HK,166.67,167.6,166.7,167.25,20676495
2023-06-02,0016.HK,167.67,168.57,164.19,166.82,29834842
2023-06-05,0016.HK,170.26,173.89,165.96,169.6,24979546
2023-06-06,0016.HK,170.25,170.62,167.8,169.63,10348379
2023-06-07,0016.HK,170.15,172.35,165.23,169.74,65261259
2023-06-08,0016.HK,170.12,171.41,167.0,170.3,49718108
2023-06-09,0016.HK,165.81,171.98,165.5,167.18,11150963
2023-06-12,0016.HK,169.87,170.41,166.74,168.78,28437141
2023-06-13,0016.HK,166.41,169.23,163.41,165.63,24851633
2023-06-14,0016.HK,162.53,165.21,159.14,163.33,34427915
2023-06-15,0016.HK,161.39,164.8,157.58,160.79,24125435
2023-06-16,0016.HK,161.47,164.69,157.57,160.4,3663511
2023-06-19,0016.HK,160.21,163.34,154.89,159.59,59908054
2023-06-20,0016.HK,159.9,161.43,158.42,159.62,43389724
2023-06-21,0016.HK,158.04,159.92,153.93,157.48,61043585
2023-06-22,0016.HK,160.65,164.56,156.92,159.89,7382781
2023-06-23,0016.HK,163.5,164.95,161.66,161.92,11278881
2023-06-26,0016.HK,161.02,162.18,160.73,161.53,88153931
2023-06-27,0016.HK,160.41,161.3,156.2,160.4,59228246
2023-06-28,0016.HK,159.06,162.36,155.73,159.04,40834431
2023-06-29,0016.HK,156.82,161.23,155.59,158.33,92056698
2023-06-30,0016.HK,155.48,156.89,151.62,155.04,90623209
2023-07-03,0016.HK,151.36,154.34,152.58,152.84,65749267
2023-07-04,0016.HK,154.94,155.79,154.07,154.84,21215707
2023-07-05,0016.HK,154.79,156.47,151.64,155.57,95377937
2023-07-06,0016.HK,159.74,162.47,159.2,159.42,23826930
2023-07-07,0016.HK,157.17,161.59,156.39,158.74,48287387
2023-07-10,0016.HK,156.52,160.06,154.53,157.91,28181903
2023-07-11,0016.HK,156.1,158.54,153.93,156.97,31568801
2023-07-12,0016.HK,157.75,160.62,154.26,156.25,98124429
2023-07-13,0016.HK,156.26,156.39,152.16,154.74,95947115
2023-07-14,0016.HK,155.73,156.39,153.95,155.4,21368872
2023-07-17,0016.HK,155.0,156.56,151.97,155.49,1460902
2023-07-18,0016.HK,155.51,155.71,150.11,154.34,9611753
2023-07-19,0016.HK,157.44,161.95,153.23,157.26,10862556
2023-07-20,0016.HK,161.57,164.5,158.35,161.77,30949687
2023-07-21,0016.HK,164.38,166.18,164.21,164.63,5153502
2023-07-24,0016.HK,165.16,170.07,165.22,166.04,12043952
2023-07-25,0016.HK,169.57,171.47,164.31,167.97,46147748
2023-07-26,0016.HK,171.98,173.46,169.01,172.69,58429101
2023-07-27,0016.HK,175.83,176.59,171.27,174.69,47332069
2023-07-28,0016.HK,173.69,177.1,169.69,173.19,59048894
2023-07-31,0016.HK,173.86,177.99,169.88,174.24,26435561
2023-08-01,0016.HK,175.66,180.61,173.66,175.92,96574215
2023-08-02,0016.HK,171.95,175.72,170.31,173.33,60420411
2023-08-03,0016.HK,173.7,176.98,170.91,172.62,64512100
2023-08-04,0016.HK,177.08,177.52,174.62,175.5,92228868
2023-08-07,0016.HK,170.71,174.47,167.55,170.74,16729022
2023-08-08,0016.HK,167.86,168.56,164.84,167.57,87415052
2023-08-09,0016.HK,165.78,167.31,165.19,167.16,33775071
2023-08-10,0016.HK,167.81,170.13,163.48,168.08,1353076
2023-08-11,0016.HK,166.0,165.77,161.86,164.69,97220653
2023-08-14,0016.HK,165.49,164.94,161.99,164.41,73277823
2023-08-15,0016.HK,167.95,171.11,164.57,167.29,18416370
2023-08-16,0016.HK,167.38,170.75,165.53,167.5,7981683
2023-08-17,0016.HK,168.41,174.81,165.57,169.89,30151783
2023-08-18,0016.HK,169.31,170.48,164.28,168.41,47256005
2023-08-21,0016.HK,166.63,168.66,166.0,166.4,29185230
2023-08-22,0016.HK,169.1,169.12,165.48,168.55,74358331
2023-08-23,0016.HK,168.59,172.52,165.22,169.52,11167467
2023-08-24,0016.HK,166.62,169.91,162.11,166.54,91859848
2023-08-25,0016.HK,163.67,165.16,160.64,164.57,17787673
2023-08-28,0016.HK,167.09,172.5,165.92,168.47,39463424
2023-08-29,0016.HK,167.66,168.01,162.01,166.16,28130246
2023-08-30,0016.HK,167.65,171.05,164.94,168.53,52090056
2023-08-31,0016.HK,167.92,171.25,165.9,167.35,21353480
2023-09-01,0016.HK,166.09,170.1,163.35,167.38,9408438
2023-09-04,0016.HK,168.24,169.8,166.92,168.15,32104971
2023-09-05,0016.HK,164.44,166.59,158.28,162.88,51378401
2023-09-06,0016.HK,159.54,162.67,156.94,159.34,48860916
2023-09-07,0016.HK,159.16,160.88,159.32,159.58,32442070
2023-09-08,0016.HK,156.5,158.67,157.2,157.88,59076712
2023-09-11,0016.HK,161.17,164.16,159.42,160.27,55510757
2023-09-12,0016.HK,155.43,157.14,154.44,156.44,37284921
2023-09-13,0016.HK,157.98,160.16,155.92,157.8,4179067
2023-09-14,0016.HK,153.13,157.92,150.83,154.57,65567647
2023-09-15,0016.HK,153.93,158.32,153.03,153.79,41900317
2023-09-18,0016.HK,151.72,151.9,148.58,151.36,73654886
2023-09-19,0016.HK,156.1,157.98,151.87,155.71,80511446
2023-09-20,0016.HK,151.92,156.37,150.84,152.62,37900411
2023-09-21,0016.HK,150.97,153.43,151.86,152.37,81979460
2023-09-22,0016.HK,148.67,150.53,146.88,148.45,47158564
2023-09-25,0016.HK,152.48,153.44,151.31,152.04,70489871
2023-09-26,0016.HK,152.47,156.8,150.64,152.99,18289247
2023-09-27,0016.HK,152.04,156.55,152.71,153.33,80936756
2023-09-28,0016.HK,157.24,157.42,152.49,156.75,35157932
2023-09-29,0016.HK,158.25,161.67,153.56,157.13,76447471
2023-10-02,0016.HK,157.91,157.83,155.52,157.68,80788099
2023-10-03,0016.HK,157.32,162.28,154.4,158.02,8570840
2023-10-04,0016.HK,158.31,163.39,156.61,159.39,79897610
2023-10-05,0016.HK,158.35,160.53,157.33,158.25,42925273
2023-10-06,0016.HK,158.72,158.25,156.05,157.77,70556118
2023-10-09,0016.HK,160.99,160.79,157.82,159.72,43892399
2023-10-10,0016.HK,160.04,160.93,156.25,160.42,83861857
2023-10-11,0016.HK,160.97,162.01,159.35,160.17,8995852
2023-10-12,0016.HK,157.23,160.92,156.08,156.84,37905493
2023-10-13,0016.HK,161.18,162.45,159.63,160.4,53545433
2023-10-16,0016.HK,159.68,159.21,156.88,158.84,55478133
2023-10-17,0016.HK,161.57,164.58,160.82,161.22,78782526
2023-10-18,0016.HK,160.77,165.68,157.42,161.68,62597659
2023-10-19,0016.HK,159.79,159.05,157.86,158.57,80063452
2023-10-20,0016.HK,161.6,163.08,158.7,161.58,96897155
2023-10-23,0016.HK,161.26,165.05,157.77,162.23,22571413
2023-10-24,0016.HK,166.39,167.02,165.44,165.51,50580887
2023-10-25,0016.HK,165.15,165.27,164.88,165.09,18249110
2023-10-26,0016.HK,167.0,168.85,163.95,166.87,64686716
2023-10-27,0016.HK,163.02,163.25,160.05,162.49,79257267
2023-10-30,0016.HK,161.12,162.11,157.98,161.31,22025576
2023-10-31,0016.HK,157.07,160.05,156.08,158.26,8202401
2023-11-01,0016.HK,157.73,162.09,157.23,157.4,83088174
2023-11-02,0016.HK,157.8,158.65,157.75,158.55,6516302
2023-11-03,0016.HK,156.21,159.71,153.27,157.14,83545044
2023-11-06,0016.HK,160.09,162.82,158.33,159.21,22750476
2023-11-07,0016.HK,157.91,158.87,155.62,157.19,13080151
2023-11-08,0016.HK,159.97,163.96,154.74,159.31,10289061
2023-11-09,0016.HK,161.25,164.57,159.02,162.47,80885095
2023-11-10,0016.HK,164.89,167.37,163.58,164.98,36834929
2023-11-13,0016.HK,163.68,167.89,163.07,164.16,2425478
2023-11-14,0016.HK,157.82,159.97,155.87,158.96,29853360
2023-11-15,0016.HK,160.92,164.36,156.49,160.38,56735025
2023-11-16,0016.HK,159.68,162.54,158.29,160.11,89466382
2023-11-17,0016.HK,156.82,158.2,156.03,157.79,40018954
2023-11-20,0016.HK,155.45,157.05,154.43,156.5,30746588
2023-11-21,0016.HK,161.49,161.85,156.12,159.9,63256055
2023-11-22,0016.HK,156.4,159.54,154.77,157.21,45902205
2023-11-23,0016.HK,159.28,159.37,157.89,158.34,79342709
2023-11-24,0016.HK,158.36,159.75,155.46,158.89,33930988
2023-11-27,0016.HK,158.25,158.29,157.67,158.07,10768810
2023-11-28,0016.HK,158.93,160.16,156.07,159.63,83929708
2023-11-29,0016.HK,163.95,164.69,162.94,163.57,80270493
2023-11-30,0016.HK,163.71,167.02,161.02,162.88,50642298
2023-12-01,0016.HK,161.91,163.41,160.16,162.32,89059742
2023-12-04,0016.HK,164.17,168.39,160.7,163.86,69818659
2023-12-05,0016.HK,166.65,169.5,164.39,166.15,22943812
2023-12-06,0016.HK,164.69,170.74,161.12,165.87,47305912
2023-12-07,0016.HK,164.9,166.93,164.06,165.14,74789678
2023-12-08,0016.HK,160.98,161.58,157.59,159.68,89338397
2023-12-11,0016.HK,159.41,162.44,156.51,157.85,15179528
2023-12-12,0016.HK,153.71,159.03,154.44,155.19,74889729
2023-12-13,0016.HK,156.12,159.82,153.59,156.81,45614176
2023-12-14,0016.HK,155.9,160.55,152.68,156.27,58183479
2023-12-15,0016.HK,155.2,158.73,153.6,155.64,92473790
2023-12-18,0016.HK,154.41,156.68,154.55,155.65,37509897
2023-12-19,0016.HK,152.62,155.96,152.04,153.64,5437844
2023-12-20,0016.HK,156.6,161.07,154.99,157.26,4502542
2023-12-21,0016.HK,159.65,163.42,156.5,160.35,82911749
2023-12-22,0016.HK,164.85,166.6,163.86,164.27,39788276
2023-12-25,0016.HK,165.11,169.28,163.86,165.99,34189542
2023-12-26,0016.HK,165.43,167.93,162.42,165.95,71313899
2023-12-27,0016.HK,170.52,172.25,166.93,170.0,37140075
2023-12-28,0016.HK,167.57,168.73,164.6,168.3,32798933
2023-12-29,0016.HK,166.29,169.99,163.12,166.13,94530933
2024-01-01,0016.HK,165.75,169.53,164.06,164.67,62055868
2024-01-02,0016.HK,166.32,166.64,164.61,165.99,60420478
2024-01-03,0016.HK,164.15,167.54,161.39,164.13,52862106
2024-01-04,0016.HK,163.45,167.3,163.17,163.78,84243648
2024-01-05,0016.HK,160.79,159.94,159.45,159.88,28212696
2024-01-08,0016.HK,162.31,162.01,158.35,161.06,75190480
2024-01-09,0016.HK,157.87,159.39,155.91,157.43,55346001
2024-01-10,0016.HK,154.56,158.27,151.55,155.26,69704840
2024-01-11,0016.HK,156.55,160.73,155.28,158.12,31007273
2024-01-12,0016.HK,161.01,164.07,160.79,160.96,83473384
2024-01-15,0016.HK,162.6,164.22,158.94,161.89,4220435
2024-01-16,0016.HK,162.14,166.73,159.59,162.59,46696914
2024-01-17,0016.HK,160.6,162.66,156.79,161.33,61766588
2024-01-18,0016.HK,159.33,162.39,157.33,159.49,80085614
2024-01-19,0016.HK,159.45,162.33,156.27,158.66,36034253
2024-01-22,0016.HK,156.43,155.34,151.15,155.09,42540310
2024-01-23,0016.HK,156.06,155.74,154.4,155.71,56313927
2024-01-24,0016.HK,155.8,157.83,153.6,155.85,17016787
2024-01-25,0016.HK,152.5,155.04,152.36,153.7,59240500
2024-01-26,0016.HK,157.29,160.05,155.27,157.35,31397150
2024-01-29,0016.HK,157.53,163.08,156.91,158.81,70077051
2024-01-30,0016.HK,160.38,164.13,158.49,160.49,6326311
2024-01-31,0016.HK,160.59,160.81,155.23,159.35,9716059
2024-02-01,0016.HK,160.08,162.75,157.95,159.38,91659524
2024-02-02,0016.HK,160.42,163.62,159.07,160.91,97968701
2024-02-05,0016.HK,160.71,165.94,157.19,161.31,76636144
2024-02-06,0016.HK,165.66,169.27,160.41,165.22,8734973
2024-02-07,0016.HK,163.33,167.68,162.79,164.75,90704384
2024-02-08,0016.HK,163.43,163.87,159.66,163.53,1799236
2024-02-09,0016.HK,166.04,169.16,165.11,165.12,41807250
2024-02-12,0016.HK,160.47,163.16,160.02,162.02,96232353
2024-02-13,0016.HK,163.0,164.9,162.83,164.3,67053498
2024-02-14,0016.HK,160.33,165.06,156.92,161.13,92648442
2024-02-15,0016.HK,161.73,163.1,159.48,162.71,19596287
2024-02-16,0016.HK,161.24,164.48,158.69,161.16,66400125
2024-02-19,0016.HK,161.9,162.48,162.21,162.34,82121936
2024-02-20,0016.HK,163.18,166.8,162.78,164.58,19868832
2024-02-21,0016.HK,165.25,167.63,161.07,164.99,14979820
2024-02-22,0016.HK,162.9,163.63,158.38,162.06,74049956
2024-02-23,0016.HK,160.66,161.24,159.3,159.91,69136766
2024-02-26,0016.HK,157.71,160.22,156.9,158.19,21946799
2024-02-27,0016.HK,153.63,156.74,151.61,153.73,61224506
2024-02-28,0016.HK,156.5,157.29,153.59,156.36,53666564
2024-02-29,0016.HK,157.53,159.72,153.95,156.65,97465583
2024-03-01,0016.HK,152.8,154.97,150.97,154.01,23628635
2024-03-04,0016.HK,157.8,157.59,153.52,157.41,30041376
2024-03-05,0016.HK,156.35,159.87,154.84,155.78,19026012
2024-03-06,0016.HK,156.6,156.54,153.16,156.4,80792395
2024-03-07,0016.HK,154.36,155.19,151.89,154.49,20605259
2024-03-08,0016.HK,149.53,152.04,146.92,149.85,93759926
2024-03-11,0016.HK,146.99,150.52,145.76,146.81,66455464
2024-03-12,0016.HK,145.84,145.86,144.16,145.85,36239787
2024-03-13,0016.HK,146.72,149.82,146.67,147.85,96206101
2024-03-14,0016.HK,148.27,151.06,147.98,148.64,34065942
2024-03-15,0016.HK,147.92,150.25,148.54,148.99,16779917
2024-03-18,0016.HK,144.03,146.54,143.86,144.52,93833615
2024-03-19,0016.HK,147.09,151.43,143.6,147.31,16528376
2024-03-20,0016.HK,149.16,150.09,144.22,147.83,49311046
2024-03-21,0016.HK,148.43,151.26,146.99,147.6,57387519
2024-03-22,0016.HK,151.23,152.43,148.36,150.13,76113260
2024-03-25,0016.HK,152.74,153.31,149.99,152.97,62770477
2024-03-26,0016.HK,154.69,156.34,152.35,155.65,4179034
2024-03-27,0016.HK,155.86,156.31,151.03,155.11,70213812
2024-03-28,0016.HK,153.85,152.89,149.29,152.8,94578000
2024-03-29,0016.HK,154.74,159.47,151.72,155.1,22588695
2023-04-14,0017.HK,111.46,112.19,108.79,111.26,68155049
2023-04-17,0017.HK,111.76,112.1,111.15,111.54,68317630
2023-04-18,0017.HK,112.94,115.57,110.24,113.25,47357356
2023-04-19,0017.HK,113.37,114.26,111.86,114.12,15922812
2023-04-20,0017.HK,113.6,115.59,110.41,113.3,3436687
2023-04-21,0017.HK,111.8,111.16,108.96,111.15,49963746
2023-04-24,0017.HK,113.36,115.48,111.71,112.64,25472564
2023-04-25,0017.HK,113.72,114.06,110.56,113.23,55165667
2023-04-26,0017.HK,115.31,115.08,111.65,114.89,78632897
2023-04-27,0017.HK,116.54,117.81,113.73,115.71,84686331
2023-04-28,0017.HK,119.41,120.93,116.44,118.86,20601511
2023-05-01,0017.HK,118.31,119.52,116.15,118.5,52047474
2023-05-02,0017.HK,117.81,121.47,115.56,118.6,48618370
2023-05-03,0017.HK,120.62,121.78,117.73,120.03,48014239
2023-05-04,0017.HK,122.46,125.22,120.26,121.61,79550960
2023-05-05,0017.HK,121.04,125.46,122.06,122.23,57941764
2023-05-08,0017.HK,119.94,121.17,116.78,119.34,85372549
2023-05-09,0017.HK,116.42,118.21,115.01,116.19,85744313
2023-05-10,0017.HK,116.08,116.28,113.7,115.55,98049534
2023-05-11,0017.HK,115.73,118.86,114.96,115.61,66936320
2023-05-12,0017.HK,112.05,113.42,111.19,112.39,43823562
2023-05-15,0017.HK,113.03,114.93,110.04,112.36,70570149
2023-05-16,0017.HK,113.47,114.58,111.48,113.48,89639834
2023-05-17,0017.HK,113.09,114.38,111.2,113.4,22247225
2023-05-18,0017.HK,114.03,114.43,113.3,113.93,23332444
2023-05-19,0017.HK,115.18,115.39,114.88,114.96,46002970
2023-05-22,0017.HK,112.94,114.81,111.25,112.22,82909122
2023-05-23,0017.HK,112.43,115.65,110.84,113.34,78801294
2023-05-24,0017.HK,113.14,115.15,109.14,112.11,37585689
2023-05-25,0017.HK,111.43,112.15,108.71,111.74,39104123
2023-05-26,0017.HK,111.74,112.54,109.4,110.65,47630872
2023-05-29,0017.HK,112.82,115.68,111.07,112.46,7438807
2023-05-30,0017.HK,110.48,113.79,108.47,110.5,59794242
2023-05-31,0017.HK,111.92,113.29,112.39,112.81,30734118
2023-06-01,0017.HK,116.43,118.24,116.76,116.88,9354659
2023-06-02,0017.HK,114.91,115.36,113.67,114.19,99183809
2023-06-05,0017.HK,112.86,113.64,110.3,113.2,76115348
2023-06-06,0017.HK,113.46,115.16,111.54,114.27,36212177
2023-06-07,0017.HK,111.63,115.48,112.12,112.59,41880356
2023-06-08,0017.HK,112.4,114.31,111.31,112.15,52548318
2023-06-09,0017.HK,112.49,114.6,111.47,112.47,35322347
2023-06-12,0017.HK,110.91,112.19,109.78,111.29,36655413
2023-06-13,0017.HK,111.54,112.81,110.9,111.45,8239893
2023-06-14,0017.HK,113.22,115.01,110.97,113.06,42681068
2023-06-15,0017.HK,113.62,113.9,112.51,112.95,89737987
2023-06-16,0017.HK,111.54,113.79,109.92,111.21,53000652
2023-06-19,0017.HK,114.23,114.13,110.3,113.17,29461050
2023-06-20,0017.HK,115.82,116.2,115.24,115.56,41691415
2023-06-21,0017.HK,117.03,117.09,113.82,116.22,6863116
2023-06-22,0017.HK,113.97,116.21,114.34,114.53,39501394
2023-06-23,0017.HK,113.36,114.49,109.81,113.04,50849729
2023-06-26,0017.HK,108.1,111.94,108.24,109.05,38486495
2023-06-27,0017.HK,108.41,108.47,107.14,108.1,82450508
2023-06-28,0017.HK,110.56,110.79,107.43,109.85,52618371
2023-06-29,0017.HK,109.77,111.75,106.66,108.75,78203121
2023-06-30,0017.HK,108.11,108.05,106.66,107.21,27521667
2023-07-03,0017.HK,108.54,109.53,107.27,108.88,84487778
2023-07-04,0017.HK,110.84,111.19,108.29,110.78,56723324
2023-07-05,0017.HK,110.09,111.81,106.87,109.91,75615893
2023-07-06,0017.HK,111.68,112.47,109.84,110.77,91487533
2023-07-07,0017.HK,109.66,111.56,108.44,109.35,26789742
2023-07-10,0017.HK,108.99,111.56,106.51,108.81,89819879
2023-07-11,0017.HK,106.12,107.21,104.67,105.86,40784130
2023-07-12,0017.HK,107.18,108.0,106.14,106.46,51471000
2023-07-13,0017.HK,106.65,109.5,103.59,106.31,73936185
2023-07-14,0017.HK,104.5,107.91,103.99,105.26,93877796
2023-07-17,0017.HK,105.91,105.37,102.42,105.14,60515921
2023-07-18,0017.HK,104.86,105.35,102.08,104.82,56835087
2023-07-19,0017.HK,102.61,106.26,102.94,103.54,78751627
2023-07-20,0017.HK,103.17,104.33,102.77,104.18,99448143
2023-07-21,0017.HK,103.41,104.81,101.04,103.74,67759244
2023-07-24,0017.HK,103.85,103.86,101.89,103.55,67040415
2023-07-25,0017.HK,101.29,103.35,100.74,101.3,68895727
2023-07-26,0017.HK,101.36,103.72,100.83,101.13,39499757
2023-07-27,0017.HK,100.22,103.35,98.5,100.88,92966116
2023-07-28,0017.HK,98.7,102.4,98.42,99.65,77699469
2023-07-31,0017.HK,100.26,103.45,98.13,100.46,27170022
2023-08-01,0017.HK,96.43,100.05,95.72,97.31,67810389
2023-08-02,0017.HK,96.98,99.16,95.65,96.62,56640097
2023-08-03,0017.HK,97.5,99.28,94.72,97.09,11857036
2023-08-04,0017.HK,99.31,101.29,98.66,100.17,61949339
2023-08-07,0017.HK,99.03,99.11,97.43,98.13,53604404
2023-08-08,0017.HK,97.73,100.1,98.19,98.28,13306521
2023-08-09,0017.HK,99.13,99.27,97.09,99.11,62439665
2023-08-10,0017.HK,99.9,101.4,97.63,99.23,91013052
2023-08-11,0017.HK,97.03,99.61,95.87,97.41,89964939
2023-08-14,0017.HK,97.3,99.34,94.44,96.72,67146892
2023-08-15,0017.HK,93.65,95.28,91.81,93.2,2113801
2023-08-16,0017.HK,92.78,94.13,92.81,93.23,84247695
2023-08-17,0017.HK,90.54,93.86,89.03,91.26,42021585
2023-08-18,0017.HK,91.38,94.28,91.21,91.91,35999351
2023-08-21,0017.HK,91.35,91.53,89.34,91.02,38333651
2023-08-22,0017.HK,89.55,92.39,89.15,90.02,28713991
2023-08-23,0017.HK,89.8,90.31,88.49,90.26,53150357
2023-08-24,0017.HK,90.23,92.54,89.03,90.63,32315465
2023-08-25,0017.HK,92.64,92.56,90.18,91.84,38846788
2023-08-28,0017.HK,91.02,92.09,89.58,91.5,86559380
2023-08-29,0017.HK,91.86,93.24,89.88,91.37,51267644
2023-08-30,0017.HK,89.07,89.69,87.69,89.49,50062791
2023-08-31,0017.HK,90.64,91.69,89.43,91.45,37340956
2023-09-01,0017.HK,89.99,90.5,88.09,90.19,26903077
2023-09-04,0017.HK,90.4,92.08,88.65,91.18,70642326
2023-09-05,0017.HK,91.99,93.11,89.79,92.2,23423861
2023-09-06,0017.HK,92.28,95.52,92.32,92.78,2510966
2023-09-07,0017.HK,92.68,93.17,89.98,92.46,70854376
2023-09-08,0017.HK,91.3,93.2,90.96,91.98,55894980
2023-09-11,0017.HK,92.79,94.08,91.29,91.91,36203944
2023-09-12,0017.HK,88.42,91.27,89.3,89.3,41182031
2023-09-13,0017.HK,90.15,89.66,87.4,89.29,17901966
2023-09-14,0017.HK,91.25,93.48,89.49,91.29,90716664
2023-09-15,0017.HK,91.08,92.27,90.42,91.0,11042906
2023-09-18,0017.HK,91.47,91.64,89.01,90.98,60345923
2023-09-19,0017.HK,90.32,91.15,88.65,89.6,77882864
2023-09-20,0017.HK,89.43,92.09,88.29,89.86,18389913
2023-09-21,0017.HK,88.57,89.49,86.78,88.83,28973756
2023-09-22,0017.HK,89.41,91.79,88.85,89.98,65195747
2023-09-25,0017.HK,91.26,93.66,89.15,91.54,57542534
2023-09-26,0017.HK,93.01,94.91,91.53,93.43,79260664
2023-09-27,0017.HK,92.14,93.46,89.16,91.42,28211822
2023-09-28,0017.HK,93.21,93.64,92.27,92.43,39852717
2023-09-29,0017.HK,94.19,95.94,92.4,93.35,1873877
2023-10-02,0017.HK,92.6,95.32,92.46,92.78,19551392
2023-10-03,0017.HK,94.27,96.83,93.27,94.46,84882624
2023-10-04,0017.HK,95.69,97.66,92.55,95.07,15376299
2023-10-05,0017.HK,96.24,99.77,95.52,97.05,7368203
2023-10-06,0017.HK,94.88,96.22,94.68,95.22,73812212
2023-10-09,0017.HK,94.58,94.28,93.97,94.22,22339971
2023-10-10,0017.HK,94.61,94.55,91.77,94.37,1948152
2023-10-11,0017.HK,96.18,97.86,93.31,96.05,29758003
2023-10-12,0017.HK,97.4,97.02,94.45,96.72,43014729
2023-10-13,0017.HK,96.02,96.1,95.36,95.37,36170919
2023-10-16,0017.HK,97.71,98.29,96.99,97.93,25103053
2023-10-17,0017.HK,97.77,98.17,95.72,97.51,85810537
2023-10-18,0017.HK,96.65,96.64,95.06,96.19,63235424
2023-10-19,0017.HK,94.32,96.42,92.99,95.09,47245884
2023-10-20,0017.HK,93.73,93.66,90.76,93.21,27662333
2023-10-23,0017.HK,90.9,92.11,87.44,90.09,40699479
2023-10-24,0017.HK,89.51,91.67,88.49,89.95,96485353
2023-10-25,0017.HK,87.38,89.42,87.08,87.87,82730884
2023-10-26,0017.HK,88.14,90.12,86.46,88.3,44112133
2023-10-27,0017.HK,90.33,92.18,88.87,89.62,38060837
2023-10-30,0017.HK,90.72,90.22,87.72,90.15,66475999
2023-10-31,0017.HK,89.85,92.8,88.7,90.22,43507117
2023-11-01,0017.HK,88.47,90.19,86.77,88.16,22186089
2023-11-02,0017.HK,89.78,90.15,87.08,89.29,63532378
2023-11-03,0017.HK,91.17,94.6,90.91,91.92,98603656
2023-11-06,0017.HK,93.58,96.61,91.47,93.88,5028782
2023-11-07,0017.HK,91.16,93.31,89.49,92.02,51704620
2023-11-08,0017.HK,91.62,92.86,90.93,91.93,17146702
2023-11-09,0017.HK,92.05,93.16,91.33,91.56,37119224
2023-11-10,0017.HK,91.91,92.61,90.96,91.04,3679004
2023-11-13,0017.HK,91.51,93.32,88.5,91.09,58317996
2023-11-14,0017.HK,94.63,95.65,91.42,94.07,69651276
2023-11-15,0017.HK,93.41,96.55,91.53,94.24,14602340
2023-11-16,0017.HK,93.21,95.41,93.56,93.63,12664462
2023-11-17,0017.HK,93.39,95.11,93.6,94.06,47255864
2023-11-20,0017.HK,91.9,93.78,90.18,92.23,40714830
2023-11-21,0017.HK,90.95,93.46,91.05,91.26,76197647
2023-11-22,0017.HK,92.51,94.03,90.2,92.63,74939606
2023-11-23,0017.HK,93.09,95.42,90.68,92.91,76212886
2023-11-24,0017.HK,96.21,96.62,94.9,95.85,92512964
2023-11-27,0017.HK,97.06,98.34,93.51,96.26,87354169
2023-11-28,0017.HK,94.78,95.36,92.18,94.48,12504182
2023-11-29,0017.HK,91.42,94.34,90.14,92.25,3401040
2023-11-30,0017.HK,93.46,95.01,91.32,93.66,5360785
2023-12-01,0017.HK,91.64,94.09,89.67,92.21,55948666
2023-12-04,0017.HK,90.02,91.2,89.01,90.67,10981708
2023-12-05,0017.HK,89.4,90.93,88.17,89.98,75177877
2023-12-06,0017.HK,90.57,93.7,90.84,91.35,76833172
2023-12-07,0017.HK,90.51,93.1,88.63,90.86,13316511
2023-12-08,0017.HK,88.91,92.26,87.87,89.73,91844170
2023-12-11,0017.HK,90.97,93.87,91.12,91.38,92443928
2023-12-12,0017.HK,92.82,95.24,92.69,92.83,33137077
2023-12-13,0017.HK,95.01,97.22,93.17,95.17,75627121
2023-12-14,0017.HK,96.29,98.64,94.56,97.12,30039024
2023-12-15,0017.HK,98.2,101.16,96.29,98.68,81036344
2023-12-18,0017.HK,98.16,99.05,95.34,97.59,23462737
2023-12-19,0017.HK,98.5,98.6,97.18,98.57,95325173
2023-12-20,0017.HK,99.69,102.11,100.27,100.39,86191691
2023-12-21,0017.HK,103.92,105.74,101.06,103.2,89171066
2023-12-22,0017.HK,104.4,105.02,101.48,103.49,42008672
2023-12-25,0017.HK,102.4,103.4,101.57,102.74,56697091
2023-12-26,0017.HK,101.32,101.69,100.78,101.4,18318422
2023-12-27,0017.HK,102.12,104.83,101.05,102.91,6921039
2023-12-28,0017.HK,101.61,104.26,100.73,101.9,36915816
2023-12-29,0017.HK,101.46,104.02,101.74,102.09,64980999
2024-01-01,0017.HK,101.39,102.34,99.91,100.76,89726450
2024-01-02,0017.HK,101.09,103.28,98.82,100.54,90517805
2024-01-03,0017.HK,101.47,103.86,98.3,101.22,66127385
2024-01-04,0017.HK,102.36,102.18,100.62,101.65,82670516
2024-01-05,0017.HK,102.36,104.05,101.47,102.8,52397601
2024-01-08,0017.HK,99.77,101.0,97.98,100.7,26964522
2024-01-09,0017.HK,100.03,102.78,99.25,100.54,76633632
2024-01-10,0017.HK,98.99,101.31,97.83,99.85,85143991
2024-01-11,0017.HK,98.81,100.97,95.59,98.4,72361525
2024-01-12,0017.HK,97.39,99.72,95.88,97.31,54480698
2024-01-15,0017.HK,95.17,97.95,93.93,96.03,2949698
2024-01-16,0017.HK,95.71,99.32,94.66,96.55,86939487
2024-01-17,0017.HK,98.04,99.9,96.81,97.15,89589547
2024-01-18,0017.HK,98.03,98.89,97.38,98.45,49322453
2024-01-19,0017.HK,98.16,100.96,97.65,98.95,86443672
2024-01-22,0017.HK,99.42,100.91,97.54,99.21,46815919
2024-01-23,0017.HK,100.25,99.76,97.69,99.34,65926896
2024-01-24,0017.HK,100.24,101.22,98.22,100.37,24131948
2024-01-25,0017.HK,96.91,99.76,95.77,97.22,24783634
2024-01-26,0017.HK,96.93,97.46,96.87,97.15,41411585
2024-01-29,0017.HK,98.57,98.65,97.15,97.63,26382146
2024-01-30,0017.HK,99.42,100.37,99.09,100.27,31845793
2024-01-31,0017.HK,98.51,101.04,96.4,98.62,31556595
2024-02-01,0017.HK,97.61,98.38,96.44,96.94,38073124
2024-02-02,0017.HK,93.47,94.13,93.43,93.66,89781585
2024-02-05,0017.HK,92.61,92.83,91.23,91.73,42080419
2024-02-06,0017.HK,91.45,93.82,89.28,91.54,22810782
2024-02-07,0017.HK,90.23,92.7,88.86,90.56,36458652
2024-02-08,0017.HK,90.46,90.6,87.55,89.57,62698154
2024-02-09,0017.HK,90.16,89.8,88.59,89.61,4537810
2024-02-12,0017.HK,90.46,91.11,88.53,90.42,47242500
2024-02-13,0017.HK,91.22,92.38,90.28,90.45,66337129
2024-02-14,0017.HK,89.61,91.23,90.25,90.51,64701106
2024-02-15,0017.HK,91.95,91.5,89.15,91.07,36874398
2024-02-16,0017.HK,88.28,89.26,87.11,88.59,64587514
2024-02-19,0017.HK,88.44,88.99,88.0,88.77,46442639
2024-02-20,0017.HK,88.79,89.9,88.4,88.69,56315754
2024-02-21,0017.HK,89.45,90.06,86.82,88.7,36188816
2024-02-22,0017.HK,87.98,89.34,87.12,87.94,23224992
2024-02-23,0017.HK,87.97,89.74,86.84,87.69,48700982
2024-02-26,0017.HK,89.1,89.31,85.87,88.24,82328917
2024-02-27,0017.HK,89.86,92.32,88.16,90.38,2670861
2024-02-28,0017.HK,87.51,89.1,85.75,88.11,20570229
2024-02-29,0017.HK,89.35,90.93,88.39,88.88,84274368
2024-03-01,0017.HK,90.38,92.88,89.24,90.52,47589114
2024-03-04,0017.HK,89.2,89.39,88.25,88.82,43517116
2024-03-05,0017.HK,87.93,88.91,86.37,88.59,89166700
2024-03-06,0017.HK,89.85,89.93,87.09,88.98,22658326
2024-03-07,0017.HK,92.27,92.25,91.47,91.68,67067687
2024-03-08,0017.HK,95.44,96.26,93.81,94.68,62326351
2024-03-11,0017.HK,93.51,95.23,91.76,92.9,63618257
2024-03-12,0017.HK,93.28,95.08,91.56,92.5,1767673
2024-03-13,0017.HK,92.06,95.18,90.24,92.79,22138398
2024-03-14,0017.HK,93.08,95.27,92.4,93.58,29652334
2024-03-15,0017.HK,93.34,96.04,93.7,93.88,6227762
2024-03-18,0017.HK,91.89,94.35,92.03,92.57,79327678
2024-03-19,0017.HK,91.61,93.64,89.07,91.21,11621803
2024-03-20,0017.HK,89.32,91.32,88.0,89.12,96336751
2024-03-21,0017.HK,86.95,88.25,84.0,86.44,11666481
2024-03-22,0017.HK,84.91,84.93,81.97,84.42,91165307
2024-03-25,0017.HK,86.58,86.48,85.35,85.91,5749986
2024-03-26,0017.HK,86.47,88.47,86.23,86.85,2029519
2024-03-27,0017.HK,87.28,88.15,87.58,87.58,67427241
2024-03-28,0017.HK,87.14,87.51,86.26,87.31,64528445
2024-03-29,0017.HK,87.82,88.03,87.22,87.27,44507108
2023-04-14,0083.HK,149.92,153.96,148.05,150.91,32987839
2023-04-17,0083.HK,151.46,154.04,147.67,151.57,71068573
2023-04-18,0083.HK,147.82,147.92,143.09,146.69,76290036
2023-04-19,0083.HK,145.98,147.09,145.23,146.91,24735390
2023-04-20,0083.HK,146.32,151.63,144.16,147.29,90440885
2023-04-21,0083.HK,143.77,148.26,142.54,144.7,8780882
2023-04-24,0083.HK,146.0,149.21,141.67,145.32,72833433
2023-04-25,0083.HK,145.2,148.65,144.12,145.36,3633422
2023-04-26,0083.HK,141.88,144.81,142.51,142.8,34865272
2023-04-27,0083.HK,145.17,144.85,143.54,144.79,60703758
2023-04-28,0083.HK,147.27,150.62,142.89,146.64,26897370
2023-05-01,0083.HK,147.48,146.72,144.81,146.04,72782515
2023-05-02,0083.HK,146.16,146.62,142.2,145.63,66967765
2023-05-03,0083.HK,146.32,150.17,145.0,147.24,39276257
2023-05-04,0083.HK,146.24,151.01,144.66,146.83,56563944
2023-05-05,0083.HK,143.89,145.41,142.43,142.61,11530307
2023-05-08,0083.HK,144.67,145.12,142.86,143.68,85708025
2023-05-09,0083.HK,141.31,143.69,140.79,141.95,10806507
2023-05-10,0083.HK,141.87,141.62,140.79,141.15,28357590
2023-05-11,0083.HK,144.49,144.77,141.11,144.27,40991549
2023-05-12,0083.HK,143.97,144.01,143.53,144.01,1759806
2023-05-15,0083.HK,144.83,146.07,141.98,144.04,21618282
2023-05-16,0083.HK,145.48,147.51,141.53,145.17,24573781
2023-05-17,0083.HK,145.03,146.59,141.97,146.3,22826958
2023-05-18,0083.HK,144.83,145.68,141.46,144.31,14058633
2023-05-19,0083.HK,144.43,145.69,142.81,144.21,74404487
2023-05-22,0083.HK,144.56,145.51,142.19,144.32,25941149
2023-05-23,0083.HK,146.1,148.27,142.73,144.93,96580257
2023-05-24,0083.HK,145.73,147.03,141.64,145.59,54830818
2023-05-25,0083.HK,152.36,155.2,149.48,151.27,39950397
2023-05-26,0083.HK,149.08,152.03,146.01,148.63,48149162
2023-05-29,0083.HK,151.39,154.81,149.9,150.85,3216745
2023-05-30,0083.HK,152.4,157.48,152.79,153.56,39491871
2023-05-31,0083.HK,154.98,158.93,154.31,154.72,78526191
2023-06-01,0083.HK,152.35,156.6,149.11,153.24,89499907
2023-06-02,0083.HK,156.0,160.22,155.26,157.1,77913065
2023-06-05,0083.HK,152.12,152.24,150.63,151.97,38932301
2023-06-06,0083.HK,149.9,154.91,148.59,150.44,71361188
2023-06-07,0083.HK,153.19,156.65,151.97,153.11,66057465
2023-06-08,0083.HK,153.81,154.39,150.95,152.29,79980018
2023-06-09,0083.HK,155.58,158.11,155.83,155.97,4196810
2023-06-12,0083.HK,151.96,154.69,147.9,152.47,90013582
2023-06-13,0083.HK,149.31,151.11,149.14,149.95,28520339
2023-06-14,0083.HK,149.26,152.45,147.86,148.79,78413123
2023-06-15,0083.HK,148.52,150.11,146.63,149.75,4558840
2023-06-16,0083.HK,149.28,151.05,147.3,149.28,30580065
2023-06-19,0083.HK,148.17,149.7,144.63,148.21,65287301
2023-06-20,0083.HK,151.92,155.16,150.83,151.4,70741728
2023-06-21,0083.HK,155.45,155.13,150.73,154.87,81443708
2023-06-22,0083.HK,153.11,155.58,149.99,153.93,20320044
2023-06-23,0083.HK,150.84,151.2,147.54,150.02,16015465
2023-06-26,0083.HK,145.71,148.36,142.41,145.19,78689917
2023-06-27,0083.HK,144.98,148.77,144.56,145.74,96897080
2023-06-28,0083.HK,146.42,147.62,143.95,147.21,13163357
2023-06-29,0083.HK,146.4,148.85,144.78,147.37,90468698
2023-06-30,0083.HK,146.35,151.54,146.41,147.25,88265667
2023-07-03,0083.HK,146.75,148.79,144.58,145.5,44344011
2023-07-04,0083.HK,146.99,151.07,144.22,146.96,5152760
2023-07-05,0083.HK,151.48,153.28,149.85,150.69,8479575
2023-07-06,0083.HK,146.06,146.79,145.28,145.71,11881084
2023-07-07,0083.HK,146.56,145.95,141.31,145.57,24270883
2023-07-10,0083.HK,143.0,146.17,139.74,143.48,44295663
2023-07-11,0083.HK,139.47,143.9,136.28,140.3,36237834
2023-07-12,0083.HK,138.31,141.73,137.4,137.95,89624007
2023-07-13,0083.HK,137.55,142.26,137.84,138.76,90340733
2023-07-14,0083.HK,139.1,143.45,137.13,139.63,63775868
2023-07-17,0083.HK,142.5,144.55,140.78,142.72,36236744
2023-07-18,0083.HK,143.6,145.48,141.44,142.76,23872445
2023-07-19,0083.HK,140.33,141.78,135.68,139.03,75298534
2023-07-20,0083.HK,137.65,138.82,136.6,138.56,55798871
2023-07-21,0083.HK,134.86,137.12,135.48,135.71,29215319
2023-07-24,0083.HK,132.36,137.24,130.49,133.28,68345113
2023-07-25,0083.HK,133.74,136.68,131.99,134.46,96196346
2023-07-26,0083.HK,134.7,137.25,134.66,134.88,98934195
2023-07-27,0083.HK,135.01,139.5,133.57,136.1,59888041
2023-07-28,0083.HK,135.06,137.02,131.98,135.4,57703879
2023-07-31,0083.HK,137.16,137.81,135.14,137.03,97337086
2023-08-01,0083.HK,136.79,138.17,135.86,136.21,57956121
2023-08-02,0083.HK,137.5,140.79,135.11,138.51,76982979
2023-08-03,0083.HK,140.56,140.77,136.9,139.26,42728150
2023-08-04,0083.HK,138.26,142.16,137.26,138.85,7341104
2023-08-07,0083.HK,140.27,140.1,139.24,139.32,38289650
2023-08-08,0083.HK,139.64,139.64,136.57,139.31,80433041
2023-08-09,0083.HK,142.61,146.55,140.86,142.68,92928647
2023-08-10,0083.HK,144.61,145.18,141.36,143.23,83657143
2023-08-11,0083.HK,142.46,146.96,141.5,143.26,72824513
2023-08-14,0083.HK,141.57,146.05,139.82,142.77,80717995
2023-08-15,0083.HK,144.63,145.8,144.4,144.61,76741177
2023-08-16,0083.HK,147.59,147.77,144.63,146.17,61547279
2023-08-17,0083.HK,146.15,145.77,142.51,145.6,91024419
2023-08-18,0083.HK,142.89,147.23,139.73,143.1,99744973
2023-08-21,0083.HK,141.75,144.49,138.64,141.2,90793804
2023-08-22,0083.HK,140.96,143.71,137.01,140.84,63536389
2023-08-23,0083.HK,144.8,144.48,142.58,143.71,3514675
2023-08-24,0083.HK,144.42,147.43,140.43,143.2,11600311
2023-08-25,0083.HK,142.41,142.08,139.75,141.95,27906138
2023-08-28,0083.HK,138.16,138.31,134.3,138.23,2581607
2023-08-29,0083.HK,141.74,143.78,138.15,141.4,65017669
2023-08-30,0083.HK,143.73,143.82,141.92,142.64,66588404
2023-08-31,0083.HK,143.02,145.99,142.23,144.37,73438219
2023-09-01,0083.HK,145.85,150.8,145.09,146.48,37908554
2023-09-04,0083.HK,144.97,146.94,143.9,146.15,49974840
2023-09-05,0083.HK,147.14,149.55,142.85,146.36,59900705
2023-09-06,0083.HK,148.22,151.45,148.6,149.66,40551350
2023-09-07,0083.HK,151.1,154.49,148.32,150.09,15355403
2023-09-08,0083.HK,151.08,151.49,149.64,151.44,82335281
2023-09-11,0083.HK,153.85,157.07,152.53,153.45,85250245
2023-09-12,0083.HK,154.24,159.01,153.35,154.96,29682830
2023-09-13,0083.HK,156.2,159.1,152.72,154.7,84477629
2023-09-14,0083.HK,153.91,156.58,150.86,154.65,52490161
2023-09-15,0083.HK,156.47,157.48,154.95,156.48,12661239
2023-09-18,0083.HK,156.95,160.16,155.53,158.33,32654320
2023-09-19,0083.HK,160.36,162.78,157.1,161.14,40941794
2023-09-20,0083.HK,163.82,163.6,160.97,162.51,15036666
2023-09-21,0083.HK,163.51,165.57,163.68,163.99,43370223
2023-09-22,0083.HK,163.55,165.87,158.73,162.93,94014504
2023-09-25,0083.HK,161.04,161.76,158.15,161.54,34227738
2023-09-26,0083.HK,162.13,166.5,160.26,163.46,63284326
2023-09-27,0083.HK,160.49,166.86,158.05,162.09,66273767
2023-09-28,0083.HK,162.77,162.9,157.75,162.07,16105141
2023-09-29,0083.HK,164.62,166.29,163.84,165.46,42662487
2023-10-02,0083.HK,168.65,168.76,167.82,168.52,17886583
2023-10-03,0083.HK,168.84,169.68,164.93,169.31,66914141
2023-10-04,0083.HK,169.25,172.02,166.33,168.6,95299644
2023-10-05,0083.HK,168.34,170.59,164.52,168.32,10786103
2023-10-06,0083.HK,170.71,172.15,168.11,170.54,21405788
2023-10-09,0083.HK,171.64,175.6,167.02,170.48,84390433
2023-10-10,0083.HK,170.35,174.14,165.75,169.09,75848097
2023-10-11,0083.HK,171.27,175.43,170.68,172.21,74370948
2023-10-12,0083.HK,171.7,177.11,169.71,172.71,22420582
2023-10-13,0083.HK,171.39,175.68,171.08,171.25,75072574
2023-10-16,0083.HK,170.81,173.21,167.73,172.51,11020160
2023-10-17,0083.HK,174.65,176.84,170.41,175.06,88341299
2023-10-18,0083.HK,172.85,176.57,169.2,172.45,41613365
2023-10-19,0083.HK,171.34,174.23,169.96,171.97,49805416
2023-10-20,0083.HK,172.52,175.99,168.64,171.36,24735050
2023-10-23,0083.HK,174.1,176.37,170.7,172.56,74795959
2023-10-24,0083.HK,172.75,174.59,169.81,174.23,15597645
2023-10-25,0083.HK,172.55,173.64,172.07,172.83,58231596
2023-10-26,0083.HK,168.54,169.34,166.92,168.99,12536749
2023-10-27,0083.HK,172.47,175.77,169.29,171.64,15810683
2023-10-30,0083.HK,169.76,170.35,164.85,168.79,47585107
2023-10-31,0083.HK,170.94,171.02,169.03,169.51,6311677
2023-11-01,0083.HK,167.8,172.75,165.1,169.21,32345447
2023-11-02,0083.HK,168.42,171.35,165.99,169.66,73897426
2023-11-03,0083.HK,174.59,178.87,172.45,173.89,69786957
2023-11-06,0083.HK,182.56,186.67,178.01,181.85,30709118
2023-11-07,0083.HK,178.29,178.65,176.96,177.43,53943390
2023-11-08,0083.HK,179.37,184.28,176.37,180.09,96364553
2023-11-09,0083.HK,181.44,183.29,174.92,179.7,27057676
2023-11-10,0083.HK,182.62,187.22,178.1,182.56,11335942
2023-11-13,0083.HK,183.64,188.03,184.58,185.22,5193565
2023-11-14,0083.HK,188.08,193.11,188.18,189.17,80932553
2023-11-15,0083.HK,191.1,190.76,186.58,190.02,98489721
2023-11-16,0083.HK,189.35,190.91,185.88,187.52,95177095
2023-11-17,0083.HK,189.98,190.95,188.28,190.17,96050128
2023-11-20,0083.HK,191.29,195.13,187.24,190.54,10549852
2023-11-21,0083.HK,188.65,195.51,187.02,189.91,2190038
2023-11-22,0083.HK,190.31,191.41,187.67,188.59,55297356
2023-11-23,0083.HK,189.95,195.01,191.46,191.48,4439040
2023-11-24,0083.HK,197.46,197.51,192.55,196.12,37898241
2023-11-27,0083.HK,194.18,195.56,189.45,192.64,81984485
2023-11-28,0083.HK,192.72,194.98,188.77,194.48,69110307
2023-11-29,0083.HK,193.53,198.52,190.52,193.43,22960137
2023-11-30,0083.HK,190.37,190.88,188.85,189.21,25791964
2023-12-01,0083.HK,188.41,192.48,184.27,189.67,4604761
2023-12-04,0083.HK,187.32,188.55,181.77,187.34,30309634
2023-12-05,0083.HK,182.86,185.11,178.2,182.94,58387807
2023-12-06,0083.HK,181.59,184.5,177.54,180.83,14622018
2023-12-07,0083.HK,178.08,182.84,175.24,178.08,20372423
2023-12-08,0083.HK,174.95,181.38,175.03,176.39,31983730
2023-12-11,0083.HK,172.21,177.56,168.65,172.92,53968691
2023-12-12,0083.HK,172.66,173.97,166.97,171.93,23548122
2023-12-13,0083.HK,171.49,172.79,169.18,170.12,56012868
2023-12-14,0083.HK,172.63,175.78,168.46,171.11,32509128
2023-12-15,0083.HK,173.02,176.17,170.07,172.67,82406038
2023-12-18,0083.HK,172.28,175.12,171.75,173.38,25421702
2023-12-19,0083.HK,172.59,177.8,170.86,172.8,94956666
2023-12-20,0083.HK,172.92,175.9,170.05,172.16,15078650
2023-12-21,0083.HK,170.1,171.32,170.02,170.03,27429232
2023-12-22,0083.HK,167.09,171.13,165.53,167.99,3113938
2023-12-25,0083.HK,168.54,173.93,167.17,169.8,15455506
2023-12-26,0083.HK,165.23,166.6,161.5,165.35,95814802
2023-12-27,0083.HK,164.73,165.41,165.03,165.18,79689117
2023-12-28,0083.HK,163.61,166.43,163.73,164.41,36383938
2023-12-29,0083.HK,166.15,168.59,162.94,165.92,64310688
2024-01-01,0083.HK,162.32,162.51,161.51,162.41,12202422
2024-01-02,0083.HK,162.36,165.3,161.04,162.47,41668856
2024-01-03,0083.HK,164.11,163.99,161.64,163.34,82807553
2024-01-04,0083.HK,159.94,161.47,155.44,158.71,17172294
2024-01-05,0083.HK,155.7,158.71,152.42,156.18,95298975
2024-01-08,0083.HK,157.24,156.15,153.95,156.0,79141570
2024-01-09,0083.HK,156.43,159.7,154.43,157.23,20458080
2024-01-10,0083.HK,158.06,162.39,154.69,157.69,55685521
2024-01-11,0083.HK,158.5,163.24,158.41,159.05,18698565
2024-01-12,0083.HK,157.76,157.22,152.26,156.51,65640526
2024-01-15,0083.HK,152.46,155.24,151.22,152.81,6230886
2024-01-16,0083.HK,152.4,155.15,149.67,153.03,5848167
2024-01-17,0083.HK,149.0,153.86,149.84,150.24,16071096
2024-01-18,0083.HK,147.58,151.22,148.12,148.32,30659381
2024-01-19,0083.HK,151.49,152.71,150.23,150.43,14489607
2024-01-22,0083.HK,152.31,152.88,150.67,150.88,46410331
2024-01-23,0083.HK,149.72,153.24,148.38,149.63,62340728
2024-01-24,0083.HK,147.84,151.61,147.86,148.09,1971278
2024-01-25,0083.HK,149.76,153.38,147.94,149.5,80282096
2024-01-26,0083.HK,151.19,153.38,148.73,150.0,96509843
2024-01-29,0083.HK,148.37,150.9,143.26,147.3,24663958
2024-01-30,0083.HK,143.19,146.07,140.04,143.03,10239483
2024-01-31,0083.HK,146.54,150.5,146.55,147.09,91377461
2024-02-01,0083.HK,144.08,146.04,141.85,144.43,38205137
2024-02-02,0083.HK,146.08,147.16,141.32,145.6,44463435
2024-02-05,0083.HK,148.1,149.05,146.56,148.93,21389501
2024-02-06,0083.HK,149.14,150.53,147.51,149.29,99096861
2024-02-07,0083.HK,148.11,150.84,147.61,147.97,38026041
2024-02-08,0083.HK,143.87,146.06,142.24,144.84,64856750
2024-02-09,0083.HK,140.33,145.36,137.81,141.74,90164859
2024-02-12,0083.HK,143.85,146.8,141.75,142.56,15043697
2024-02-13,0083.HK,146.3,146.58,145.25,145.7,32343986
2024-02-14,0083.HK,144.36,148.85,140.57,144.86,20202648
2024-02-15,0083.HK,143.46,146.7,142.16,143.68,67271775
2024-02-16,0083.HK,146.32,145.74,143.13,145.21,72822291
2024-02-19,0083.HK,144.14,145.68,139.51,143.75,6984774
2024-02-20,0083.HK,143.27,145.86,140.55,144.37,43182148
2024-02-21,0083.HK,143.56,147.87,143.93,144.49,39575103
2024-02-22,0083.HK,143.66,147.74,141.63,143.63,99512248
2024-02-23,0083.HK,142.6,147.34,141.46,143.63,3248697
2024-02-26,0083.HK,148.85,151.72,144.73,147.45,95460065
2024-02-27,0083.HK,147.75,151.86,145.21,148.82,25418076
2024-02-28,0083.HK,152.13,153.0,146.78,151.29,42009603
2024-02-29,0083.HK,148.42,152.29,145.63,149.23,84383099
2024-03-01,0083.HK,151.01,153.51,148.52,151.72,64748411
2024-03-04,0083.HK,151.98,155.4,150.14,153.2,88529658
2024-03-05,0083.HK,148.51,153.51,146.05,149.79,9769188
2024-03-06,0083.HK,150.13,151.49,148.86,151.03,98833280
2024-03-07,0083.HK,148.5,151.97,147.14,149.9,34621035
2024-03-08,0083.HK,145.96,150.38,142.14,146.45,77716722
2024-03-11,0083.HK,146.04,148.45,144.21,146.76,31168443
2024-03-12,0083.HK,146.78,148.49,144.87,147.98,82359096
2024-03-13,0083.HK,147.26,151.65,145.18,148.35,88463028
2024-03-14,0083.HK,147.92,148.9,148.07,148.13,18486817
2024-03-15,0083.HK,147.63,149.95,144.66,147.43,95197370
2024-03-18,0083.HK,153.96,156.72,152.79,152.91,46253824
2024-03-19,0083.HK,149.02,153.68,147.44,150.23,19844170
2024-03-20,0083.HK,152.18,156.46,148.44,152.23,85021182
2024-03-21,0083.HK,152.05,152.92,151.6,152.29,96992413
2024-03-22,0083.HK,149.74,151.74,147.62,150.37,81598906
2024-03-25,0083.HK,148.82,151.3,148.97,150.29,41158305
2024-03-26,0083.HK,146.68,151.03,146.82,147.18,94850635
2024-03-27,0083.HK,145.23,149.89,144.75,145.9,16267260
2024-03-28,0083.HK,146.15,145.94,144.55,145.82,73623184
2024-03-29,0083.HK,143.29,143.2,140.87,142.46,18706811
2023-04-14,0101.HK,465.87,477.18,464.08,469.06,53035944
2023-04-17,0101.HK,466.77,471.95,458.6,471.14,16210934
2023-04-18,0101.HK,479.74,480.0,465.0,475.09,6174396
2023-04-19,0101.HK,469.0,476.88,456.16,467.73,92004912
2023-04-20,0101.HK,482.76,483.19,472.48,479.88,46380694
2023-04-21,0101.HK,477.3,490.5,465.96,478.75,42116109
2023-04-24,0101.HK,484.74,492.26,483.42,485.43,22598520
2023-04-25,0101.HK,472.48,485.09,464.46,476.26,8418276
2023-04-26,0101.HK,476.91,480.76,468.46,477.61,26711396
2023-04-27,0101.HK,464.6,476.29,454.75,468.42,96671159
2023-04-28,0101.HK,467.87,479.15,466.69,469.36,28631374
2023-05-01,0101.HK,474.85,484.3,461.75,472.5,99256973
2023-05-02,0101.HK,471.49,479.15,472.91,476.05,20218971
2023-05-03,0101.HK,472.53,482.75,470.09,470.67,47950504
2023-05-04,0101.HK,462.02,463.36,446.97,457.71,51878263
2023-05-05,0101.HK,461.18,466.12,453.83,459.81,42224509
2023-05-08,0101.HK,457.17,470.0,450.09,456.94,26064783
2023-05-09,0101.HK,456.44,458.69,451.59,454.09,6627356
2023-05-10,0101.HK,446.2,448.97,435.41,447.7,66180566
2023-05-11,0101.HK,446.2,458.92,440.74,447.23,30238978
2023-05-12,0101.HK,449.06,455.45,444.39,447.08,64715239
2023-05-15,0101.HK,451.02,463.18,445.76,454.05,46851159
2023-05-16,0101.HK,443.91,444.95,435.07,440.2,36984691
2023-05-17,0101.HK,427.86,437.22,426.14,431.35,41342825
2023-05-18,0101.HK,433.27,444.91,421.58,434.22,30262954
2023-05-19,0101.HK,422.39,431.37,412.37,419.77,88990630
2023-05-22,0101.HK,412.62,417.88,413.2,415.12,90422516
2023-05-23,0101.HK,427.42,430.56,418.07,429.8,26876702
2023-05-24,0101.HK,430.14,434.45,420.91,427.9,58829853
2023-05-25,0101.HK,435.66,433.46,428.33,432.28,92752293
2023-05-26,0101.HK,418.86,431.86,417.45,421.27,2432385
2023-05-29,0101.HK,423.31,433.33,419.24,425.59,53265689
2023-05-30,0101.HK,420.81,431.64,413.76,423.07,39554061
2023-05-31,0101.HK,423.69,433.37,413.21,424.81,21348648
2023-06-01,0101.HK,425.68,429.64,418.07,428.25,61098966
2023-06-02,0101.HK,426.81,433.25,418.15,424.84,6191022
2023-06-05,0101.HK,431.76,429.99,423.58,427.83,91376170
2023-06-06,0101.HK,422.2,423.28,411.9,420.53,3990380
2023-06-07,0101.HK,421.72,428.5,417.3,420.77,2088632
2023-06-08,0101.HK,426.64,433.34,413.02,423.94,35415034
2023-06-09,0101.HK,421.57,426.66,409.25,420.41,9647192
2023-06-12,0101.HK,416.56,416.17,403.94,414.23,83261389
2023-06-13,0101.HK,412.22,418.75,404.87,411.29,57330506
2023-06-14,0101.HK,418.77,430.05,408.17,417.92,22241679
2023-06-15,0101.HK,419.93,432.05,417.95,423.68,12012681
2023-06-16,0101.HK,427.25,430.71,419.82,428.41,95175152
2023-06-19,0101.HK,439.79,438.29,428.36,438.19,2025793
2023-06-20,0101.HK,440.2,444.49,438.24,438.32,73624742
2023-06-21,0101.HK,439.72,450.17,435.67,439.56,25133841
2023-06-22,0101.HK,426.77,433.62,419.49,426.51,18740069
2023-06-23,0101.HK,418.44,424.32,408.28,420.77,91777445
2023-06-26,0101.HK,425.66,432.86,418.64,424.08,69241770
2023-06-27,0101.HK,433.83,434.66,425.99,429.69,36593371
2023-06-28,0101.HK,424.43,432.29,420.21,421.45,1540869
2023-06-29,0101.HK,419.24,422.63,414.05,420.94,50049514
2023-06-30,0101.HK,432.54,444.09,425.14,434.66,85535246
2023-07-03,0101.HK,431.38,438.96,429.26,434.18,60928171
2023-07-04,0101.HK,439.93,454.94,438.32,443.67,87116095
2023-07-05,0101.HK,449.35,453.38,444.88,446.07,84992372
2023-07-06,0101.HK,454.04,461.4,447.5,449.92,47466687
2023-07-07,0101.HK,441.31,456.0,440.18,443.87,28893038
2023-07-10,0101.HK,431.87,442.16,426.46,433.25,9066773
2023-07-11,0101.HK,434.89,447.83,429.2,438.03,51257293
2023-07-12,0101.HK,442.48,450.05,429.13,440.13,10740992
2023-07-13,0101.HK,441.42,450.42,429.37,440.62,37823573
2023-07-14,0101.HK,435.14,444.17,424.86,431.94,8872077
2023-07-17,0101.HK,427.63,432.72,419.9,429.71,49894288
2023-07-18,0101.HK,426.53,427.39,424.41,425.82,62377408
2023-07-19,0101.HK,423.42,435.11,417.88,422.6,92966955
2023-07-20,0101.HK,422.32,427.18,417.98,424.13,51352285
2023-07-21,0101.HK,426.36,437.7,416.23,428.71,69372416
2023-07-24,0101.HK,430.26,439.53,423.88,430.63,97756044
2023-07-25,0101.HK,430.55,444.71,419.86,431.97,68692316
2023-07-26,0101.HK,432.4,443.47,430.06,432.8,80220808
2023-07-27,0101.HK,428.25,442.4,421.57,431.75,3542346
2023-07-28,0101.HK,424.05,432.59,423.15,426.45,22644615
2023-07-31,0101.HK,423.54,435.11,426.63,426.84,60486159
2023-08-01,0101.HK,433.36,438.98,428.89,431.71,97604637
2023-08-02,0101.HK,431.43,436.44,429.24,431.05,97003106
2023-08-03,0101.HK,422.03,432.56,422.54,425.18,53800601
2023-08-04,0101.HK,416.89,425.85,408.5,417.64,35564240
2023-08-07,0101.HK,415.81,419.61,410.18,411.75,80969082
2023-08-08,0101.HK,406.0,414.98,396.11,404.77,64074528
2023-08-09,0101.HK,423.17,430.29,411.87,422.41,28447060
2023-08-10,0101.HK,415.15,424.46,416.59,416.93,95452687
2023-08-11,0101.HK,414.5,420.58,404.72,416.77,40482743
2023-08-14,0101.HK,419.1,427.75,406.78,416.31,27313652
2023-08-15,0101.HK,422.85,429.69,422.73,425.22,65038889
2023-08-16,0101.HK,430.49,435.53,418.51,428.05,23571423
2023-08-17,0101.HK,426.63,440.95,428.88,430.86,77059977
2023-08-18,0101.HK,428.39,441.95,419.7,432.07,11453713
2023-08-21,0101.HK,433.42,440.14,431.55,433.94,68273162
2023-08-22,0101.HK,433.1,439.08,426.78,436.12,13243591
2023-08-23,0101.HK,430.27,441.55,422.27,432.11,83700605
2023-08-24,0101.HK,425.99,430.38,418.73,426.25,71240177
2023-08-25,0101.HK,426.85,426.8,425.71,426.71,7533604
2023-08-28,0101.HK,427.07,423.71,420.45,423.36,53932796
2023-08-29,0101.HK,424.66,425.54,414.91,424.61,77977184
2023-08-30,0101.HK,421.09,424.45,409.72,417.82,6934377
2023-08-31,0101.HK,410.16,412.08,397.08,408.67,66919321
2023-09-01,0101.HK,400.79,401.05,390.22,400.91,70220990
2023-09-04,0101.HK,397.05,410.95,392.27,400.54,9777980
2023-09-05,0101.HK,392.95,397.07,382.79,390.92,41203735
2023-09-06,0101.HK,398.58,410.43,394.77,402.43,71689719
2023-09-07,0101.HK,415.36,422.39,411.72,414.29,63484649
2023-09-08,0101.HK,419.2,424.79,408.79,419.88,78164897
2023-09-11,0101.HK,419.82,420.72,415.92,417.64,59311322
2023-09-12,0101.HK,414.51,414.91,407.01,414.69,64426406
2023-09-13,0101.HK,413.2,422.36,416.54,416.62,71937325
2023-09-14,0101.HK,420.82,427.15,408.37,420.43,95774129
2023-09-15,0101.HK,426.0,431.03,410.97,422.38,21575555
2023-09-18,0101.HK,411.55,420.62,404.32,414.16,69884255
2023-09-19,0101.HK,413.44,413.29,409.9,413.07,19694044
2023-09-20,0101.HK,419.16,420.89,408.19,416.45,2169916
2023-09-21,0101.HK,405.7,409.16,394.83,401.78,10565519
2023-09-22,0101.HK,396.78,398.56,395.06,395.2,95104188
2023-09-25,0101.HK,400.27,410.01,387.71,398.4,28711620
2023-09-26,0101.HK,394.66,397.47,396.28,396.61,6937434
2023-09-27,0101.HK,397.66,403.94,387.45,394.84,2861928
2023-09-28,0101.HK,397.52,403.94,395.39,401.49,46333087
2023-09-29,0101.HK,401.93,410.54,393.75,401.24,16876005
2023-10-02,0101.HK,400.86,402.45,389.95,398.47,76666891
2023-10-03,0101.HK,400.15,407.6,386.44,396.71,50812657
2023-10-04,0101.HK,391.93,406.54,385.84,395.15,20545527
2023-10-05,0101.HK,393.32,401.61,386.74,390.28,12979498
2023-10-06,0101.HK,388.95,398.59,384.07,389.06,14126890
2023-10-09,0101.HK,379.97,392.4,377.05,382.48,70877840
2023-10-10,0101.HK,379.68,386.73,380.38,380.65,33640600
2023-10-11,0101.HK,379.1,379.73,367.82,377.77,78580371
2023-10-12,0101.HK,381.77,386.76,369.59,379.16,24818208
2023-10-13,0101.HK,391.04,391.21,385.74,387.85,29307791
2023-10-16,0101.HK,392.86,400.12,378.26,389.44,77270984
2023-10-17,0101.HK,387.54,392.64,383.8,390.12,58055496
2023-10-18,0101.HK,390.2,398.32,381.82,391.57,3211427
2023-10-19,0101.HK,387.13,392.58,382.98,386.58,65332384
2023-10-20,0101.HK,393.83,396.11,379.1,390.72,63434615
2023-10-23,0101.HK,394.56,399.34,389.52,393.18,33034797
2023-10-24,0101.HK,390.24,400.83,384.1,393.0,46175275
2023-10-25,0101.HK,395.1,400.83,390.41,395.17,3915917
2023-10-26,0101.HK,401.08,405.72,390.34,397.19,19941672
2023-10-27,0101.HK,395.88,407.28,391.05,399.23,23718367
2023-10-30,0101.HK,404.29,412.47,401.27,405.27,64871836
2023-10-31,0101.HK,403.65,403.37,396.37,400.74,11010323
2023-11-01,0101.HK,409.09,415.86,399.09,408.7,39777619
2023-11-02,0101.HK,401.57,400.73,392.19,398.96,93340574
2023-11-03,0101.HK,403.03,411.76,400.9,403.0,21173663
2023-11-06,0101.HK,401.81,413.29,401.1,404.09,6958148
2023-11-07,0101.HK,396.92,403.1,396.29,398.34,42764363
2023-11-08,0101.HK,408.01,416.66,401.9,404.57,66972282
2023-11-09,0101.HK,392.79,394.43,388.6,393.64,36808785
2023-11-10,0101.HK,402.11,411.64,396.83,403.32,75457290
2023-11-13,0101.HK,416.2,418.94,410.31,417.05,95150238
2023-11-14,0101.HK,418.62,418.68,408.51,416.11,92851417
2023-11-15,0101.HK,406.7,412.9,400.71,409.78,57522354
2023-11-16,0101.HK,405.59,407.28,401.79,406.31,10808708
2023-11-17,0101.HK,413.21,418.61,406.07,412.34,7682128
2023-11-20,0101.HK,411.57,415.73,403.17,410.42,60048688
2023-11-21,0101.HK,393.27,392.61,382.14,392.43,24415303
2023-11-22,0101.HK,396.18,401.6,391.9,394.77,74320172
2023-11-23,0101.HK,402.97,404.67,392.28,400.14,83270524
2023-11-24,0101.HK,401.19,408.89,393.56,403.31,91470233
2023-11-27,0101.HK,406.71,410.06,403.7,407.46,25219823
2023-11-28,0101.HK,421.05,421.95,413.15,417.35,35179248
2023-11-29,0101.HK,418.67,427.31,413.46,416.11,85001402
2023-11-30,0101.HK,423.52,438.75,422.11,426.92,87052535
2023-12-01,0101.HK,427.59,428.6,421.03,426.02,10003677
2023-12-04,0101.HK,435.0,438.62,422.27,433.3,97943751
2023-12-05,0101.HK,435.93,444.05,429.72,432.46,69506131
2023-12-06,0101.HK,447.15,447.19,444.44,445.77,88231711
2023-12-07,0101.HK,452.42,462.72,444.16,450.19,45316591
2023-12-08,0101.HK,453.84,455.89,444.79,449.63,37933152
2023-12-11,0101.HK,442.84,451.17,436.66,441.63,51941731
2023-12-12,0101.HK,441.32,451.64,441.87,443.09,1684346
2023-12-13,0101.HK,434.53,439.3,436.72,437.73,66612021
2023-12-14,0101.HK,444.7,448.42,433.6,440.71,79441948
2023-12-15,0101.HK,442.14,450.25,438.03,445.16,30547381
2023-12-18,0101.HK,451.03,453.25,441.31,452.19,34214175
2023-12-19,0101.HK,458.63,458.43,446.99,455.93,7427108
2023-12-20,0101.HK,457.09,464.94,454.73,456.57,82092483
2023-12-21,0101.HK,463.73,467.65,453.94,465.73,96927430
2023-12-22,0101.HK,477.54,476.5,463.56,475.89,49094206
2023-12-25,0101.HK,465.73,479.76,462.47,468.47,61650588
2023-12-26,0101.HK,480.59,484.64,475.02,480.95,71980034
2023-12-27,0101.HK,488.64,497.33,487.55,489.91,15719494
2023-12-28,0101.HK,484.17,488.79,479.42,483.74,2862214
2023-12-29,0101.HK,471.8,471.65,457.01,470.2,72737706
2024-01-01,0101.HK,480.13,491.64,471.89,478.79,53472418
2024-01-02,0101.HK,482.35,485.02,466.49,480.36,23774536
2024-01-03,0101.HK,474.68,481.98,476.37,477.18,80679437
2024-01-04,0101.HK,483.7,493.89,471.38,479.52,23480258
2024-01-05,0101.HK,488.74,501.05,480.33,488.15,51034530
2024-01-08,0101.HK,469.91,479.34,464.67,473.37,35817161
2024-01-09,0101.HK,478.04,475.21,473.97,474.36,1816435
2024-01-10,0101.HK,479.1,482.67,470.63,474.87,19526152
2024-01-11,0101.HK,487.12,498.47,473.08,485.62,13581079
2024-01-12,0101.HK,489.83,494.14,478.63,491.75,68153584
2024-01-15,0101.HK,495.04,507.86,495.83,497.89,65550454
2024-01-16,0101.HK,490.91,503.19,485.68,494.68,34993722
2024-01-17,0101.HK,497.93,513.68,495.89,499.75,14251030
2024-01-18,0101.HK,495.97,500.95,495.88,496.21,97824868
2024-01-19,0101.HK,493.71,500.73,489.54,495.5,48451394
2024-01-22,0101.HK,497.0,509.77,489.88,499.86,65717933
2024-01-23,0101.HK,499.44,511.12,495.61,500.6,51372462
2024-01-24,0101.HK,505.14,510.04,489.74,503.08,19028519
2024-01-25,0101.HK,510.48,514.06,508.65,513.09,37371632
2024-01-26,0101.HK,506.23,522.94,505.54,510.38,45770199
2024-01-29,0101.HK,500.0,504.83,494.37,502.54,88639328
2024-01-30,0101.HK,492.72,504.26,495.24,495.81,64074540
2024-01-31,0101.HK,486.96,498.02,484.98,487.54,59461113
2024-02-01,0101.HK,503.11,507.1,496.85,499.39,95249904
2024-02-02,0101.HK,504.41,513.55,498.49,504.4,78362051
2024-02-05,0101.HK,515.91,513.01,508.5,512.6,78597709
2024-02-06,0101.HK,521.63,530.68,504.61,519.55,44761827
2024-02-07,0101.HK,521.41,532.63,506.13,518.11,58340299
2024-02-08,0101.HK,534.11,542.86,524.81,530.88,2850427
2024-02-09,0101.HK,527.84,537.67,521.11,525.48,76815106
2024-02-12,0101.HK,540.7,557.59,537.73,541.45,58289320
2024-02-13,0101.HK,547.28,557.35,539.55,542.56,56805796
2024-02-14,0101.HK,557.53,562.72,544.71,557.23,51723592
2024-02-15,0101.HK,549.43,552.6,547.3,548.57,56170125
2024-02-16,0101.HK,545.42,552.26,529.73,545.13,88357732
2024-02-19,0101.HK,530.19,542.39,525.87,532.13,58864195
2024-02-20,0101.HK,540.84,543.5,528.89,540.56,52894619
2024-02-21,0101.HK,545.86,549.75,529.76,542.72,9706498
2024-02-22,0101.HK,561.07,566.35,544.57,559.25,67772221
2024-02-23,0101.HK,552.05,563.78,543.74,555.3,93237316
2024-02-26,0101.HK,563.47,573.68,565.86,566.55,32553792
2024-02-27,0101.HK,568.98,572.73,552.2,567.34,63127176
2024-02-28,0101.HK,571.37,574.35,560.3,566.65,61280942
2024-02-29,0101.HK,563.35,574.72,551.77,564.31,38425752
2024-03-01,0101.HK,556.62,571.71,546.37,557.27,63878567
2024-03-04,0101.HK,557.29,564.75,554.6,560.51,76468682
2024-03-05,0101.HK,561.97,568.05,560.88,562.4,14444973
2024-03-06,0101.HK,551.67,560.61,544.14,549.24,93606623
2024-03-07,0101.HK,531.08,533.45,518.41,528.66,39719986
2024-03-08,0101.HK,521.35,540.71,511.66,526.29,70279633
2024-03-11,0101.HK,538.03,549.12,528.39,535.56,72801177
2024-03-12,0101.HK,535.34,549.48,526.87,537.46,90381009
2024-03-13,0101.HK,523.51,532.05,519.14,527.06,77809205
2024-03-14,0101.HK,515.7,516.39,499.97,513.14,31092990
2024-03-15,0101.HK,521.96,530.58,513.19,522.13,66645921
2024-03-18,0101.HK,508.55,523.75,498.0,509.29,63109839
2024-03-19,0101.HK,516.34,519.55,506.1,515.19,37181888
2024-03-20,0101.HK,516.29,527.14,510.13,519.69,18653418
2024-03-21,0101.HK,532.01,539.28,518.66,532.54,13987566
2024-03-22,0101.HK,529.18,538.81,526.69,527.62,9613464
2024-03-25,0101.HK,531.07,535.99,527.65,535.16,62651914
2024-03-26,0101.HK,545.45,559.59,541.37,546.51,98598201
2024-03-27,0101.HK,531.78,536.59,524.0,535.65,2885969
2024-03-28,0101.HK,541.48,541.73,529.62,536.83,32488893
2024-03-29,0101.HK,533.88,539.07,525.67,536.61,61926474
2023-04-14,0688.HK,474.99,490.7,477.71,478.3,57132965
2023-04-17,0688.HK,490.16,500.98,479.22,488.38,99290347
2023-04-18,0688.HK,508.43,513.05,501.7,506.6,52646323
2023-04-19,0688.HK,493.25,508.98,490.61,497.11,79788710
2023-04-20,0688.HK,494.87,506.35,494.82,498.31,98842152
2023-04-21,0688.HK,503.33,512.45,488.22,499.49,83960475
2023-04-24,0688.HK,496.18,502.46,486.15,499.49,85902056
2023-04-25,0688.HK,487.61,493.5,480.34,491.46,57693578
2023-04-26,0688.HK,488.48,490.88,478.2,484.8,17482450
2023-04-27,0688.HK,484.36,488.6,478.03,486.64,59443230
2023-04-28,0688.HK,477.77,492.02,479.57,479.84,12895330
2023-05-01,0688.HK,476.44,492.48,469.4,481.08,35961512
2023-05-02,0688.HK,478.39,492.58,474.5,479.4,5020339
2023-05-03,0688.HK,475.85,483.39,470.69,480.52,48967859
2023-05-04,0688.HK,476.94,478.22,464.88,473.74,33604455
2023-05-05,0688.HK,470.29,488.57,462.69,474.96,29479080
2023-05-08,0688.HK,465.3,475.67,467.82,468.77,10969371
2023-05-09,0688.HK,469.44,470.31,466.77,470.0,64481388
2023-05-10,0688.HK,481.45,486.33,478.21,479.53,41546187
2023-05-11,0688.HK,481.64,491.55,474.58,481.51,19744229
2023-05-12,0688.HK,482.16,485.27,475.69,483.93,61329817
2023-05-15,0688.HK,486.22,499.23,488.38,489.96,34434649
2023-05-16,0688.HK,477.07,492.59,475.31,479.74,11434091
2023-05-17,0688.HK,491.3,502.16,485.92,492.21,62236164
2023-05-18,0688.HK,485.16,496.11,474.63,484.51,71137772
2023-05-19,0688.HK,495.82,496.74,487.92,491.0,25364814
2023-05-22,0688.HK,494.43,510.53,482.09,496.6,22525307
2023-05-23,0688.HK,489.81,495.89,484.53,489.98,20079482
2023-05-24,0688.HK,493.22,503.0,490.39,497.49,56638181
2023-05-25,0688.HK,502.32,509.56,489.96,501.31,76690423
2023-05-26,0688.HK,511.37,518.69,511.59,515.62,28692887
2023-05-29,0688.HK,517.15,522.29,509.57,517.22,35318924
2023-05-30,0688.HK,521.58,522.02,510.7,516.48,88945978
2023-05-31,0688.HK,514.01,521.3,505.97,512.59,50149610
2023-06-01,0688.HK,502.36,500.05,497.57,499.29,59042929
2023-06-02,0688.HK,500.48,497.16,495.06,497.01,12893614
2023-06-05,0688.HK,497.24,501.24,490.31,495.05,63190784
2023-06-06,0688.HK,493.75,504.77,486.32,497.1,56483247
2023-06-07,0688.HK,488.9,487.77,479.52,486.58,62145352
2023-06-08,0688.HK,482.95,498.8,477.96,484.94,19069191
2023-06-09,0688.HK,485.39,497.18,480.06,489.23,20062162
2023-06-12,0688.HK,489.64,502.68,488.33,494.28,15038457
2023-06-13,0688.HK,481.57,494.32,480.28,480.59,88960800
2023-06-14,0688.HK,488.76,488.83,473.49,485.78,45049812
2023-06-15,0688.HK,485.24,496.43,472.93,484.08,48485142
2023-06-16,0688.HK,484.26,489.29,474.93,482.83,23286598
2023-06-19,0688.HK,470.34,472.44,459.27,465.8,22637369
2023-06-20,0688.HK,476.47,479.98,464.93,476.33,28296502
2023-06-21,0688.HK,472.94,485.86,468.91,477.69,89970212
2023-06-22,0688.HK,462.53,467.42,465.22,466.81,13537819
2023-06-23,0688.HK,464.86,472.05,467.05,469.53,80468694
2023-06-26,0688.HK,470.55,481.51,465.08,472.05,90568763
2023-06-27,0688.HK,476.54,492.53,468.84,480.81,39770468
2023-06-28,0688.HK,475.72,488.76,474.05,478.67,55241862
2023-06-29,0688.HK,480.75,488.04,475.64,478.85,24701258
2023-06-30,0688.HK,473.65,476.49,466.21,474.33,70467483
2023-07-03,0688.HK,480.51,488.87,468.75,478.68,66559183
2023-07-04,0688.HK,471.89,486.55,463.83,473.15,60698805
2023-07-05,0688.HK,469.24,479.6,459.03,466.9,36688025
2023-07-06,0688.HK,465.87,471.05,461.68,466.52,93338959
2023-07-07,0688.HK,454.61,465.75,456.63,458.04,10911339
2023-07-10,0688.HK,469.08,481.31,467.74,469.14,51920863
2023-07-11,0688.HK,478.21,484.32,476.81,482.79,13262002
2023-07-12,0688.HK,476.24,490.71,476.02,479.61,84434503
2023-07-13,0688.HK,466.02,472.52,467.37,469.73,72387673
2023-07-14,0688.HK,475.08,486.21,470.27,472.19,52525861
2023-07-17,0688.HK,467.1,476.88,463.79,468.87,34195901
2023-07-18,0688.HK,479.81,478.55,474.07,477.23,4167853
2023-07-19,0688.HK,471.67,483.88,458.76,471.69,52256154
2023-07-20,0688.HK,472.39,488.4,473.24,475.63,93457807
2023-07-21,0688.HK,480.12,487.07,464.89,476.54,30947758
2023-07-24,0688.HK,471.77,480.14,468.72,471.8,23469003
2023-07-25,0688.HK,470.08,480.45,461.63,473.6,69679943
2023-07-26,0688.HK,480.66,490.6,466.45,479.93,96505058
2023-07-27,0688.HK,475.85,485.35,476.03,480.65,5469065
2023-07-28,0688.HK,477.44,482.56,475.41,481.45,89696606
2023-07-31,0688.HK,475.77,483.85,465.92,475.24,2855374
2023-08-01,0688.HK,478.87,496.38,470.48,483.5,99979147
2023-08-02,0688.HK,487.87,501.11,490.42,491.17,36866638
2023-08-03,0688.HK,490.53,493.38,478.06,488.24,20978604
2023-08-04,0688.HK,490.56,491.19,476.95,487.43,99898004
2023-08-07,0688.HK,496.15,504.18,497.72,497.87,37560734
2023-08-08,0688.HK,488.19,501.66,479.4,489.5,24144824
2023-08-09,0688.HK,493.28,504.42,479.86,494.04,38017686
2023-08-10,0688.HK,488.49,493.59,484.91,490.0,29709017
2023-08-11,0688.HK,504.24,510.77,491.35,503.16,27390039
2023-08-14,0688.HK,500.42,504.6,497.99,503.74,67606080
2023-08-15,0688.HK,509.94,522.84,513.09,513.37,8365807
2023-08-16,0688.HK,507.51,518.77,493.08,507.61,78049075
2023-08-17,0688.HK,502.98,499.52,495.54,498.2,38479572
2023-08-18,0688.HK,493.02,503.9,482.72,496.55,52688039
2023-08-21,0688.HK,493.81,509.5,490.95,498.61,46435026
2023-08-22,0688.HK,491.88,500.25,482.74,494.89,73803619
2023-08-23,0688.HK,497.6,509.88,489.79,500.61,66041237
2023-08-24,0688.HK,499.54,505.48,494.24,499.14,42156485
2023-08-25,0688.HK,486.76,494.24,476.99,483.65,87829007
2023-08-28,0688.HK,490.97,495.54,474.13,487.76,57033638
2023-08-29,0688.HK,480.01,489.2,476.31,481.4,64839018
2023-08-30,0688.HK,480.55,488.65,466.09,478.89,19979520
2023-08-31,0688.HK,491.42,496.14,486.65,490.14,13366018
2023-09-01,0688.HK,500.17,511.7,495.73,503.27,27373318
2023-09-04,0688.HK,498.11,499.55,484.61,499.03,10397773
2023-09-05,0688.HK,504.22,516.5,492.28,503.45,4360043
2023-09-06,0688.HK,501.47,512.2,486.47,499.38,39189021
2023-09-07,0688.HK,493.94,498.92,492.08,497.33,96786111
2023-09-08,0688.HK,494.67,507.48,484.55,492.91,89889109
2023-09-11,0688.HK,477.43,481.96,475.98,480.26,37769424
2023-09-12,0688.HK,479.29,490.73,471.42,481.04,57683259
2023-09-13,0688.HK,481.28,494.58,473.25,483.22,53964420
2023-09-14,0688.HK,473.89,489.82,473.0,478.45,20031469
2023-09-15,0688.HK,483.59,490.18,480.18,486.35,55283316
2023-09-18,0688.HK,481.08,493.33,481.66,483.27,5308032
2023-09-19,0688.HK,477.95,487.27,472.81,478.75,2933999
2023-09-20,0688.HK,479.83,483.52,476.38,482.62,64893598
2023-09-21,0688.HK,468.34,476.26,462.07,471.55,82160430
2023-09-22,0688.HK,475.14,485.92,474.95,478.06,83128241
2023-09-25,0688.HK,476.86,479.54,472.75,475.27,74474436
2023-09-26,0688.HK,484.39,483.39,468.57,482.42,69841164
2023-09-27,0688.HK,496.21,503.25,489.35,491.84,54953245
2023-09-28,0688.HK,494.72,506.76,492.37,496.66,67860439
2023-09-29,0688.HK,495.09,496.11,476.57,490.71,90935990
2023-10-02,0688.HK,478.33,491.68,479.77,481.6,31703998
2023-10-03,0688.HK,474.45,476.03,468.43,471.34,7913156
2023-10-04,0688.HK,480.72,488.96,471.92,479.23,69021995
2023-10-05,0688.HK,482.4,488.89,477.8,478.36,45412619
2023-10-06,0688.HK,474.42,477.9,473.95,474.15,6458536
2023-10-09,0688.HK,471.97,477.53,464.6,473.31,91854068
2023-10-10,0688.HK,479.8,494.31,472.75,481.07,85622108
2023-10-11,0688.HK,487.0,491.34,478.75,486.79,43013726
2023-10-12,0688.HK,487.74,494.35,478.13,490.09,34264055
2023-10-13,0688.HK,496.11,500.61,490.61,494.88,98710838
2023-10-16,0688.HK,495.09,503.2,483.87,496.31,39829313
2023-10-17,0688.HK,500.92,501.91,486.42,498.66,38261112
2023-10-18,0688.HK,503.6,509.78,499.78,500.41,90549503
2023-10-19,0688.HK,497.02,501.15,491.49,500.51,52685868
2023-10-20,0688.HK,506.43,508.31,492.98,506.27,5639214
2023-10-23,0688.HK,512.69,523.59,495.61,509.11,22099114
2023-10-24,0688.HK,498.37,515.72,501.87,502.49,26917861
2023-10-25,0688.HK,504.59,512.09,499.02,506.58,68563636
2023-10-26,0688.HK,508.6,523.07,494.82,508.56,80061945
2023-10-27,0688.HK,511.62,519.14,508.84,513.32,93008333
2023-10-30,0688.HK,514.84,524.56,508.79,512.62,32776881
2023-10-31,0688.HK,521.63,531.18,511.7,518.97,54138867
2023-11-01,0688.HK,521.29,531.3,508.28,518.59,80354659
2023-11-02,0688.HK,527.62,528.01,519.88,524.33,19466858
2023-11-03,0688.HK,516.6,529.82,519.42,520.84,4510443
2023-11-06,0688.HK,521.3,525.79,515.76,517.92,84504216
2023-11-07,0688.HK,526.63,534.76,520.24,522.7,18426495
2023-11-08,0688.HK,518.17,523.99,516.19,520.21,16210668
2023-11-09,0688.HK,534.11,551.7,532.78,537.52,87662617
2023-11-10,0688.HK,538.29,548.69,530.54,542.2,1958427
2023-11-13,0688.HK,540.17,548.69,527.73,542.51,57082268
2023-11-14,0688.HK,548.0,550.05,544.41,549.29,73198703
2023-11-15,0688.HK,549.09,553.38,544.92,545.44,91492350
2023-11-16,0688.HK,553.67,560.48,536.56,553.1,71388458
2023-11-17,0688.HK,561.36,576.4,553.81,560.64,99292753
2023-11-20,0688.HK,575.33,587.63,559.77,571.29,15784263
2023-11-21,0688.HK,571.0,581.01,554.2,567.63,76709720
2023-11-22,0688.HK,558.24,559.16,549.0,557.33,93182662
2023-11-23,0688.HK,552.41,565.41,536.25,552.34,73080059
2023-11-24,0688.HK,555.03,558.36,539.19,550.12,65018399
2023-11-27,0688.HK,568.68,566.98,553.9,563.98,16472737
2023-11-28,0688.HK,582.63,592.11,581.69,582.67,41839000
2023-11-29,0688.HK,586.58,601.35,573.87,585.8,67742223
2023-11-30,0688.HK,589.01,591.81,571.3,586.0,50788044
2023-12-01,0688.HK,581.37,587.7,582.57,583.04,50713148
2023-12-04,0688.HK,594.57,593.82,589.29,590.37,79648712
2023-12-05,0688.HK,613.63,617.0,600.45,609.86,59742078
2023-12-06,0688.HK,629.95,642.28,609.0,626.32,90502176
2023-12-07,0688.HK,642.71,648.47,621.6,637.14,82023068
2023-12-08,0688.HK,648.63,663.89,644.4,648.0,9586202
2023-12-11,0688.HK,657.63,665.73,655.16,656.22,30367487
2023-12-12,0688.HK,652.03,673.54,639.14,655.89,68965426
2023-12-13,0688.HK,646.18,659.83,641.3,648.77,42319558
2023-12-14,0688.HK,654.86,651.27,636.86,648.7,43609137
2023-12-15,0688.HK,654.65,660.92,635.25,652.94,94795569
2023-12-18,0688.HK,637.76,645.4,628.23,638.83,22442972
2023-12-19,0688.HK,632.4,640.34,621.56,637.5,20569670
2023-12-20,0688.HK,628.72,641.51,622.71,629.72,1009659
2023-12-21,0688.HK,644.81,655.21,638.74,639.43,36638648
2023-12-22,0688.HK,636.37,637.48,630.8,634.28,16975404
2023-12-25,0688.HK,635.31,646.92,629.78,637.53,56403669
2023-12-26,0688.HK,625.94,638.95,629.51,630.97,87364484
2023-12-27,0688.HK,647.39,657.31,628.99,646.21,20825685
2023-12-28,0688.HK,626.74,639.08,624.78,629.86,46611810
2023-12-29,0688.HK,629.73,642.84,618.54,634.48,75363587
2024-01-01,0688.HK,618.3,631.46,616.72,622.45,23591608
2024-01-02,0688.HK,612.58,628.26,600.29,617.82,59189095
2024-01-03,0688.HK,623.0,625.98,610.34,619.85,92947421
2024-01-04,0688.HK,621.99,640.96,606.61,622.35,71184456
2024-01-05,0688.HK,626.52,640.96,607.61,624.62,28740452
2024-01-08,0688.HK,621.56,643.69,615.39,626.16,91096518
2024-01-09,0688.HK,617.71,622.61,607.17,620.26,60120261
2024-01-10,0688.HK,623.13,626.01,617.28,618.86,25178973
2024-01-11,0688.HK,621.67,632.94,605.79,619.27,3670017
2024-01-12,0688.HK,619.54,622.06,619.36,621.21,95399001
2024-01-15,0688.HK,623.65,634.26,606.59,620.73,8318632
2024-01-16,0688.HK,631.43,638.17,621.65,627.64,78184465
2024-01-17,0688.HK,627.51,631.37,624.78,628.65,45922798
2024-01-18,0688.HK,634.79,638.95,615.86,630.67,17929496
2024-01-19,0688.HK,630.24,637.99,615.97,627.18,49719558
2024-01-22,0688.HK,618.01,621.84,605.88,617.4,29948735
2024-01-23,0688.HK,617.57,628.25,603.6,618.95,39957991
2024-01-24,0688.HK,628.84,635.69,630.26,630.29,8289123
2024-01-25,0688.HK,636.42,637.93,631.55,634.61,91505457
2024-01-26,0688.HK,625.72,642.44,612.85,626.95,14866782
2024-01-29,0688.HK,632.4,641.25,623.27,634.74,37922935
2024-01-30,0688.HK,630.55,645.13,617.38,631.68,2838983
2024-01-31,0688.HK,638.44,647.16,620.57,638.58,14246338
2024-02-01,0688.HK,635.3,639.64,632.84,635.17,18155956
2024-02-02,0688.HK,632.53,647.24,638.4,638.66,63753380
2024-02-05,0688.HK,631.97,634.14,624.03,633.82,21440134
2024-02-06,0688.HK,631.12,640.27,615.39,629.26,7819390
2024-02-07,0688.HK,617.74,625.4,611.69,614.61,26720201
2024-02-08,0688.HK,621.34,621.65,606.29,619.45,65997372
2024-02-09,0688.HK,627.07,629.01,619.25,623.01,68097493
2024-02-12,0688.HK,625.22,643.61,617.89,627.12,65176435
2024-02-13,0688.HK,629.78,638.39,626.96,629.84,30175737
2024-02-14,0688.HK,616.99,639.2,619.49,622.76,37289486
2024-02-15,0688.HK,627.93,644.72,614.45,631.91,42951720
2024-02-16,0688.HK,636.13,652.95,622.73,641.45,63294599
2024-02-19,0688.HK,636.19,643.26,618.3,633.99,11037999
2024-02-20,0688.HK,636.79,648.1,632.32,639.18,1123762
2024-02-21,0688.HK,650.43,661.54,636.9,647.69,34997238
2024-02-22,0688.HK,647.66,658.4,642.93,643.26,37821149
2024-02-23,0688.HK,645.74,642.21,629.22,640.53,47072037
2024-02-26,0688.HK,645.03,657.9,629.71,645.79,86778765
2024-02-27,0688.HK,631.94,648.41,612.4,631.29,63368823
2024-02-28,0688.HK,620.02,630.52,616.33,621.11,23488023
2024-02-29,0688.HK,608.4,624.92,603.22,612.01,24130270
2024-03-01,0688.HK,595.45,603.85,590.13,595.64,1263449
2024-03-04,0688.HK,606.5,616.46,600.83,605.45,89033816
2024-03-05,0688.HK,586.82,593.56,571.7,587.52,34346748
2024-03-06,0688.HK,585.56,604.89,587.24,590.66,42306528
2024-03-07,0688.HK,595.1,600.09,595.3,597.97,87872032
2024-03-08,0688.HK,592.67,606.56,582.21,595.46,23287536
2024-03-11,0688.HK,583.96,599.81,574.57,589.61,2224747
2024-03-12,0688.HK,587.11,597.35,585.91,591.78,21059682
2024-03-13,0688.HK,596.51,597.04,580.04,591.92,22579740
2024-03-14,0688.HK,597.99,602.28,588.23,600.95,86102128
2024-03-15,0688.HK,579.55,592.53,561.87,577.37,46106046
2024-03-18,0688.HK,566.45,581.85,569.02,569.53,81720588
2024-03-19,0688.HK,569.1,579.9,557.7,574.44,4976529
2024-03-20,0688.HK,570.16,579.76,562.99,574.99,40644897
2024-03-21,0688.HK,580.49,595.05,566.61,581.59,16616320
2024-03-22,0688.HK,585.47,594.01,569.17,583.99,85374178
2024-03-25,0688.HK,580.94,589.35,572.8,582.93,32947485
2024-03-26,0688.HK,581.07,587.17,567.51,580.4,90543011
2024-03-27,0688.HK,598.46,613.35,589.0,600.76,44086778
2024-03-28,0688.HK,611.47,628.59,609.87,614.72,3201754
2024-03-29,0688.HK,613.96,636.55,617.34,619.41,51102632
2023-04-14,1997.HK,246.24,252.36,244.29,248.06,37019088
2023-04-17,1997.HK,251.25,251.63,245.68,249.14,57302627
2023-04-18,1997.HK,248.08,251.5,243.01,247.95,90967599
2023-04-19,1997.HK,255.68,259.99,253.3,255.94,7697948
2023-04-20,1997.HK,262.41,264.95,258.25,260.94,77429194
2023-04-21,1997.HK,271.25,272.41,267.72,269.24,26624852
2023-04-24,1997.HK,272.07,272.04,263.23,271.2,10480549
2023-04-25,1997.HK,273.98,275.23,271.92,274.97,32337909
2023-04-26,1997.HK,271.99,271.09,264.35,270.71,41392339
2023-04-27,1997.HK,269.06,270.75,269.65,269.69,29159518
2023-04-28,1997.HK,274.65,275.25,272.44,273.44,39388072
2023-05-01,1997.HK,277.01,277.62,266.63,274.8,52185022
2023-05-02,1997.HK,275.43,276.28,268.97,275.29,78566063
2023-05-03,1997.HK,269.62,276.14,268.31,272.14,69182494
2023-05-04,1997.HK,274.39,281.82,268.67,276.96,27252658
2023-05-05,1997.HK,281.79,289.5,274.41,281.79,17759623
2023-05-08,1997.HK,287.23,289.48,283.02,286.26,99747962
2023-05-09,1997.HK,290.37,290.62,283.29,287.57,90564325
2023-05-10,1997.HK,285.32,291.57,282.3,287.67,30193394
2023-05-11,1997.HK,295.47,299.02,287.21,292.58,83073167
2023-05-12,1997.HK,296.69,304.52,290.22,296.75,23136422
2023-05-15,1997.HK,291.35,297.56,286.61,292.83,15564848
2023-05-16,1997.HK,297.19,302.23,291.06,294.28,89262744
2023-05-17,1997.HK,299.83,303.27,292.95,297.24,88318177
2023-05-18,1997.HK,294.7,295.42,288.71,294.3,45146174
2023-05-19,1997.HK,300.95,304.25,297.23,298.35,76001578
2023-05-22,1997.HK,300.47,308.12,294.34,301.62,41406435
2023-05-23,1997.HK,301.63,305.3,298.23,299.8,26215654
2023-05-24,1997.HK,295.22,295.54,289.75,293.76,43919924
2023-05-25,1997.HK,296.73,297.6,290.72,296.4,67023479
2023-05-26,1997.HK,305.55,310.22,300.71,305.19,94444606
2023-05-29,1997.HK,309.09,309.73,300.46,306.42,55934947
2023-05-30,1997.HK,306.93,312.24,302.29,309.43,23115577
2023-05-31,1997.HK,304.93,307.59,296.52,304.08,88869612
2023-06-01,1997.HK,306.2,311.79,298.37,303.93,6641262
2023-06-02,1997.HK,301.09,305.99,296.38,303.48,87524576
2023-06-05,1997.HK,302.42,306.84,297.08,299.51,59273789
2023-06-06,1997.HK,303.17,310.11,297.94,301.54,16306711
2023-06-07,1997.HK,301.38,308.73,297.35,303.42,91114490
2023-06-08,1997.HK,302.81,308.27,293.13,302.14,50386006
2023-06-09,1997.HK,301.73,308.54,296.55,302.14,97680928
2023-06-12,1997.HK,312.57,317.67,310.75,311.51,99525278
2023-06-13,1997.HK,306.8,316.17,300.91,308.67,46247301
2023-06-14,1997.HK,301.07,309.17,298.65,303.49,63241195
2023-06-15,1997.HK,299.36,303.84,291.98,298.29,83858956
2023-06-16,1997.HK,299.78,303.87,299.35,299.47,29067282
2023-06-19,1997.HK,288.26,294.0,280.54,288.1,36069732
2023-06-20,1997.HK,287.68,287.98,281.6,285.95,63432429
2023-06-21,1997.HK,282.82,288.01,280.72,281.85,39893084
2023-06-22,1997.HK,282.83,287.85,275.75,281.67,96847637
2023-06-23,1997.HK,283.56,283.95,278.75,281.5,72062262
2023-06-26,1997.HK,282.62,290.34,280.38,283.01,66157313
2023-06-27,1997.HK,284.09,289.18,280.83,285.68,73632448
2023-06-28,1997.HK,291.32,291.38,284.59,290.63,47831702
2023-06-29,1997.HK,290.52,295.6,284.73,289.15,12576305
2023-06-30,1997.HK,285.13,288.5,284.43,286.31,18818645
2023-07-03,1997.HK,289.83,295.87,289.73,290.03,99924817
2023-07-04,1997.HK,285.44,288.97,280.72,282.87,76161799
2023-07-05,1997.HK,288.22,294.32,281.39,286.14,42234576
2023-07-06,1997.HK,286.59,292.49,284.88,286.82,87183894
2023-07-07,1997.HK,288.55,291.95,288.66,288.81,23956874
2023-07-10,1997.HK,288.83,296.68,283.3,290.44,40541490
2023-07-11,1997.HK,289.89,292.57,287.43,291.1,37977637
2023-07-12,1997.HK,291.71,293.64,289.9,291.93,32156496
2023-07-13,1997.HK,286.22,289.3,282.25,287.12,46894086
2023-07-14,1997.HK,284.54,292.63,283.56,284.38,61329870
2023-07-17,1997.HK,289.32,297.38,284.04,292.01,71324079
2023-07-18,1997.HK,294.37,302.43,294.51,295.02,42293923
2023-07-19,1997.HK,299.54,305.08,292.55,299.77,92805951
2023-07-20,1997.HK,297.88,299.77,296.16,298.28,22695985
2023-07-21,1997.HK,296.56,303.74,295.75,298.69,57386711
2023-07-24,1997.HK,302.06,302.16,296.38,301.11,36344845
2023-07-25,1997.HK,309.52,307.08,300.16,306.62,94244357
2023-07-26,1997.HK,308.94,313.55,297.5,305.98,56574147
2023-07-27,1997.HK,307.61,315.69,299.49,308.23,20515746
2023-07-28,1997.HK,311.51,313.05,308.7,311.58,82255954
2023-07-31,1997.HK,317.3,320.18,314.86,316.01,14630927
2023-08-01,1997.HK,313.61,319.74,306.24,315.12,10472892
2023-08-02,1997.HK,320.58,330.33,320.36,321.24,47131510
2023-08-03,1997.HK,312.2,316.13,308.58,314.45,21797345
2023-08-04,1997.HK,306.6,315.43,305.3,309.18,29838379
2023-08-07,1997.HK,313.21,318.72,306.72,311.47,10556722
2023-08-08,1997.HK,316.28,319.95,306.57,313.66,61435000
2023-08-09,1997.HK,312.02,318.57,307.68,312.62,49061742
2023-08-10,1997.HK,312.07,316.32,302.03,310.6,7471983
2023-08-11,1997.HK,307.46,312.65,301.96,308.67,65494525
2023-08-14,1997.HK,302.71,311.0,302.49,304.57,13307611
2023-08-15,1997.HK,305.34,313.2,297.05,304.42,91020980
2023-08-16,1997.HK,298.01,302.65,288.92,297.38,75081727
2023-08-17,1997.HK,302.36,309.03,300.76,302.49,52855840
2023-08-18,1997.HK,302.84,305.57,296.62,304.28,86826530
2023-08-21,1997.HK,307.91,313.83,304.05,310.25,86680111
2023-08-22,1997.HK,310.92,320.36,308.6,311.06,85241433
2023-08-23,1997.HK,308.45,313.31,302.88,310.95,46898575
2023-08-24,1997.HK,312.95,313.17,303.46,311.59,61846266
2023-08-25,1997.HK,306.72,312.82,299.61,308.39,68380668
2023-08-28,1997.HK,302.95,308.58,296.12,302.7,28581694
2023-08-29,1997.HK,300.08,304.72,294.53,298.29,63186204
2023-08-30,1997.HK,294.03,304.05,294.39,296.44,59458661
2023-08-31,1997.HK,295.02,294.05,289.82,292.57,96335195
2023-09-01,1997.HK,297.41,298.69,296.17,298.55,1691052
2023-09-04,1997.HK,297.65,295.95,292.37,295.45,38341230
2023-09-05,1997.HK,295.49,305.26,294.99,297.25,34703616
2023-09-06,1997.HK,298.62,306.54,298.45,299.92,71869195
2023-09-07,1997.HK,306.4,307.63,304.2,305.54,75216536
2023-09-08,1997.HK,308.84,313.47,304.74,308.73,82999363
2023-09-11,1997.HK,309.48,315.9,303.44,307.99,62840256
2023-09-12,1997.HK,318.17,318.13,310.66,315.93,62444571
2023-09-13,1997.HK,312.67,310.25,302.77,310.1,24210600
2023-09-14,1997.HK,304.73,308.37,302.03,305.79,88676406
2023-09-15,1997.HK,307.7,309.08,305.6,306.86,63572533
2023-09-18,1997.HK,305.59,310.65,305.38,307.31,74154186
2023-09-19,1997.HK,311.62,312.49,309.31,311.14,31446710
2023-09-20,1997.HK,313.65,318.01,305.07,311.95,22024553
2023-09-21,1997.HK,311.43,316.02,305.82,313.74,62088073
2023-09-22,1997.HK,319.12,324.1,315.07,318.49,81663668
2023-09-25,1997.HK,321.87,321.44,315.28,319.23,8755285
2023-09-26,1997.HK,320.1,328.88,317.58,322.55,76074876
2023-09-27,1997.HK,318.48,320.18,317.73,318.96,9205958
2023-09-28,1997.HK,313.76,318.35,315.68,315.72,42269122
2023-09-29,1997.HK,319.97,327.35,316.47,319.96,84300648
2023-10-02,1997.HK,320.52,329.95,318.65,320.6,40735173
2023-10-03,1997.HK,320.72,330.44,318.44,321.48,62521929
2023-10-04,1997.HK,319.84,323.55,310.17,318.2,32602330
2023-10-05,1997.HK,316.68,316.49,310.97,316.31,75824485
2023-10-06,1997.HK,315.6,318.35,316.17,317.74,62110112
2023-10-09,1997.HK,314.32,324.02,313.12,316.37,34077807
2023-10-10,1997.HK,311.57,313.8,310.79,312.34,51391658
2023-10-11,1997.HK,308.77,316.59,299.31,308.42,7625383
2023-10-12,1997.HK,303.46,305.81,302.4,305.53,63754067
2023-10-13,1997.HK,302.28,305.4,296.25,304.04,95370899
2023-10-16,1997.HK,304.01,308.16,296.68,302.84,43871276
2023-10-17,1997.HK,307.48,319.31,307.74,310.02,62523862
2023-10-18,1997.HK,314.93,319.14,307.38,314.38,23412649
2023-10-19,1997.HK,316.16,316.51,307.08,315.85,56520546
2023-10-20,1997.HK,327.46,333.64,315.1,324.73,11632027
2023-10-23,1997.HK,324.77,332.49,323.79,324.23,86197640
2023-10-24,1997.HK,327.77,328.58,317.52,326.61,5704062
2023-10-25,1997.HK,329.02,328.64,325.72,328.29,71534602
2023-10-26,1997.HK,327.9,339.67,325.94,330.68,90539418
2023-10-27,1997.HK,329.66,328.97,320.96,327.03,14328007
2023-10-30,1997.HK,327.4,330.53,324.91,325.61,21613306
2023-10-31,1997.HK,322.92,331.26,318.48,321.71,7808619
2023-11-01,1997.HK,324.31,325.49,314.32,323.74,34161109
2023-11-02,1997.HK,322.31,331.48,317.74,323.82,73562919
2023-11-03,1997.HK,311.7,314.88,305.58,314.74,22716485
2023-11-06,1997.HK,316.43,323.02,317.1,317.23,36086547
2023-11-07,1997.HK,315.5,320.19,317.35,318.33,70238539
2023-11-08,1997.HK,328.42,327.74,318.05,326.53,12112354
2023-11-09,1997.HK,333.5,333.22,327.59,331.13,52100470
2023-11-10,1997.HK,337.02,338.7,333.04,336.73,5266952
2023-11-13,1997.HK,334.36,331.36,321.66,331.09,33140094
2023-11-14,1997.HK,338.94,339.31,331.38,336.71,2779755
2023-11-15,1997.HK,332.97,341.92,327.68,335.79,69731201
2023-11-16,1997.HK,334.27,340.85,323.74,332.38,46095346
2023-11-17,1997.HK,323.62,328.18,312.25,320.75,50747524
2023-11-20,1997.HK,329.9,331.45,325.54,327.13,50088528
2023-11-21,1997.HK,323.24,327.25,316.48,325.8,20336159
2023-11-22,1997.HK,327.83,331.61,322.72,325.27,62544484
2023-11-23,1997.HK,326.16,329.03,326.17,326.9,51968148
2023-11-24,1997.HK,335.97,346.14,329.89,336.1,85558406
2023-11-27,1997.HK,337.45,337.36,325.93,335.03,97586391
2023-11-28,1997.HK,334.52,335.04,329.98,335.02,62310736
2023-11-29,1997.HK,341.83,349.57,339.09,339.95,94073446
2023-11-30,1997.HK,335.43,345.83,330.73,338.6,19567716
2023-12-01,1997.HK,336.45,338.63,333.6,334.44,5201073
2023-12-04,1997.HK,325.49,324.86,315.54,323.53,48257819
2023-12-05,1997.HK,329.39,334.89,329.49,330.08,66081504
2023-12-06,1997.HK,329.94,333.05,325.56,331.33,45712461
2023-12-07,1997.HK,334.78,336.77,331.78,334.11,10747564
2023-12-08,1997.HK,332.14,337.94,323.84,331.74,82775123
2023-12-11,1997.HK,335.96,341.68,330.14,335.19,91049827
2023-12-12,1997.HK,333.61,336.13,324.73,332.32,8035105
2023-12-13,1997.HK,330.97,343.12,327.27,333.2,89970035
2023-12-14,1997.HK,331.6,338.06,333.41,333.8,10022092
2023-12-15,1997.HK,340.16,348.89,339.01,339.52,84754740
2023-12-18,1997.HK,345.33,349.59,334.87,342.89,73337175
2023-12-19,1997.HK,342.98,345.09,332.2,339.73,57773635
2023-12-20,1997.HK,344.17,345.01,339.98,342.86,59155853
2023-12-21,1997.HK,341.81,344.18,332.4,341.04,62721539
2023-12-22,1997.HK,337.54,340.37,329.84,336.96,35377201
2023-12-25,1997.HK,339.74,349.75,337.4,339.81,85322234
2023-12-26,1997.HK,340.9,346.25,332.73,340.87,72383537
2023-12-27,1997.HK,334.29,342.28,328.88,334.82,11743201
2023-12-28,1997.HK,330.13,340.39,324.91,332.3,27171087
2023-12-29,1997.HK,338.97,342.71,327.15,336.08,15214941
2024-01-01,1997.HK,336.57,344.14,335.6,338.11,28175147
2024-01-02,1997.HK,342.89,341.48,332.27,340.36,97076027
2024-01-03,1997.HK,347.3,359.17,346.75,349.85,8235621
2024-01-04,1997.HK,355.03,360.68,354.43,355.15,42689354
2024-01-05,1997.HK,354.22,355.8,350.76,354.6,21878800
2024-01-08,1997.HK,349.54,363.06,344.8,352.52,14964263
2024-01-09,1997.HK,350.39,357.6,339.2,349.0,11433937
2024-01-10,1997.HK,343.82,347.15,343.12,346.66,59243005
2024-01-11,1997.HK,339.51,343.55,336.56,338.41,55120161
2024-01-12,1997.HK,335.09,337.15,330.22,332.31,41328675
2024-01-15,1997.HK,335.22,344.2,326.67,335.65,56926857
2024-01-16,1997.HK,345.0,351.18,339.24,343.45,45358383
2024-01-17,1997.HK,342.15,353.18,337.3,343.8,80100216
2024-01-18,1997.HK,337.06,342.61,333.56,340.24,67485832
2024-01-19,1997.HK,321.77,323.34,314.93,322.94,26657369
2024-01-22,1997.HK,329.11,333.28,328.96,331.26,41791330
2024-01-23,1997.HK,324.06,334.09,319.28,324.67,92838155
2024-01-24,1997.HK,316.29,321.38,311.82,317.57,55061804
2024-01-25,1997.HK,316.75,318.57,314.26,316.21,50156069
2024-01-26,1997.HK,312.96,321.68,314.16,316.08,25796207
2024-01-29,1997.HK,313.27,323.84,315.96,316.19,8579797
2024-01-30,1997.HK,314.93,315.56,311.65,312.2,65235093
2024-01-31,1997.HK,316.66,321.61,305.04,314.21,7478807
2024-02-01,1997.HK,311.97,313.02,306.77,311.81,95508399
2024-02-02,1997.HK,308.28,314.09,303.83,309.55,63352869
2024-02-05,1997.HK,306.43,310.72,307.01,308.32,81322286
2024-02-06,1997.HK,307.01,312.31,300.3,305.25,73160186
2024-02-07,1997.HK,298.89,300.47,294.11,299.56,16707641
2024-02-08,1997.HK,293.64,296.91,290.74,294.28,36792501
2024-02-09,1997.HK,290.65,293.91,288.76,289.46,10011518
2024-02-12,1997.HK,292.59,297.38,291.07,291.5,37783634
2024-02-13,1997.HK,292.16,294.82,286.84,293.3,50687186
2024-02-14,1997.HK,294.15,294.67,284.8,292.18,27940718
2024-02-15,1997.HK,288.95,299.38,290.17,291.28,31540679
2024-02-16,1997.HK,294.94,304.49,287.56,296.44,60457175
2024-02-19,1997.HK,301.27,303.34,289.85,298.78,22668271
2024-02-20,1997.HK,308.44,306.01,300.3,305.86,79184727
2024-02-21,1997.HK,305.32,307.61,296.29,303.27,60370767
2024-02-22,1997.HK,296.62,300.31,296.31,298.03,16272317
2024-02-23,1997.HK,299.55,305.6,297.93,302.55,70802958
2024-02-26,1997.HK,304.21,308.54,299.12,302.51,66909123
2024-02-27,1997.HK,297.57,302.36,295.49,298.93,7491495
2024-02-28,1997.HK,299.95,304.85,296.97,301.18,49161728
2024-02-29,1997.HK,299.36,302.29,297.2,298.06,38651515
2024-03-01,1997.HK,301.35,301.23,294.97,301.2,86790724
2024-03-04,1997.HK,302.44,305.76,299.3,303.45,8794279
2024-03-05,1997.HK,302.68,305.24,296.89,302.49,79345135
2024-03-06,1997.HK,295.85,298.84,291.16,294.89,76919016
2024-03-07,1997.HK,292.3,292.49,284.77,290.87,35475456
2024-03-08,1997.HK,295.69,297.66,290.18,297.55,81016188
2024-03-11,1997.HK,305.68,308.53,301.81,305.4,74243578
2024-03-12,1997.HK,316.42,321.78,308.43,317.34,60111963
2024-03-13,1997.HK,318.39,323.46,313.78,319.31,63608519
2024-03-14,1997.HK,314.61,318.13,304.89,314.15,62475298
2024-03-15,1997.HK,322.96,327.93,320.35,320.53,14768458
2024-03-18,1997.HK,317.55,324.49,312.0,319.32,4420428
2024-03-19,1997.HK,315.5,318.84,309.13,316.12,95364108
2024-03-20,1997.HK,316.11,319.0,309.43,317.77,80826083
2024-03-21,1997.HK,328.28,328.14,319.22,326.87,74986957
2024-03-22,1997.HK,324.95,336.03,321.92,326.42,20008789
2024-03-25,1997.HK,328.91,329.7,319.6,326.57,33416682
2024-03-26,1997.HK,320.84,320.79,313.21,319.13,4052444
2024-03-27,1997.HK,321.8,322.98,312.5,319.71,58409430
2024-03-28,1997.HK,324.29,330.84,316.65,322.97,81417784
2024-03-29,1997.HK,322.38,323.58,321.12,322.61,55215843
2023-04-14,0027.HK,301.68,306.23,298.66,303.22,25518231
2023-04-17,0027.HK,305.43,310.17,297.05,303.71,10646081
2023-04-18,0027.HK,303.89,312.45,299.7,306.96,2245664
2023-04-19,0027.HK,306.22,315.95,304.23,307.09,85918606
2023-04-20,0027.HK,296.57,299.35,289.84,298.69,95610566
2023-04-21,0027.HK,294.64,299.9,290.45,295.82,73315236
2023-04-24,0027.HK,290.55,296.34,291.62,291.66,44962291
2023-04-25,0027.HK,289.05,293.11,287.05,288.75,27417125
2023-04-26,0027.HK,294.63,303.29,291.38,296.58,91458874
2023-04-27,0027.HK,302.5,306.74,293.22,301.63,73310778
2023-04-28,0027.HK,304.82,309.52,297.02,303.69,94727192
2023-05-01,0027.HK,306.35,308.85,307.33,307.45,74878381
2023-05-02,0027.HK,298.28,307.17,290.64,298.78,9678460
2023-05-03,0027.HK,303.21,303.72,301.36,302.11,84195558
2023-05-04,0027.HK,305.24,314.6,297.63,306.43,55315147
2023-05-05,0027.HK,298.77,303.79,290.47,296.19,19104173
2023-05-08,0027.HK,297.92,304.28,296.03,299.65,4248617
2023-05-09,0027.HK,292.8,300.62,288.42,293.31,17748363
2023-05-10,0027.HK,287.29,286.98,282.98,284.7,20185622
2023-05-11,0027.HK,289.98,294.7,286.07,290.42,52130912
2023-05-12,0027.HK,284.52,290.52,281.65,286.09,21663230
2023-05-15,0027.HK,285.84,290.43,282.12,283.08,68871533
2023-05-16,0027.HK,285.38,292.24,285.8,287.34,4834912
2023-05-17,0027.HK,286.06,289.48,279.32,286.08,38446750
2023-05-18,0027.HK,288.12,291.56,279.37,285.36,60930150
2023-05-19,0027.HK,283.11,289.77,283.67,284.56,56130803
2023-05-22,0027.HK,287.43,289.99,282.01,286.1,69812432
2023-05-23,0027.HK,286.96,290.82,284.99,285.18,82162436
2023-05-24,0027.HK,287.31,292.97,279.57,285.73,43772668
2023-05-25,0027.HK,283.99,287.56,282.33,283.63,3679783
2023-05-26,0027.HK,283.52,292.72,277.13,285.18,23471842
2023-05-29,0027.HK,285.73,293.03,282.8,286.58,95505865
2023-05-30,0027.HK,293.19,302.51,288.45,294.8,25304327
2023-05-31,0027.HK,293.16,293.79,287.75,293.17,36211920
2023-06-01,0027.HK,290.43,299.97,287.03,292.42,98210097
2023-06-02,0027.HK,295.87,295.24,289.17,293.52,60578609
2023-06-05,0027.HK,299.73,305.74,294.47,297.83,4478286
2023-06-06,0027.HK,292.9,300.79,290.5,293.01,87144052
2023-06-07,0027.HK,294.55,293.91,293.24,293.53,91883835
2023-06-08,0027.HK,280.43,283.5,278.64,282.54,75948032
2023-06-09,0027.HK,280.78,282.6,277.32,281.45,34419047
2023-06-12,0027.HK,285.19,291.57,285.05,286.03,56300581
2023-06-13,0027.HK,284.04,288.58,279.16,282.97,31765056
2023-06-14,0027.HK,283.09,286.47,283.08,283.78,82835248
2023-06-15,0027.HK,282.03,289.29,280.63,281.59,92841745
2023-06-16,0027.HK,276.47,284.0,274.75,278.01,73649233
2023-06-19,0027.HK,280.79,288.0,277.13,282.12,83575087
2023-06-20,0027.HK,279.39,279.51,270.95,277.75,72055440
2023-06-21,0027.HK,279.31,283.69,276.96,279.03,85642108
2023-06-22,0027.HK,278.91,285.05,278.94,280.38,87406622
2023-06-23,0027.HK,275.67,277.71,270.48,276.85,94604451
2023-06-26,0027.HK,277.34,281.04,269.33,277.55,6050453
2023-06-27,0027.HK,274.64,278.56,270.23,273.71,11921964
2023-06-28,0027.HK,275.1,282.64,269.08,275.91,88386037
2023-06-29,0027.HK,268.48,271.9,266.29,270.52,94584690
2023-06-30,0027.HK,268.28,274.52,265.88,269.2,15812641
2023-07-03,0027.HK,266.88,275.72,261.67,268.23,69805979
2023-07-04,0027.HK,275.3,273.74,267.85,272.77,23169282
2023-07-05,0027.HK,271.87,274.37,270.52,273.39,74888007
2023-07-06,0027.HK,278.35,285.06,270.26,277.36,32664691
2023-07-07,0027.HK,278.86,281.68,272.53,279.73,49183644
2023-07-10,0027.HK,283.97,290.16,274.72,282.08,82492565
2023-07-11,0027.HK,282.56,284.01,273.24,280.74,99010792
2023-07-12,0027.HK,285.98,293.49,280.68,285.09,40124106
2023-07-13,0027.HK,282.19,291.99,277.27,283.63,3352512
2023-07-14,0027.HK,276.39,279.45,270.2,276.32,63826203
2023-07-17,0027.HK,274.74,278.81,267.41,275.49,59318021
2023-07-18,0027.HK,275.32,279.2,275.06,277.42,32011029
2023-07-19,0027.HK,268.96,275.48,264.41,270.79,27826843
2023-07-20,0027.HK,267.89,273.18,265.16,267.25,48742097
2023-07-21,0027.HK,262.13,268.57,256.01,262.37,16068042
2023-07-24,0027.HK,266.39,268.78,263.2,265.51,26403422
2023-07-25,0027.HK,271.28,279.55,267.51,272.23,59504393
2023-07-26,0027.HK,269.29,272.88,263.58,271.43,43012710
2023-07-27,0027.HK,276.32,280.82,270.63,273.65,86248552
2023-07-28,0027.HK,276.3,278.83,268.94,275.78,65651825
2023-07-31,0027.HK,280.53,285.79,280.78,282.26,13793700
2023-08-01,0027.HK,277.48,281.43,275.79,279.55,25920624
2023-08-02,0027.HK,278.7,281.21,274.56,278.69,28485513
2023-08-03,0027.HK,279.98,281.42,275.19,277.32,70354109
2023-08-04,0027.HK,277.63,279.68,273.61,277.69,68416190
2023-08-07,0027.HK,287.94,288.88,279.68,288.17,33459804
2023-08-08,0027.HK,286.35,296.2,281.23,288.36,40033988
2023-08-09,0027.HK,285.93,291.69,280.26,284.73,18932365
2023-08-10,0027.HK,278.57,283.37,274.52,279.85,35518602
2023-08-11,0027.HK,283.07,292.98,276.87,285.17,44560210
2023-08-14,0027.HK,284.25,287.12,276.1,281.55,15463660
2023-08-15,0027.HK,287.04,284.53,281.69,284.41,88133609
2023-08-16,0027.HK,278.89,287.69,281.55,281.56,64324604
2023-08-17,0027.HK,275.8,283.52,272.57,276.27,75194643
2023-08-18,0027.HK,279.32,279.15,272.25,278.83,8797593
2023-08-21,0027.HK,274.08,276.38,271.45,276.25,18686511
2023-08-22,0027.HK,280.05,284.33,274.51,278.07,49413113
2023-08-23,0027.HK,278.84,284.2,277.19,280.21,78440657
2023-08-24,0027.HK,280.2,288.56,280.38,282.56,56338247
2023-08-25,0027.HK,279.87,286.03,277.28,281.48,48095299
2023-08-28,0027.HK,284.21,285.38,277.46,284.43,10635876
2023-08-29,0027.HK,279.11,282.77,274.2,280.55,21881977
2023-08-30,0027.HK,271.55,276.92,264.83,270.28,31207760
2023-08-31,0027.HK,275.08,278.32,267.41,273.2,71647616
2023-09-01,0027.HK,273.08,278.76,273.87,273.94,30857843
2023-09-04,0027.HK,273.82,274.09,267.74,271.48,46538395
2023-09-05,0027.HK,267.05,266.03,262.58,265.55,76306027
2023-09-06,0027.HK,257.34,258.3,251.65,257.49,68287564
2023-09-07,0027.HK,259.78,261.0,254.34,257.74,23610118
2023-09-08,0027.HK,263.7,266.83,261.43,264.16,98485196
2023-09-11,0027.HK,265.32,265.19,260.33,263.67,7574759
2023-09-12,0027.HK,260.96,263.65,257.06,262.29,68202582
2023-09-13,0027.HK,262.25,269.59,256.06,262.25,37056705
2023-09-14,0027.HK,269.95,272.79,270.82,270.87,39335328
2023-09-15,0027.HK,276.4,277.19,267.44,273.98,12801426
2023-09-18,0027.HK,272.12,270.46,269.91,270.2,42400929
2023-09-19,0027.HK,269.0,275.38,263.34,270.37,8142411
2023-09-20,0027.HK,273.55,275.23,267.84,271.77,18492904
2023-09-21,0027.HK,265.17,270.47,263.56,267.52,76777631
2023-09-22,0027.HK,270.62,276.97,263.44,270.62,7332314
2023-09-25,0027.HK,265.53,273.55,265.42,267.35,14995412
2023-09-26,0027.HK,258.9,266.72,260.21,261.35,75656661
2023-09-27,0027.HK,260.14,266.28,259.79,261.7,26327041
2023-09-28,0027.HK,261.57,263.89,255.35,261.43,96989343
2023-09-29,0027.HK,263.63,264.97,254.71,261.48,73062823
2023-10-02,0027.HK,257.27,259.84,253.73,258.53,53455131
2023-10-03,0027.HK,254.09,260.55,248.59,256.16,89295036
2023-10-04,0027.HK,262.74,266.27,256.37,260.54,26234730
2023-10-05,0027.HK,263.6,269.65,255.7,262.32,47116376
2023-10-06,0027.HK,257.65,261.38,254.0,258.61,95227838
2023-10-09,0027.HK,249.88,254.8,250.73,251.09,48129632
2023-10-10,0027.HK,249.5,248.14,247.35,247.7,19565583
2023-10-11,0027.HK,250.72,249.64,244.19,248.33,31552834
2023-10-12,0027.HK,245.7,247.88,245.77,246.03,31266773
2023-10-13,0027.HK,244.21,244.46,242.18,243.46,54708286
2023-10-16,0027.HK,243.67,244.42,235.53,241.36,35255880
2023-10-17,0027.HK,242.28,245.91,239.54,241.14,8273558
2023-10-18,0027.HK,244.42,250.85,237.5,244.03,10339190
2023-10-19,0027.HK,245.13,246.38,241.57,244.07,54993066
2023-10-20,0027.HK,246.73,250.87,241.99,244.35,26905787
2023-10-23,0027.HK,242.42,250.02,240.55,243.58,79138896
2023-10-24,0027.HK,241.56,242.55,236.96,241.8,16953770
2023-10-25,0027.HK,246.47,250.24,238.39,245.09,62517154
2023-10-26,0027.HK,249.72,253.06,244.23,247.87,31874465
2023-10-27,0027.HK,257.5,258.76,254.41,255.52,78516983
2023-10-30,0027.HK,259.55,265.57,255.97,257.91,4370052
2023-10-31,0027.HK,254.53,256.31,249.82,256.04,7082511
2023-11-01,0027.HK,252.62,252.83,248.62,252.61,89985249
2023-11-02,0027.HK,257.55,263.53,250.33,256.28,53577495
2023-11-03,0027.HK,252.28,256.95,249.83,253.19,4582426
2023-11-06,0027.HK,254.95,261.74,254.57,256.32,57375685
2023-11-07,0027.HK,252.29,256.53,246.58,253.45,95364782
2023-11-08,0027.HK,256.71,255.33,248.46,254.83,58528349
2023-11-09,0027.HK,249.49,257.86,248.99,250.83,28055859
2023-11-10,0027.HK,251.31,259.9,249.43,253.81,64595393
2023-11-13,0027.HK,248.11,250.23,246.74,249.17,45582134
2023-11-14,0027.HK,248.91,251.27,247.09,250.24,72829444
2023-11-15,0027.HK,248.47,255.05,243.43,249.54,34503153
2023-11-16,0027.HK,251.2,254.93,244.5,249.98,13091365
2023-11-17,0027.HK,246.27,254.79,241.65,248.54,12369670
2023-11-20,0027.HK,245.73,250.33,245.47,247.03,25500552
2023-11-21,0027.HK,247.87,248.32,243.67,247.65,18586260
2023-11-22,0027.HK,242.57,246.66,242.23,243.98,74654656
2023-11-23,0027.HK,239.93,241.19,235.15,240.34,51030221
2023-11-24,0027.HK,240.86,246.04,236.49,239.09,35717962
2023-11-27,0027.HK,238.63,240.11,235.04,237.72,25132890
2023-11-28,0027.HK,233.09,234.71,230.1,234.18,62199277
2023-11-29,0027.HK,238.84,243.24,237.42,237.47,9687816
2023-11-30,0027.HK,236.29,240.02,234.94,236.33,27369493
2023-12-01,0027.HK,233.54,237.79,235.46,235.57,90044678
2023-12-04,0027.HK,230.44,237.0,224.23,230.93,32106203
2023-12-05,0027.HK,239.23,239.73,232.42,238.15,86318947
2023-12-06,0027.HK,247.44,254.19,240.46,246.87,36256712
2023-12-07,0027.HK,243.11,250.47,238.57,244.03,35992638
2023-12-08,0027.HK,246.79,254.35,242.88,248.56,7763706
2023-12-11,0027.HK,247.95,251.19,242.15,248.27,14226158
2023-12-12,0027.HK,256.31,254.81,247.42,254.29,25259680
2023-12-13,0027.HK,257.94,256.28,254.22,255.63,89313163
2023-12-14,0027.HK,255.43,258.32,253.58,256.06,70560825
2023-12-15,0027.HK,247.89,252.65,241.1,246.51,69009198
2023-12-18,0027.HK,241.54,247.04,240.49,243.31,17011461
2023-12-19,0027.HK,241.37,244.86,239.2,243.44,88896256
2023-12-20,0027.HK,244.37,249.69,238.16,244.21,11491841
2023-12-21,0027.HK,238.56,242.07,236.56,239.81,88243088
2023-12-22,0027.HK,236.88,240.93,230.15,237.23,4297894
2023-12-25,0027.HK,237.26,244.27,235.56,239.25,20103158
2023-12-26,0027.HK,234.77,238.16,227.93,234.34,64400864
2023-12-27,0027.HK,236.11,236.87,232.65,234.85,20772232
2023-12-28,0027.HK,240.49,245.81,235.25,239.26,25217585
2023-12-29,0027.HK,240.21,242.5,233.48,240.69,65395204
2024-01-01,0027.HK,239.74,243.48,239.94,241.95,66906776
2024-01-02,0027.HK,232.67,239.31,234.18,234.67,8375744
2024-01-03,0027.HK,231.43,236.89,229.51,231.82,23424543
2024-01-04,0027.HK,237.4,244.63,238.7,239.01,76990763
2024-01-05,0027.HK,239.11,241.21,236.41,236.91,69353133
2024-01-08,0027.HK,243.43,242.62,240.12,241.45,20477834
2024-01-09,0027.HK,237.03,243.0,234.39,239.29,5309604
2024-01-10,0027.HK,240.63,243.1,237.64,238.34,99909176
2024-01-11,0027.HK,239.71,242.07,234.35,240.23,52003523
2024-01-12,0027.HK,241.15,244.05,236.22,240.64,17658983
2024-01-15,0027.HK,241.78,242.68,241.09,242.07,5643362
2024-01-16,0027.HK,238.57,239.86,237.53,239.14,31960960
2024-01-17,0027.HK,233.3,238.86,234.52,235.11,90955842
2024-01-18,0027.HK,230.88,237.05,225.29,232.04,14053327
2024-01-19,0027.HK,230.23,231.81,228.84,230.23,93176145
2024-01-22,0027.HK,227.21,231.09,225.63,229.48,56744849
2024-01-23,0027.HK,235.04,239.34,230.56,233.1,26481413
2024-01-24,0027.HK,234.78,234.87,233.21,233.45,1578151
2024-01-25,0027.HK,235.53,235.82,231.02,235.2,63858420
2024-01-26,0027.HK,236.64,241.3,232.87,235.74,25880615
2024-01-29,0027.HK,233.65,237.49,226.0,231.85,82824607
2024-01-30,0027.HK,234.15,236.39,226.96,231.95,61052789
2024-01-31,0027.HK,231.72,237.17,229.28,232.45,93019570
2024-02-01,0027.HK,235.71,236.66,233.21,235.15,30786953
2024-02-02,0027.HK,230.37,234.15,224.57,231.43,96944925
2024-02-05,0027.HK,224.54,229.6,219.4,224.39,74915195
2024-02-06,0027.HK,225.33,227.89,224.83,225.03,49890527
2024-02-07,0027.HK,226.98,226.37,221.53,226.27,88980465
2024-02-08,0027.HK,226.87,229.34,225.03,225.71,49135830
2024-02-09,0027.HK,226.15,228.43,223.27,225.85,32581151
2024-02-12,0027.HK,228.34,235.5,222.77,228.87,11420279
2024-02-13,0027.HK,225.26,229.52,223.23,227.34,10357048
2024-02-14,0027.HK,226.66,230.4,224.74,226.43,97620843
2024-02-15,0027.HK,227.29,227.51,220.55,226.75,77977139
2024-02-16,0027.HK,223.31,223.73,217.66,222.64,75273798
2024-02-19,0027.HK,222.48,226.08,216.92,222.18,63276740
2024-02-20,0027.HK,223.21,227.91,220.26,222.01,58061189
2024-02-21,0027.HK,228.3,230.82,222.23,227.51,88338490
2024-02-22,0027.HK,226.69,230.58,226.47,226.54,98516552
2024-02-23,0027.HK,227.65,227.49,223.15,227.26,93792034
2024-02-26,0027.HK,229.46,237.35,224.11,230.44,57243303
2024-02-27,0027.HK,227.66,229.33,227.24,227.59,62297949
2024-02-28,0027.HK,231.08,235.01,230.39,232.33,30471974
2024-02-29,0027.HK,240.34,239.71,233.26,238.53,15344962
2024-03-01,0027.HK,236.58,240.62,238.46,238.47,10338611
2024-03-04,0027.HK,235.23,238.52,233.89,236.59,74789223
2024-03-05,0027.HK,243.63,242.47,239.88,242.41,63442951
2024-03-06,0027.HK,245.44,248.14,243.86,245.35,35044198
2024-03-07,0027.HK,244.38,247.99,241.57,245.7,22191681
2024-03-08,0027.HK,251.55,257.67,247.96,251.01,45220162
2024-03-11,0027.HK,257.55,261.78,251.17,256.03,60811193
2024-03-12,0027.HK,255.97,256.67,249.95,254.79,11471830
2024-03-13,0027.HK,258.29,256.45,249.42,255.8,48503363
2024-03-14,0027.HK,259.95,260.82,256.27,258.06,67927373
2024-03-15,0027.HK,258.94,264.77,250.59,258.22,92986150
2024-03-18,0027.HK,254.55,260.0,251.32,252.89,87980549
2024-03-19,0027.HK,247.9,251.77,244.26,249.38,11807507
2024-03-20,0027.HK,245.47,245.35,237.4,244.35,77769240
2024-03-21,0027.HK,248.2,251.85,244.91,246.2,59966546
2024-03-22,0027.HK,243.75,245.48,241.79,241.88,11238089
2024-03-25,0027.HK,244.13,247.29,239.57,242.63,72855242
2024-03-26,0027.HK,251.04,255.8,243.17,249.34,20506557
2024-03-27,0027.HK,252.27,255.74,249.11,254.73,72382546
2024-03-28,0027.HK,247.64,253.39,243.94,247.76,56004147
2024-03-29,0027.HK,241.17,248.72,241.29,243.06,31448597
2023-04-14,1928.HK,167.78,170.32,167.35,169.24,3799416
2023-04-17,1928.HK,168.18,172.69,166.83,167.87,35214110
2023-04-18,1928.HK,168.27,171.86,166.41,169.5,97201563
2023-04-19,1928.HK,174.88,175.32,168.76,173.18,91150345
2023-04-20,1928.HK,172.52,174.14,168.25,171.51,45368416
2023-04-21,1928.HK,171.57,171.15,169.22,170.2,2800872
2023-04-24,1928.HK,166.45,167.54,161.24,165.06,1282793
2023-04-25,1928.HK,167.28,168.31,165.23,167.08,28835758
2023-04-26,1928.HK,171.03,175.07,170.2,172.45,45806412
2023-04-27,1928.HK,169.12,172.26,166.86,169.26,14124186
2023-04-28,1928.HK,171.41,173.19,170.87,172.45,53331242
2023-05-01,1928.HK,175.7,180.16,172.39,175.94,57242559
2023-05-02,1928.HK,176.53,182.02,176.42,178.05,80435583
2023-05-03,1928.HK,177.82,180.48,175.64,176.47,35219805
2023-05-04,1928.HK,175.31,180.84,175.41,175.86,55301236
2023-05-05,1928.HK,176.88,181.96,173.75,177.35,16209873
2023-05-08,1928.HK,179.28,179.01,175.45,178.78,80958717
2023-05-09,1928.HK,177.41,183.12,177.9,178.14,81765813
2023-05-10,1928.HK,181.16,182.26,177.09,179.41,83780514
2023-05-11,1928.HK,178.45,180.65,176.41,178.47,66108291
2023-05-12,1928.HK,179.1,181.78,176.85,178.21,67781407
2023-05-15,1928.HK,177.63,178.42,176.56,177.7,4047135
2023-05-16,1928.HK,182.43,185.14,178.87,180.65,96694070
2023-05-17,1928.HK,177.22,177.12,174.48,176.82,28443214
2023-05-18,1928.HK,178.11,181.04,177.37,178.58,50789992
2023-05-19,1928.HK,179.48,181.2,177.1,179.57,25590694
2023-05-22,1928.HK,172.67,177.44,170.08,173.5,6088567
2023-05-23,1928.HK,175.25,179.17,174.82,175.8,96231731
2023-05-24,1928.HK,179.34,180.76,174.71,178.46,13833369
2023-05-25,1928.HK,177.87,180.13,175.7,177.41,24476182
2023-05-26,1928.HK,178.11,180.3,177.65,178.74,17951751
2023-05-29,1928.HK,179.88,179.77,177.07,179.49,7327483
2023-05-30,1928.HK,184.33,186.16,181.9,185.54,35029410
2023-05-31,1928.HK,188.19,188.24,181.85,186.97,60747667
2023-06-01,1928.HK,188.01,188.96,185.07,187.31,77829600
2023-06-02,1928.HK,189.84,193.42,185.54,190.42,3341033
2023-06-05,1928.HK,196.93,196.8,190.83,195.05,97351268
2023-06-06,1928.HK,202.07,204.68,199.34,201.15,71282730
2023-06-07,1928.HK,200.44,199.79,195.88,199.39,30217901
2023-06-08,1928.HK,198.99,203.2,198.4,200.71,18671270
2023-06-09,1928.HK,198.11,202.7,196.37,198.88,87009760
2023-06-12,1928.HK,207.05,211.81,203.36,205.85,70148269
2023-06-13,1928.HK,207.52,211.23,204.3,206.03,50525364
2023-06-14,1928.HK,208.09,214.53,207.63,209.03,83952788
2023-06-15,1928.HK,207.06,210.53,204.96,208.56,83996845
2023-06-16,1928.HK,211.81,211.96,208.18,210.16,8703606
2023-06-19,1928.HK,204.14,207.49,203.07,204.51,89305251
2023-06-20,1928.HK,207.06,211.03,205.54,207.74,33540035
2023-06-21,1928.HK,213.9,217.41,207.37,211.84,51286676
2023-06-22,1928.HK,208.87,213.24,208.01,210.0,9466588
2023-06-23,1928.HK,205.85,207.98,204.28,204.34,3533559
2023-06-26,1928.HK,210.31,213.89,203.49,208.93,34195257
2023-06-27,1928.HK,214.86,216.54,209.39,213.22,90644146
2023-06-28,1928.HK,214.04,218.85,213.54,215.79,61245602
2023-06-29,1928.HK,214.22,218.87,213.35,215.24,58903655
2023-06-30,1928.HK,215.17,216.02,213.3,214.37,45519264
2023-07-03,1928.HK,220.84,218.86,214.64,218.71,18867030
2023-07-04,1928.HK,217.94,219.29,215.98,217.7,88304720
2023-07-05,1928.HK,216.99,219.31,217.44,218.26,36765919
2023-07-06,1928.HK,218.0,219.73,214.52,218.28,23898707
2023-07-07,1928.HK,220.13,222.68,218.01,219.4,31960083
2023-07-10,1928.HK,219.12,220.8,218.66,219.09,52671631
2023-07-11,1928.HK,217.74,220.96,213.14,219.17,3753783
2023-07-12,1928.HK,225.22,227.38,224.86,225.1,17961808
2023-07-13,1928.HK,228.25,229.07,221.63,226.92,96994045
2023-07-14,1928.HK,229.65,232.58,226.19,228.26,99146766
2023-07-17,1928.HK,231.55,231.83,224.64,231.12,66994070
2023-07-18,1928.HK,228.01,232.39,221.21,227.29,94545325
2023-07-19,1928.HK,231.04,235.3,224.12,230.81,96136447
2023-07-20,1928.HK,232.19,235.82,231.51,231.9,93005667
2023-07-21,1928.HK,228.52,236.22,227.99,229.8,2871172
2023-07-24,1928.HK,228.32,232.36,226.64,229.52,70431643
2023-07-25,1928.HK,230.06,237.2,230.33,231.4,63864883
2023-07-26,1928.HK,233.69,237.39,226.33,231.74,80069009
2023-07-27,1928.HK,237.7,236.54,235.41,235.56,3474286
2023-07-28,1928.HK,233.06,238.36,231.49,232.96,73732584
2023-07-31,1928.HK,229.21,233.54,227.01,229.07,49959383
2023-08-01,1928.HK,226.93,232.25,221.83,226.5,52797426
2023-08-02,1928.HK,222.94,229.8,219.72,225.15,48619124
2023-08-03,1928.HK,224.34,225.81,222.15,225.65,43058527
2023-08-04,1928.HK,224.24,225.98,224.22,224.57,1347208
2023-08-07,1928.HK,222.35,225.5,215.14,220.62,47747006
2023-08-08,1928.HK,218.3,220.36,210.53,216.19,46306581
2023-08-09,1928.HK,211.95,217.19,211.55,212.08,9141912
2023-08-10,1928.HK,210.42,213.1,211.18,211.21,56363484
2023-08-11,1928.HK,210.27,211.35,206.95,208.68,29371978
2023-08-14,1928.HK,209.23,210.35,206.3,207.52,26325871
2023-08-15,1928.HK,212.51,214.27,205.54,211.7,41887817
2023-08-16,1928.HK,208.23,208.97,202.93,208.02,47021417
2023-08-17,1928.HK,208.34,211.76,205.62,209.0,14867528
2023-08-18,1928.HK,204.02,210.55,200.17,205.33,66925518
2023-08-21,1928.HK,200.93,207.1,195.62,201.26,83208497
2023-08-22,1928.HK,202.38,202.45,197.95,202.42,41361988
2023-08-23,1928.HK,203.75,206.73,204.0,204.51,36732469
2023-08-24,1928.HK,206.63,211.69,205.69,206.97,9324875
2023-08-25,1928.HK,211.32,213.51,204.99,210.46,27206345
2023-08-28,1928.HK,208.03,212.21,205.25,209.94,38828236
2023-08-29,1928.HK,211.19,215.48,208.35,210.85,68159352
2023-08-30,1928.HK,211.21,215.17,208.8,209.67,16163722
2023-08-31,1928.HK,212.72,217.0,209.67,213.78,14035227
2023-09-01,1928.HK,210.01,217.07,206.77,210.9,42472492
2023-09-04,1928.HK,210.43,217.12,208.79,212.53,11210866
2023-09-05,1928.HK,211.14,214.05,207.46,209.18,95829361
2023-09-06,1928.HK,209.17,214.08,204.57,209.56,70014934
2023-09-07,1928.HK,202.57,205.33,201.03,204.55,2197176
2023-09-08,1928.HK,205.13,208.51,202.96,205.29,10938281
2023-09-11,1928.HK,210.06,215.3,209.24,211.41,3564122
2023-09-12,1928.HK,209.85,214.62,203.83,209.68,41904113
2023-09-13,1928.HK,208.24,214.69,203.86,208.96,32517680
2023-09-14,1928.HK,213.41,213.82,208.74,211.72,4270498
2023-09-15,1928.HK,213.96,217.15,209.58,211.9,7014772
2023-09-18,1928.HK,214.0,219.36,211.2,215.83,62656155
2023-09-19,1928.HK,217.57,222.61,212.47,217.15,58208488
2023-09-20,1928.HK,221.26,223.28,218.92,220.04,13996343
2023-09-21,1928.HK,214.56,219.6,209.28,213.56,37267307
2023-09-22,1928.HK,212.11,218.01,211.02,213.9,4994230
2023-09-25,1928.HK,211.45,215.62,209.8,210.38,55027674
2023-09-26,1928.HK,208.98,214.68,205.41,209.18,65888869
2023-09-27,1928.HK,211.06,212.93,204.81,210.58,3120138
2023-09-28,1928.HK,209.59,212.92,208.78,209.89,42026753
2023-09-29,1928.HK,206.56,210.34,202.73,207.47,10044700
2023-10-02,1928.HK,209.78,213.44,205.15,211.41,22800125
2023-10-03,1928.HK,215.88,216.16,208.92,214.65,94958975
2023-10-04,1928.HK,210.79,210.65,204.36,210.27,61600090
2023-10-05,1928.HK,212.89,213.16,207.77,212.72,92975248
2023-10-06,1928.HK,213.61,216.12,208.51,213.31,14236106
2023-10-09,1928.HK,213.69,220.03,207.99,214.1,99106902
2023-10-10,1928.HK,217.86,221.83,212.86,219.14,58893438
2023-10-11,1928.HK,219.62,224.09,216.68,219.7,40419600
2023-10-12,1928.HK,223.15,222.26,219.04,222.09,12273744
2023-10-13,1928.HK,222.57,228.14,217.12,222.85,93645224
2023-10-16,1928.HK,225.37,226.41,216.96,223.63,79184737
2023-10-17,1928.HK,222.25,221.73,220.02,220.57,91495630
2023-10-18,1928.HK,228.6,234.21,224.92,228.73,56840580
2023-10-19,1928.HK,217.44,219.27,216.57,218.23,1137891
2023-10-20,1928.HK,216.24,221.5,210.85,215.89,33957046
2023-10-23,1928.HK,214.73,215.94,213.37,214.36,37293713
2023-10-24,1928.HK,217.67,218.79,211.07,217.32,18196326
2023-10-25,1928.HK,210.83,215.75,210.12,212.76,5422845
2023-10-26,1928.HK,210.51,215.34,210.97,212.25,63172908
2023-10-27,1928.HK,213.09,220.51,214.26,214.79,33170725
2023-10-30,1928.HK,211.4,214.03,210.55,210.91,51366104
2023-10-31,1928.HK,212.46,211.78,206.39,210.52,78353178
2023-11-01,1928.HK,211.22,214.65,209.15,210.03,70552071
2023-11-02,1928.HK,208.76,211.06,204.86,208.19,41209987
2023-11-03,1928.HK,208.85,210.89,203.02,208.35,11546432
2023-11-06,1928.HK,208.82,207.21,201.5,207.06,45085182
2023-11-07,1928.HK,209.11,212.66,204.54,210.11,13959786
2023-11-08,1928.HK,213.09,216.64,206.12,211.82,67111251
2023-11-09,1928.HK,211.73,215.79,207.94,211.27,27728695
2023-11-10,1928.HK,212.22,213.88,206.57,211.52,41454272
2023-11-13,1928.HK,211.44,213.33,205.91,210.33,83354992
2023-11-14,1928.HK,216.23,217.38,210.57,214.59,61657195
2023-11-15,1928.HK,214.18,220.57,214.68,216.09,40346750
2023-11-16,1928.HK,214.28,215.87,213.33,215.68,27630347
2023-11-17,1928.HK,216.98,219.66,211.77,217.14,51328498
2023-11-20,1928.HK,223.16,227.52,218.32,223.34,22249268
2023-11-21,1928.HK,222.47,225.74,219.57,221.08,13205691
2023-11-22,1928.HK,222.83,227.93,223.1,224.06,89319349
2023-11-23,1928.HK,227.0,225.79,224.29,225.5,90010026
2023-11-24,1928.HK,222.82,227.62,221.69,224.81,24042286
2023-11-27,1928.HK,222.47,228.31,221.51,222.4,94043890
2023-11-28,1928.HK,225.24,228.08,223.05,225.31,42259297
2023-11-29,1928.HK,224.26,231.22,221.45,226.34,5859445
2023-11-30,1928.HK,229.07,237.75,226.09,231.28,45342020
2023-12-01,1928.HK,237.5,238.68,228.87,235.38,55641668
2023-12-04,1928.HK,234.54,237.16,235.44,236.49,29652732
2023-12-05,1928.HK,234.81,237.55,228.52,233.98,52264209
2023-12-06,1928.HK,239.15,243.74,237.78,241.23,23611039
2023-12-07,1928.HK,239.81,239.41,235.34,239.04,71784582
2023-12-08,1928.HK,241.73,248.42,239.39,242.07,95890798
2023-12-11,1928.HK,234.66,242.32,232.9,235.68,74772711
2023-12-12,1928.HK,243.22,245.27,240.28,241.28,54627997
2023-12-13,1928.HK,234.43,237.09,227.97,233.97,55796820
2023-12-14,1928.HK,235.14,238.41,231.15,232.91,64687571
2023-12-15,1928.HK,228.55,230.42,223.92,229.25,1625886
2023-12-18,1928.HK,234.91,239.8,228.96,234.09,10093189
2023-12-19,1928.HK,230.77,233.56,227.72,231.53,27146103
2023-12-20,1928.HK,232.67,239.77,228.76,233.42,78766286
2023-12-21,1928.HK,234.99,236.77,233.12,234.4,59912530
2023-12-22,1928.HK,227.11,229.84,227.66,229.37,45206251
2023-12-25,1928.HK,232.51,233.97,227.06,232.95,79977492
2023-12-26,1928.HK,234.47,236.86,228.02,232.94,93337380
2023-12-27,1928.HK,238.85,243.95,231.13,238.26,45581640
2023-12-28,1928.HK,242.28,242.94,238.52,240.5,66109807
2023-12-29,1928.HK,236.15,243.33,231.47,237.8,73063495
2024-01-01,1928.HK,239.46,243.95,235.71,237.13,53917224
2024-01-02,1928.HK,237.19,241.53,229.33,236.36,11134255
2024-01-03,1928.HK,239.63,239.22,238.52,239.17,49476608
2024-01-04,1928.HK,240.72,244.75,240.81,241.89,92792094
2024-01-05,1928.HK,237.66,245.09,236.47,239.5,58964773
2024-01-08,1928.HK,244.3,244.57,239.53,242.95,32615908
2024-01-09,1928.HK,242.49,245.25,238.14,244.48,61875085
2024-01-10,1928.HK,245.03,251.2,243.93,246.98,90485754
2024-01-11,1928.HK,249.58,256.31,241.71,248.95,70710467
2024-01-12,1928.HK,249.71,257.61,247.45,252.09,61519468
2024-01-15,1928.HK,247.67,249.8,246.56,248.62,90557417
2024-01-16,1928.HK,247.8,256.26,242.94,249.38,73830526
2024-01-17,1928.HK,255.52,254.31,248.9,253.19,34408290
2024-01-18,1928.HK,256.91,263.3,254.87,257.48,96900009
2024-01-19,1928.HK,260.19,266.1,257.51,261.84,91966754
2024-01-22,1928.HK,255.88,266.08,254.38,258.41,62928425
2024-01-23,1928.HK,265.77,273.33,263.01,266.52,66618282
2024-01-24,1928.HK,274.44,276.61,266.04,273.63,80962916
2024-01-25,1928.HK,268.99,277.01,266.96,270.13,36016691
2024-01-26,1928.HK,269.48,274.18,266.6,268.97,82411475
2024-01-29,1928.HK,269.94,279.49,266.99,271.79,86184579
2024-01-30,1928.HK,267.4,269.14,265.46,268.9,33141961
2024-01-31,1928.HK,273.93,272.15,263.55,271.3,5456764
2024-02-01,1928.HK,270.68,276.95,268.18,272.22,35657504
2024-02-02,1928.HK,275.25,279.48,270.74,277.54,74821016
2024-02-05,1928.HK,280.94,285.89,279.12,279.38,88539556
2024-02-06,1928.HK,270.91,274.3,270.24,270.93,61511299
2024-02-07,1928.HK,273.36,279.13,274.42,274.49,85097535
2024-02-08,1928.HK,278.38,287.6,279.45,279.6,23885528
2024-02-09,1928.HK,281.61,286.8,271.35,279.4,67299230
2024-02-12,1928.HK,278.98,285.74,279.34,280.07,50379145
2024-02-13,1928.HK,280.28,288.52,280.54,280.76,7161396
2024-02-14,1928.HK,280.71,279.04,272.82,278.35,76494838
2024-02-15,1928.HK,290.32,295.01,280.4,288.72,14163638
2024-02-16,1928.HK,287.88,286.09,277.5,285.39,83728947
2024-02-19,1928.HK,290.24,292.47,282.17,289.42,88532871
2024-02-20,1928.HK,296.35,293.92,289.56,293.48,26869054
2024-02-21,1928.HK,293.47,294.55,289.03,291.53,54412818
2024-02-22,1928.HK,287.73,294.89,282.92,287.49,84714353
2024-02-23,1928.HK,286.31,288.59,282.4,287.09,50337222
2024-02-26,1928.HK,290.02,297.19,286.36,290.15,88955963
2024-02-27,1928.HK,291.63,293.51,283.93,291.54,86967919
2024-02-28,1928.HK,296.88,300.6,291.13,299.54,42949685
2024-02-29,1928.HK,297.16,297.14,292.65,296.96,39982187
2024-03-01,1928.HK,296.12,301.84,291.73,294.51,47876057
2024-03-04,1928.HK,296.77,306.05,292.57,298.47,36272896
2024-03-05,1928.HK,293.48,299.57,290.17,291.06,99825237
2024-03-06,1928.HK,290.79,294.76,282.54,288.66,95342747
2024-03-07,1928.HK,290.32,290.23,283.73,288.15,7935510
2024-03-08,1928.HK,290.76,293.1,281.62,288.14,29947532
2024-03-11,1928.HK,288.76,291.29,281.04,286.01,50484700
2024-03-12,1928.HK,276.0,278.86,274.84,278.24,51688399
2024-03-13,1928.HK,283.4,289.03,276.29,284.2,94455125
2024-03-14,1928.HK,288.86,290.69,282.83,290.06,10451917
2024-03-15,1928.HK,281.06,286.41,280.65,282.88,27962486
2024-03-18,1928.HK,285.43,293.76,279.76,285.79,79677255
2024-03-19,1928.HK,283.32,286.8,280.62,285.27,24176122
2024-03-20,1928.HK,290.04,288.16,284.25,287.72,60818710
2024-03-21,1928.HK,286.48,295.34,284.39,288.99,72584263
2024-03-22,1928.HK,284.58,285.47,278.36,282.73,26815317
2024-03-25,1928.HK,284.48,286.19,285.88,286.19,44651918
2024-03-26,1928.HK,281.11,283.95,277.82,283.88,2379830
2024-03-27,1928.HK,272.19,273.39,265.01,272.88,67268758
2024-03-28,1928.HK,275.98,277.11,272.41,273.75,3897280
2024-03-29,1928.HK,268.87,267.89,266.09,267.38,88354268
2023-04-14,0291.HK,400.5,410.56,395.04,400.9,12855792
2023-04-17,0291.HK,401.96,410.07,399.07,402.46,64889833
2023-04-18,0291.HK,407.15,414.03,407.0,410.28,88138829
2023-04-19,0291.HK,411.55,415.83,410.87,415.31,55256569
2023-04-20,0291.HK,404.37,413.87,406.86,407.17,63459121
2023-04-21,0291.HK,406.14,416.65,396.95,406.55,42018316
2023-04-24,0291.HK,406.78,412.7,405.59,406.55,29974142
2023-04-25,0291.HK,416.03,431.29,409.89,419.75,38523769
2023-04-26,0291.HK,418.02,429.99,411.94,417.76,45326587
2023-04-27,0291.HK,412.38,423.68,409.44,411.69,17727845
2023-04-28,0291.HK,416.99,424.93,410.63,414.48,66066112
2023-05-01,0291.HK,417.16,425.69,414.36,417.65,13159204
2023-05-02,0291.HK,415.25,419.7,415.28,417.27,68320256
2023-05-03,0291.HK,415.57,426.28,412.44,415.98,91445715
2023-05-04,0291.HK,418.41,428.43,418.27,421.98,21541825
2023-05-05,0291.HK,415.22,421.9,414.09,416.66,49864043
2023-05-08,0291.HK,414.55,419.97,405.02,414.61,92384082
2023-05-09,0291.HK,409.95,418.45,400.94,411.45,43990095
2023-05-10,0291.HK,421.66,430.77,410.27,418.28,16245064
2023-05-11,0291.HK,418.6,424.28,415.68,420.16,50119515
2023-05-12,0291.HK,415.75,422.23,404.24,413.53,78641313
2023-05-15,0291.HK,410.46,414.95,406.74,407.63,78511864
2023-05-16,0291.HK,419.97,430.56,414.14,419.17,52597921
2023-05-17,0291.HK,424.84,437.34,414.85,426.06,47876768
2023-05-18,0291.HK,431.85,438.71,427.02,431.52,51073766
2023-05-19,0291.HK,429.59,442.79,427.25,431.69,85960593
2023-05-22,0291.HK,439.57,449.98,437.76,441.54,38957110
2023-05-23,0291.HK,437.04,434.36,429.05,434.32,61743278
2023-05-24,0291.HK,439.61,447.62,428.34,439.32,68793366
2023-05-25,0291.HK,435.05,442.4,427.75,436.48,47919684
2023-05-26,0291.HK,436.0,445.88,428.2,434.94,32999158
2023-05-29,0291.HK,439.66,448.85,431.14,439.76,42013925
2023-05-30,0291.HK,439.46,442.77,428.49,438.9,14898836
2023-05-31,0291.HK,434.84,436.76,430.68,436.13,18415027
2023-06-01,0291.HK,431.92,436.47,428.18,432.98,85184220
2023-06-02,0291.HK,421.28,427.0,415.99,420.16,3969073
2023-06-05,0291.HK,421.85,426.27,413.56,425.06,26787887
2023-06-06,0291.HK,418.99,420.17,417.91,418.72,85571423
2023-06-07,0291.HK,434.54,431.03,428.56,430.48,80569673
2023-06-08,0291.HK,432.16,435.5,425.98,428.71,6077401
2023-06-09,0291.HK,433.51,438.77,436.1,437.22,7055765
2023-06-12,0291.HK,422.04,437.31,414.05,425.44,87105873
2023-06-13,0291.HK,432.68,430.71,417.57,430.19,53904449
2023-06-14,0291.HK,441.0,448.17,427.62,436.66,39244614
2023-06-15,0291.HK,444.28,455.09,436.48,445.28,15631909
2023-06-16,0291.HK,437.32,441.15,423.11,435.17,79215174
2023-06-19,0291.HK,431.4,436.99,426.45,430.67,51031400
2023-06-20,0291.HK,435.77,445.78,429.44,434.48,66300449
2023-06-21,0291.HK,436.52,442.47,424.71,435.53,34232086
2023-06-22,0291.HK,439.22,443.12,429.74,437.53,76167659
2023-06-23,0291.HK,430.95,444.12,428.59,435.26,38299495
2023-06-26,0291.HK,444.05,447.78,436.57,445.47,39750428
2023-06-27,0291.HK,462.41,472.33,455.4,462.99,79832146
2023-06-28,0291.HK,465.1,466.44,453.75,463.8,8845669
2023-06-29,0291.HK,471.21,479.47,454.23,467.05,57833525
2023-06-30,0291.HK,471.84,478.02,460.41,467.54,24869195
2023-07-03,0291.HK,474.53,487.16,473.5,476.64,53340639
2023-07-04,0291.HK,479.0,496.18,480.41,482.66,14913339
2023-07-05,0291.HK,470.82,482.67,464.83,475.04,29041721
2023-07-06,0291.HK,466.88,484.23,468.37,470.76,12269624
2023-07-07,0291.HK,467.22,473.23,454.35,463.73,87253804
2023-07-10,0291.HK,483.52,494.86,474.89,482.57,50564452
2023-07-11,0291.HK,485.23,492.93,480.95,487.26,94758863
2023-07-12,0291.HK,483.98,485.14,468.62,483.01,85247797
2023-07-13,0291.HK,476.91,482.73,475.35,478.21,94591065
2023-07-14,0291.HK,486.48,486.61,475.24,484.08,76180456
2023-07-17,0291.HK,494.74,505.45,483.56,490.75,82429957
2023-07-18,0291.HK,492.22,500.98,487.36,496.72,97576860
2023-07-19,0291.HK,488.75,498.21,492.62,493.65,31361145
2023-07-20,0291.HK,493.29,506.88,492.23,496.01,47745610
2023-07-21,0291.HK,501.38,499.96,495.65,496.94,75795299
2023-07-24,0291.HK,488.77,501.92,477.32,490.06,13967266
2023-07-25,0291.HK,487.5,484.72,468.91,483.35,39514018
2023-07-26,0291.HK,482.58,499.02,485.3,486.43,48760210
2023-07-27,0291.HK,487.23,495.85,476.63,487.96,30498620
2023-07-28,0291.HK,488.18,498.7,486.38,492.11,93092149
2023-07-31,0291.HK,500.43,508.85,487.71,498.05,88941036
2023-08-01,0291.HK,513.9,523.59,494.66,509.35,60830712
2023-08-02,0291.HK,504.96,507.98,503.41,503.52,29827558
2023-08-03,0291.HK,505.5,515.77,498.06,508.38,92478916
2023-08-04,0291.HK,513.58,520.52,508.43,514.2,9030352
2023-08-07,0291.HK,514.52,523.69,503.82,511.89,95614096
2023-08-08,0291.HK,513.74,523.63,511.77,512.93,66968188
2023-08-09,0291.HK,510.13,511.21,506.66,510.83,96521735
2023-08-10,0291.HK,526.77,532.46,519.49,527.09,73115283
2023-08-11,0291.HK,522.75,542.08,526.22,528.02,54588495
2023-08-14,0291.HK,527.69,542.42,517.95,531.7,51247167
2023-08-15,0291.HK,525.4,539.07,518.87,529.7,83268150
2023-08-16,0291.HK,529.15,541.76,514.28,526.0,7118308
2023-08-17,0291.HK,515.24,517.12,503.12,515.83,60132713
2023-08-18,0291.HK,525.41,525.13,515.68,524.45,53491650
2023-08-21,0291.HK,528.13,544.48,517.24,530.6,26136278
2023-08-22,0291.HK,524.68,530.15,526.39,528.3,28508057
2023-08-23,0291.HK,523.6,527.97,515.58,521.28,92889443
2023-08-24,0291.HK,526.39,523.87,520.36,522.79,45730528
2023-08-25,0291.HK,517.43,529.46,518.21,518.99,10319414
2023-08-28,0291.HK,520.14,520.52,507.74,517.36,87508478
2023-08-29,0291.HK,508.13,508.69,500.17,507.66,79174548
2023-08-30,0291.HK,509.71,511.97,500.93,509.42,92510191
2023-08-31,0291.HK,512.95,522.52,508.04,511.33,9978648
2023-09-01,0291.HK,520.67,525.69,506.4,519.83,21068246
2023-09-04,0291.HK,521.67,521.27,508.06,518.76,29202460
2023-09-05,0291.HK,511.6,523.42,512.64,516.26,3193110
2023-09-06,0291.HK,500.4,515.21,498.16,504.31,71809513
2023-09-07,0291.HK,509.97,525.1,504.74,512.74,61419895
2023-09-08,0291.HK,515.47,522.91,516.18,519.71,23166935
2023-09-11,0291.HK,515.8,529.36,512.99,520.04,61181498
2023-09-12,0291.HK,510.98,517.42,502.03,509.77,92492390
2023-09-13,0291.HK,500.93,509.86,489.58,500.59,87238226
2023-09-14,0291.HK,491.86,504.88,487.4,496.58,60786515
2023-09-15,0291.HK,502.46,514.72,489.06,503.87,41183054
2023-09-18,0291.HK,509.52,509.96,491.78,506.16,50155883
2023-09-19,0291.HK,499.64,495.88,481.12,494.93,59916539
2023-09-20,0291.HK,495.54,504.16,495.5,498.03,20686019
2023-09-21,0291.HK,494.02,499.3,490.46,491.86,97323238
2023-09-22,0291.HK,487.96,496.66,484.38,488.1,32548740
2023-09-25,0291.HK,492.61,509.65,486.89,495.32,1157491
2023-09-26,0291.HK,504.49,510.12,488.6,501.1,3983829
2023-09-27,0291.HK,507.29,523.6,508.4,509.42,31789345
2023-09-28,0291.HK,512.77,516.1,504.06,509.34,34109943
2023-09-29,0291.HK,516.36,520.74,501.65,516.19,14798440
2023-10-02,0291.HK,509.62,526.75,511.23,511.76,82938670
2023-10-03,0291.HK,507.15,516.64,501.31,509.88,39310351
2023-10-04,0291.HK,502.87,515.63,493.37,507.49,80389949
2023-10-05,0291.HK,509.72,513.15,502.4,507.77,24070663
2023-10-06,0291.HK,495.74,502.77,495.04,498.08,21858443
2023-10-09,0291.HK,497.12,499.48,485.84,496.49,24312648
2023-10-10,0291.HK,508.88,515.42,503.16,507.4,22774400
2023-10-11,0291.HK,494.29,509.38,485.93,499.19,25384217
2023-10-12,0291.HK,487.43,500.3,483.84,489.34,19242278
2023-10-13,0291.HK,481.21,490.47,471.46,480.27,25349338
2023-10-16,0291.HK,501.33,508.7,485.72,499.54,67001284
2023-10-17,0291.HK,503.01,514.5,490.91,503.12,26563425
2023-10-18,0291.HK,501.62,508.43,491.96,501.19,74857298
2023-10-19,0291.HK,502.45,512.49,489.05,501.8,73169841
2023-10-20,0291.HK,503.23,504.12,492.05,503.61,3549882
2023-10-23,0291.HK,498.45,503.75,498.69,498.88,86981907
2023-10-24,0291.HK,498.33,502.55,492.24,495.1,27420095
2023-10-25,0291.HK,494.63,499.86,481.75,494.03,8188729
2023-10-26,0291.HK,489.33,490.19,484.63,488.76,92225379
2023-10-27,0291.HK,482.66,492.81,482.14,485.95,29397126
2023-10-30,0291.HK,492.73,501.64,475.48,488.62,3712577
2023-10-31,0291.HK,486.0,495.22,473.07,481.41,6005769
2023-11-01,0291.HK,501.54,504.76,499.4,500.35,79671530
2023-11-02,0291.HK,507.62,510.42,501.57,506.1,29627658
2023-11-03,0291.HK,491.97,504.14,488.95,496.56,76537591
2023-11-06,0291.HK,481.7,483.29,470.31,478.21,47569641
2023-11-07,0291.HK,471.71,483.93,466.58,473.37,91481621
2023-11-08,0291.HK,479.76,481.37,466.34,478.32,37866049
2023-11-09,0291.HK,480.46,487.83,470.14,481.94,97844044
2023-11-10,0291.HK,477.82,490.66,466.99,481.23,41289142
2023-11-13,0291.HK,475.17,482.46,469.81,476.99,60437125
2023-11-14,0291.HK,471.4,479.52,468.42,470.62,88784998
2023-11-15,0291.HK,470.09,468.98,467.32,467.87,94792410
2023-11-16,0291.HK,462.81,468.01,450.5,460.86,75878762
2023-11-17,0291.HK,461.65,467.33,453.09,458.19,20107465
2023-11-20,0291.HK,466.1,477.57,453.64,467.43,64485163
2023-11-21,0291.HK,464.58,466.76,449.31,462.12,82092818
2023-11-22,0291.HK,463.1,471.63,462.35,466.44,81881612
2023-11-23,0291.HK,475.3,479.39,464.46,471.88,84983410
2023-11-24,0291.HK,464.92,472.39,456.45,464.33,37908583
2023-11-27,0291.HK,458.37,463.57,449.52,458.55,99372769
2023-11-28,0291.HK,464.47,469.58,456.96,465.99,59487352
2023-11-29,0291.HK,463.39,470.48,457.44,459.62,86041852
2023-11-30,0291.HK,463.17,462.55,451.85,459.31,39134568
2023-12-01,0291.HK,472.34,482.72,464.96,473.46,62016700
2023-12-04,0291.HK,479.38,485.0,471.19,480.51,80571948
2023-12-05,0291.HK,482.19,495.28,478.81,481.22,49092280
2023-12-06,0291.HK,484.88,497.24,483.39,487.39,46953421
2023-12-07,0291.HK,484.44,495.22,476.17,487.08,94059833
2023-12-08,0291.HK,495.89,498.94,482.97,494.61,71955605
2023-12-11,0291.HK,481.52,488.12,473.98,479.53,60783031
2023-12-12,0291.HK,477.28,492.08,471.15,478.62,3012462
2023-12-13,0291.HK,462.33,465.55,454.88,463.74,61217986
2023-12-14,0291.HK,460.52,477.09,459.52,464.96,30241815
2023-12-15,0291.HK,461.65,469.88,452.95,463.4,1429850
2023-12-18,0291.HK,468.47,478.03,460.53,472.95,3214003
2023-12-19,0291.HK,481.53,482.03,470.97,478.1,18761499
2023-12-20,0291.HK,470.12,485.02,461.97,474.42,3545973
2023-12-21,0291.HK,472.45,471.81,463.65,471.62,29594768
2023-12-22,0291.HK,472.7,474.47,473.9,474.41,52179347
2023-12-25,0291.HK,471.11,479.83,467.57,470.43,61183002
2023-12-26,0291.HK,472.76,476.63,461.43,470.3,82490256
2023-12-27,0291.HK,483.19,481.66,473.1,479.68,68680600
2023-12-28,0291.HK,469.86,487.02,466.99,473.81,64900284
2023-12-29,0291.HK,467.69,474.46,458.31,470.72,27135873
2024-01-01,0291.HK,468.58,480.37,462.09,468.65,25201896
2024-01-02,0291.HK,486.47,500.1,482.4,490.94,98451032
2024-01-03,0291.HK,498.29,507.54,480.84,495.52,78001737
2024-01-04,0291.HK,500.95,512.89,495.68,504.03,57588781
2024-01-05,0291.HK,506.2,516.93,495.21,509.94,5058935
2024-01-08,0291.HK,518.06,531.18,512.98,516.43,47446422
2024-01-09,0291.HK,515.58,520.91,507.06,520.2,97605239
2024-01-10,0291.HK,522.1,536.4,518.53,523.16,60937437
2024-01-11,0291.HK,516.46,515.42,503.51,511.88,86607573
2024-01-12,0291.HK,515.26,518.53,502.51,514.73,75535219
2024-01-15,0291.HK,508.99,528.09,498.86,514.0,63467915
2024-01-16,0291.HK,519.39,527.3,510.13,518.3,85390602
2024-01-17,0291.HK,519.51,530.0,504.12,517.86,5939965
2024-01-18,0291.HK,518.95,526.2,518.65,523.89,49908153
2024-01-19,0291.HK,534.06,534.44,521.29,531.38,88961257
2024-01-22,0291.HK,512.7,522.33,505.5,508.27,69135351
2024-01-23,0291.HK,509.25,515.89,504.37,505.07,3454044
2024-01-24,0291.HK,495.24,499.28,478.01,491.1,22276215
2024-01-25,0291.HK,496.43,500.44,492.7,492.95,12635579
2024-01-26,0291.HK,489.97,495.72,483.7,490.83,63710344
2024-01-29,0291.HK,502.53,500.93,487.22,500.91,4471319
2024-01-30,0291.HK,506.23,507.29,493.02,502.57,45586753
2024-01-31,0291.HK,502.49,499.22,485.81,499.01,68831149
2024-02-01,0291.HK,510.83,515.89,494.91,506.13,52466578
2024-02-02,0291.HK,508.6,511.8,494.35,503.82,38959129
2024-02-05,0291.HK,504.83,510.94,495.46,500.16,23973377
2024-02-06,0291.HK,503.81,508.59,491.74,503.21,89659676
2024-02-07,0291.HK,514.28,519.86,514.43,515.48,20537293
2024-02-08,0291.HK,524.75,532.41,520.94,522.19,83372666
2024-02-09,0291.HK,528.9,531.7,518.76,526.73,94505080
2024-02-12,0291.HK,543.34,561.65,536.26,548.57,19316677
2024-02-13,0291.HK,539.75,543.63,542.53,542.66,87117045
2024-02-14,0291.HK,536.85,548.13,529.48,536.62,81346315
2024-02-15,0291.HK,541.61,541.66,529.18,537.9,63849925
2024-02-16,0291.HK,555.5,561.5,548.54,550.23,84765093
2024-02-19,0291.HK,543.46,557.12,532.44,542.57,38549069
2024-02-20,0291.HK,560.09,559.21,545.36,556.96,61248672
2024-02-21,0291.HK,544.18,560.43,544.37,545.05,50755549
2024-02-22,0291.HK,544.59,555.99,535.3,544.16,19819748
2024-02-23,0291.HK,548.38,557.77,533.33,545.69,83458735
2024-02-26,0291.HK,539.8,542.39,532.95,538.57,24127343
2024-02-27,0291.HK,531.16,547.24,532.53,533.66,26431383
2024-02-28,0291.HK,544.77,544.02,525.84,540.15,6764163
2024-02-29,0291.HK,549.09,558.31,550.73,551.93,24973641
2024-03-01,0291.HK,533.1,546.31,523.35,534.54,68752447
2024-03-04,0291.HK,535.36,539.25,531.81,536.09,3676844
2024-03-05,0291.HK,533.06,541.01,526.59,535.29,68307053
2024-03-06,0291.HK,535.82,545.82,529.75,536.26,37953893
2024-03-07,0291.HK,538.45,549.12,527.12,533.81,8097397
2024-03-08,0291.HK,523.5,526.48,515.47,523.59,19659832
2024-03-11,0291.HK,537.99,537.1,535.05,535.81,20342213
2024-03-12,0291.HK,546.98,560.23,532.93,545.23,93495393
2024-03-13,0291.HK,543.28,560.18,544.02,544.49,19619910
2024-03-14,0291.HK,544.19,543.75,528.06,540.61,9328523
2024-03-15,0291.HK,532.1,545.94,526.92,535.78,79303479
2024-03-18,0291.HK,513.37,530.07,500.42,515.1,7230659
2024-03-19,0291.HK,520.03,531.73,514.76,517.94,49491891
2024-03-20,0291.HK,521.69,524.32,516.39,524.11,48087983
2024-03-21,0291.HK,523.66,534.4,521.02,525.29,70387935
2024-03-22,0291.HK,522.23,533.93,511.32,524.72,13038582
2024-03-25,0291.HK,528.88,536.82,522.21,525.87,16093765
2024-03-26,0291.HK,523.55,521.32,517.22,519.25,35885549
2024-03-27,0291.HK,511.39,519.9,502.8,515.46,49576302
2024-03-28,0291.HK,518.9,519.34,508.29,514.28,89280366
2024-03-29,0291.HK,521.11,525.4,519.61,519.76,19553946
2023-04-14,0322.HK,261.36,259.95,257.95,259.91,81229444
2023-04-17,0322.HK,265.62,268.46,258.23,263.5,43296238
2023-04-18,0322.HK,263.9,268.36,257.24,261.45,94363237
2023-04-19,0322.HK,260.11,265.43,255.98,258.44,85907750
2023-04-20,0322.HK,259.2,257.89,256.91,257.18,34027696
2023-04-21,0322.HK,255.95,262.34,253.68,256.25,89412931
2023-04-24,0322.HK,260.35,263.79,253.29,260.87,46809812
2023-04-25,0322.HK,255.23,256.38,249.99,254.09,22720379
2023-04-26,0322.HK,257.73,256.8,254.07,256.33,38515061
2023-04-27,0322.HK,259.6,268.71,257.98,262.0,60332577
2023-04-28,0322.HK,267.0,270.99,263.62,265.77,76465886
2023-05-01,0322.HK,275.58,278.1,268.84,275.09,90387420
2023-05-02,0322.HK,275.82,276.19,265.98,273.25,23031195
2023-05-03,0322.HK,277.91,278.4,275.14,276.97,92379993
2023-05-04,0322.HK,279.23,276.74,276.32,276.66,74279247
2023-05-05,0322.HK,272.28,277.99,272.1,274.57,95711863
2023-05-08,0322.HK,263.69,266.5,261.28,265.48,96841790
2023-05-09,0322.HK,266.17,265.48,258.3,263.68,90895166
2023-05-10,0322.HK,269.2,275.76,267.09,267.95,22294508
2023-05-11,0322.HK,262.46,261.48,259.68,261.1,60554119
2023-05-12,0322.HK,271.83,277.13,261.7,269.37,16891627
2023-05-15,0322.HK,271.0,278.23,269.57,271.08,96472632
2023-05-16,0322.HK,267.27,268.69,258.84,266.64,23069722
2023-05-17,0322.HK,268.55,275.04,262.16,267.61,87694728
2023-05-18,0322.HK,269.85,272.92,266.43,270.42,44785075
2023-05-19,0322.HK,270.71,272.26,262.67,268.49,84413992
2023-05-22,0322.HK,268.68,271.2,260.05,266.03,24642692
2023-05-23,0322.HK,271.54,274.6,273.26,273.96,10552223
2023-05-24,0322.HK,272.53,278.33,271.4,272.62,17955824
2023-05-25,0322.HK,271.75,274.14,266.01,272.09,31080091
2023-05-26,0322.HK,278.03,277.68,272.62,277.54,19496183
2023-05-29,0322.HK,279.88,282.14,276.2,277.29,20373308
2023-05-30,0322.HK,282.27,284.02,273.61,280.53,76363275
2023-05-31,0322.HK,280.06,286.92,276.77,278.6,15381457
2023-06-01,0322.HK,274.76,279.48,268.52,275.74,79015858
2023-06-02,0322.HK,277.52,285.23,273.95,277.37,52767009
2023-06-05,0322.HK,271.0,274.57,272.11,273.34,99076921
2023-06-06,0322.HK,274.6,281.75,272.0,275.07,95946868
2023-06-07,0322.HK,269.92,275.77,266.52,271.34,54629881
2023-06-08,0322.HK,271.75,277.09,269.94,273.01,9040372
2023-06-09,0322.HK,279.47,284.02,277.12,278.12,43159798
2023-06-12,0322.HK,267.5,273.6,262.88,269.86,65097234
2023-06-13,0322.HK,265.82,271.26,260.87,268.25,1333276
2023-06-14,0322.HK,262.82,268.2,256.95,260.42,24656629
2023-06-15,0322.HK,261.46,266.51,258.19,259.33,54892628
2023-06-16,0322.HK,258.47,261.38,259.88,260.69,87706857
2023-06-19,0322.HK,259.07,261.96,256.64,259.41,80891806
2023-06-20,0322.HK,252.29,255.77,245.34,251.13,26987982
2023-06-21,0322.HK,255.71,260.69,247.82,254.57,19542407
2023-06-22,0322.HK,249.94,251.95,245.78,249.04,61866680
2023-06-23,0322.HK,253.61,258.31,246.77,252.21,54588376
2023-06-26,0322.HK,247.56,255.74,248.28,249.44,30651066
2023-06-27,0322.HK,244.56,246.75,243.09,246.23,10051381
2023-06-28,0322.HK,247.21,251.33,243.47,246.32,87779489
2023-06-29,0322.HK,249.7,257.09,243.08,250.31,12162941
2023-06-30,0322.HK,257.25,262.3,250.22,257.7,57176012
2023-07-03,0322.HK,255.18,262.99,252.58,256.17,59201496
2023-07-04,0322.HK,253.46,256.98,246.98,251.22,48211081
2023-07-05,0322.HK,253.32,254.09,245.67,252.57,31812415
2023-07-06,0322.HK,248.93,249.46,241.09,247.55,22683237
2023-07-07,0322.HK,251.25,254.97,248.02,250.36,32873854
2023-07-10,0322.HK,254.1,255.49,248.4,252.07,94931989
2023-07-11,0322.HK,259.71,262.35,256.82,257.25,54609231
2023-07-12,0322.HK,260.36,263.83,257.91,261.36,60898575
2023-07-13,0322.HK,261.65,268.91,257.46,261.96,28068941
2023-07-14,0322.HK,259.56,269.77,260.76,262.14,61940398
2023-07-17,0322.HK,260.41,264.99,258.17,258.7,39220700
2023-07-18,0322.HK,255.51,255.99,254.97,255.23,98527579
2023-07-19,0322.HK,256.6,258.6,251.27,255.13,44101326
2023-07-20,0322.HK,250.02,255.03,243.93,251.06,99196819
2023-07-21,0322.HK,249.72,257.05,248.03,250.1,29704348
2023-07-24,0322.HK,247.0,255.8,246.68,248.38,25716485
2023-07-25,0322.HK,248.47,255.88,245.4,250.64,22911750
2023-07-26,0322.HK,251.78,255.71,246.71,250.6,94322937
2023-07-27,0322.HK,255.31,261.21,248.22,254.4,30367945
2023-07-28,0322.HK,251.29,255.61,253.08,253.29,96322768
2023-07-31,0322.HK,250.2,252.79,247.27,248.9,55795208
2023-08-01,0322.HK,248.51,254.78,247.98,251.0,27309087
2023-08-02,0322.HK,249.1,252.64,247.76,250.59,15460347
2023-08-03,0322.HK,250.72,252.79,244.78,249.62,80915897
2023-08-04,0322.HK,248.12,250.91,247.18,248.09,37456911
2023-08-07,0322.HK,249.88,251.85,242.2,248.1,61669000
2023-08-08,0322.HK,246.08,248.23,240.37,247.14,24928036
2023-08-09,0322.HK,250.28,255.37,248.07,249.11,27744679
2023-08-10,0322.HK,252.73,253.66,249.07,251.92,88833888
2023-08-11,0322.HK,248.27,257.98,249.27,250.57,76404549
2023-08-14,0322.HK,259.12,264.1,258.09,258.14,77248938
2023-08-15,0322.HK,255.22,260.69,250.89,255.98,97036478
2023-08-16,0322.HK,258.15,260.46,254.42,256.1,91059007
2023-08-17,0322.HK,248.64,254.26,246.03,249.92,77387544
2023-08-18,0322.HK,248.97,254.89,245.11,249.58,11996411
2023-08-21,0322.HK,246.91,249.75,241.64,248.87,53764343
2023-08-22,0322.HK,249.59,249.68,245.83,248.73,60176267
2023-08-23,0322.HK,250.64,255.48,250.57,252.42,2658846
2023-08-24,0322.HK,257.01,266.57,256.77,258.83,46948897
2023-08-25,0322.HK,263.87,269.87,261.94,263.19,33145442
2023-08-28,0322.HK,262.79,267.87,255.52,262.84,94633863
2023-08-29,0322.HK,263.31,266.6,262.93,263.66,12710378
2023-08-30,0322.HK,267.25,275.28,264.76,269.74,76683105
2023-08-31,0322.HK,263.45,268.8,259.65,265.74,74221046
2023-09-01,0322.HK,267.46,272.62,267.46,268.93,91623663
2023-09-04,0322.HK,266.58,268.81,261.99,265.4,69279304
2023-09-05,0322.HK,272.03,277.2,269.44,270.0,81260398
2023-09-06,0322.HK,267.61,275.56,268.01,269.51,87909271
2023-09-07,0322.HK,268.27,270.07,263.26,266.01,1945724
2023-09-08,0322.HK,263.82,267.18,263.14,263.44,90269220
2023-09-11,0322.HK,263.08,261.97,256.83,261.52,69908179
2023-09-12,0322.HK,262.81,267.19,264.42,265.31,13848295
2023-09-13,0322.HK,268.27,275.41,270.26,270.69,83627849
2023-09-14,0322.HK,271.67,275.2,264.57,269.12,94715027
2023-09-15,0322.HK,265.26,268.44,261.25,265.65,81583421
2023-09-18,0322.HK,276.08,276.73,269.37,273.79,89934405
2023-09-19,0322.HK,274.7,283.73,272.67,277.21,38275316
2023-09-20,0322.HK,273.75,277.48,272.04,274.04,92866804
2023-09-21,0322.HK,275.53,282.46,273.36,275.57,33737397
2023-09-22,0322.HK,274.4,279.4,265.9,273.92,40199599
2023-09-25,0322.HK,271.34,273.83,263.33,268.7,25752379
2023-09-26,0322.HK,265.95,270.72,261.03,267.5,14383432
2023-09-27,0322.HK,261.34,266.83,255.34,262.06,5389984
2023-09-28,0322.HK,257.8,262.31,253.9,260.22,54386280
2023-09-29,0322.HK,258.53,261.28,257.47,258.76,50989752
2023-10-02,0322.HK,254.62,259.0,256.51,256.72,97720754
2023-10-03,0322.HK,259.0,261.58,256.34,260.28,48665026
2023-10-04,0322.HK,261.44,266.07,255.87,261.91,12378004
2023-10-05,0322.HK,259.81,266.71,252.74,259.45,70776657
2023-10-06,0322.HK,260.43,263.06,259.61,260.76,46192677
2023-10-09,0322.HK,266.36,269.45,258.59,265.92,59895564
2023-10-10,0322.HK,262.23,263.34,259.47,262.66,1977222
2023-10-11,0322.HK,256.03,263.57,250.1,257.53,65021527
2023-10-12,0322.HK,255.68,254.7,248.97,253.4,57974272
2023-10-13,0322.HK,254.63,259.62,250.32,254.88,15701908
2023-10-16,0322.HK,258.48,266.45,254.67,260.63,84897580
2023-10-17,0322.HK,265.27,264.38,257.67,263.99,29907272
2023-10-18,0322.HK,269.64,275.67,261.55,269.13,25711286
2023-10-19,0322.HK,259.66,261.74,256.76,260.31,48322245
2023-10-20,0322.HK,256.16,261.09,252.14,257.11,34976212
2023-10-23,0322.HK,251.66,256.95,248.63,252.85,20436153
2023-10-24,0322.HK,252.53,256.17,247.69,255.02,43728284
2023-10-25,0322.HK,252.91,257.51,249.19,254.3,54263466
2023-10-26,0322.HK,244.0,246.41,236.08,242.91,2733537
2023-10-27,0322.HK,244.32,248.86,238.69,245.73,33445646
2023-10-30,0322.HK,252.02,250.76,249.7,250.08,85810505
2023-10-31,0322.HK,259.38,264.35,250.56,257.67,15965641
2023-11-01,0322.HK,256.47,259.22,253.15,258.36,83191471
2023-11-02,0322.HK,259.52,262.72,258.28,260.81,10595585
2023-11-03,0322.HK,255.68,258.67,255.23,256.4,51935626
2023-11-06,0322.HK,250.87,251.11,249.6,250.14,32922763
2023-11-07,0322.HK,255.91,262.15,251.1,254.85,51245990
2023-11-08,0322.HK,255.03,260.0,255.86,257.0,14375544
2023-11-09,0322.HK,264.05,267.1,257.31,261.86,55103343
2023-11-10,0322.HK,259.08,262.61,255.32,260.91,39099765
2023-11-13,0322.HK,272.48,273.22,266.38,270.24,17040589
2023-11-14,0322.HK,272.84,276.12,267.0,271.56,94771460
2023-11-15,0322.HK,270.64,273.86,267.91,268.54,56913397
2023-11-16,0322.HK,269.06,270.6,259.99,267.32,99420710
2023-11-17,0322.HK,259.19,262.91,254.39,260.94,34410472
2023-11-20,0322.HK,256.22,261.94,257.28,257.3,6198396
2023-11-21,0322.HK,257.28,256.84,248.34,255.86,64219105
2023-11-22,0322.HK,263.81,263.24,256.69,261.86,17706270
2023-11-23,0322.HK,263.78,263.78,257.29,261.65,89579386
2023-11-24,0322.HK,266.24,273.4,265.37,265.96,46698500
2023-11-27,0322.HK,266.05,267.45,265.54,265.62,28553349
2023-11-28,0322.HK,263.06,264.04,256.19,261.58,11282429
2023-11-29,0322.HK,264.09,265.71,257.03,263.77,23440002
2023-11-30,0322.HK,259.19,264.42,255.69,260.48,8473537
2023-12-01,0322.HK,259.17,265.1,255.68,258.98,97479484
2023-12-04,0322.HK,264.79,273.5,262.97,266.93,52637922
2023-12-05,0322.HK,269.51,272.03,263.94,269.4,63552606
2023-12-06,0322.HK,263.72,270.84,263.94,266.14,36276303
2023-12-07,0322.HK,267.6,270.84,261.7,269.12,9882212
2023-12-08,0322.HK,263.62,265.54,259.54,265.39,31333781
2023-12-11,0322.HK,261.02,266.15,252.15,258.46,22090183
2023-12-12,0322.HK,262.7,263.92,258.83,262.74,40539580
2023-12-13,0322.HK,263.03,270.47,262.6,263.96,98801057
2023-12-14,0322.HK,261.77,270.24,259.58,263.23,59554483
2023-12-15,0322.HK,258.74,263.97,254.6,256.71,35436400
2023-12-18,0322.HK,255.49,260.26,254.23,255.54,66136822
2023-12-19,0322.HK,255.64,259.54,249.03,256.33,92502518
2023-12-20,0322.HK,249.83,256.28,250.93,251.9,42665659
2023-12-21,0322.HK,253.62,258.19,245.0,252.11,41802228
2023-12-22,0322.HK,259.01,261.29,254.5,258.02,59851332
2023-12-25,0322.HK,257.15,262.15,251.41,258.95,15812982
2023-12-26,0322.HK,261.34,265.77,254.58,261.27,75806307
2023-12-27,0322.HK,258.94,266.77,254.83,259.6,15831286
2023-12-28,0322.HK,256.88,259.92,250.86,255.56,36239759
2023-12-29,0322.HK,251.69,256.05,246.08,253.46,50737789
2024-01-01,0322.HK,259.57,263.67,250.02,257.52,88244772
2024-01-02,0322.HK,256.95,258.67,255.29,257.2,32964481
2024-01-03,0322.HK,255.2,257.71,252.52,256.47,10246005
2024-01-04,0322.HK,256.03,258.17,250.35,254.58,1183541
2024-01-05,0322.HK,251.36,253.46,245.57,249.77,76377103
2024-01-08,0322.HK,252.72,257.75,251.7,254.94,46597178
2024-01-09,0322.HK,252.58,256.48,248.86,254.2,99205109
2024-01-10,0322.HK,251.35,253.78,250.88,252.22,42695954
2024-01-11,0322.HK,252.29,256.73,249.51,252.58,59465004
2024-01-12,0322.HK,248.29,256.78,244.57,250.62,29941870
2024-01-15,0322.HK,250.2,257.64,248.7,251.85,75774319
2024-01-16,0322.HK,250.07,250.09,244.09,249.31,51219250
2024-01-17,0322.HK,248.85,251.38,248.85,249.82,75030583
2024-01-18,0322.HK,248.9,255.41,246.89,249.68,1374787
2024-01-19,0322.HK,256.06,258.91,250.65,256.67,25907350
2024-01-22,0322.HK,266.42,267.93,262.87,264.08,22207498
2024-01-23,0322.HK,265.51,274.38,263.21,267.25,89620060
2024-01-24,0322.HK,264.62,274.29,262.27,266.95,16381678
2024-01-25,0322.HK,271.21,276.68,262.5,270.22,98732401
2024-01-26,0322.HK,274.48,276.04,266.44,273.4,39860610
2024-01-29,0322.HK,270.01,275.55,269.75,271.53,66352908
2024-01-30,0322.HK,264.52,265.81,264.52,264.86,27766682
2024-01-31,0322.HK,256.21,262.34,255.58,257.36,98431123
2024-02-01,0322.HK,259.36,263.99,252.59,256.95,17500296
2024-02-02,0322.HK,255.48,255.18,248.9,255.05,1250410
2024-02-05,0322.HK,251.41,256.63,248.42,253.02,37560359
2024-02-06,0322.HK,251.67,255.08,249.54,250.02,45088767
2024-02-07,0322.HK,245.76,247.8,244.46,246.89,84332367
2024-02-08,0322.HK,247.79,255.94,245.82,249.36,15263982
2024-02-09,0322.HK,238.76,241.8,231.14,238.08,40525077
2024-02-12,0322.HK,241.6,244.23,235.06,240.23,92935534
2024-02-13,0322.HK,238.03,241.1,234.65,239.28,89559248
2024-02-14,0322.HK,244.54,249.51,244.33,244.5,78546333
2024-02-15,0322.HK,243.92,251.34,243.68,245.53,24029082
2024-02-16,0322.HK,238.36,244.29,233.73,239.19,21610500
2024-02-19,0322.HK,233.47,238.67,226.08,232.53,45144865
2024-02-20,0322.HK,229.08,233.23,228.56,228.59,68586504
2024-02-21,0322.HK,230.09,236.36,223.07,229.54,8369252
2024-02-22,0322.HK,223.96,226.1,217.63,223.69,31338440
2024-02-23,0322.HK,224.89,230.03,218.02,224.11,54474361
2024-02-26,0322.HK,225.59,231.05,223.45,226.51,92744389
2024-02-27,0322.HK,222.69,227.93,219.32,224.76,54141389
2024-02-28,0322.HK,223.38,227.88,217.81,221.81,81366271
2024-02-29,0322.HK,213.76,214.74,213.77,214.7,12821811
2024-03-01,0322.HK,217.49,221.94,215.52,219.61,8644796
2024-03-04,0322.HK,227.09,228.42,222.22,225.67,27197901
2024-03-05,0322.HK,229.9,235.13,229.2,229.84,97082430
2024-03-06,0322.HK,228.6,235.74,224.09,228.94,1690617
2024-03-07,0322.HK,230.02,230.02,222.29,228.8,92476883
2024-03-08,0322.HK,232.55,231.91,229.65,231.2,84555970
2024-03-11,0322.HK,233.63,235.53,229.69,231.75,76461688
2024-03-12,0322.HK,221.8,225.25,217.97,220.97,48440349
2024-03-13,0322.HK,226.28,226.32,217.93,224.05,76738659
2024-03-14,0322.HK,226.89,231.84,222.0,228.19,62309102
2024-03-15,0322.HK,233.97,236.94,226.44,231.91,97142666
2024-03-18,0322.HK,232.63,236.59,230.01,233.53,99081155
2024-03-19,0322.HK,234.89,241.88,232.4,236.93,8754206
2024-03-20,0322.HK,233.98,236.06,230.24,231.96,24798158
2024-03-21,0322.HK,232.89,237.44,227.72,231.68,57623690
2024-03-22,0322.HK,231.57,235.23,225.58,229.4,66792812
2024-03-25,0322.HK,235.77,234.61,231.55,234.44,98468332
2024-03-26,0322.HK,237.24,241.01,228.83,235.14,99410103
2024-03-27,0322.HK,235.14,236.19,232.33,234.62,85795832
2024-03-28,0322.HK,229.29,237.44,230.53,231.09,2332976
2024-03-29,0322.HK,229.28,233.92,220.89,227.46,30122466
2023-04-14,0992.HK,185.39,190.52,184.88,186.51,99774784
2023-04-17,0992.HK,189.6,194.94,186.85,190.01,89878262
2023-04-18,0992.HK,186.46,188.98,187.15,187.99,82110732
2023-04-19,0992.HK,188.43,192.56,185.67,189.17,2021417
2023-04-20,0992.HK,187.06,189.16,186.55,188.85,28643545
2023-04-21,0992.HK,195.69,202.66,191.9,197.1,67724189
2023-04-24,0992.HK,200.01,199.42,193.77,198.44,57807539
2023-04-25,0992.HK,192.97,195.95,190.36,192.94,95040388
2023-04-26,0992.HK,194.63,200.86,191.86,196.38,37994089
2023-04-27,0992.HK,193.67,197.89,194.13,195.28,10775293
2023-04-28,0992.HK,193.85,196.91,189.49,194.73,76469364
2023-05-01,0992.HK,193.91,197.64,190.4,192.8,51216643
2023-05-02,0992.HK,192.49,197.21,190.18,193.41,97106864
2023-05-03,0992.HK,195.79,199.24,190.25,193.98,37429273
2023-05-04,0992.HK,193.49,196.34,190.43,192.14,28681490
2023-05-05,0992.HK,191.98,194.03,187.55,190.71,86676790
2023-05-08,0992.HK,190.63,194.79,187.98,191.04,59681042
2023-05-09,0992.HK,182.67,186.91,181.91,184.36,49779214
2023-05-10,0992.HK,181.67,182.1,179.79,180.41,40942735
2023-05-11,0992.HK,185.69,185.45,180.53,184.97,76355435
2023-05-12,0992.HK,184.1,191.32,181.4,185.92,90229094
2023-05-15,0992.HK,184.55,187.61,179.42,184.49,37156656
2023-05-16,0992.HK,178.6,182.67,177.41,179.83,71257028
2023-05-17,0992.HK,181.08,182.24,175.58,179.72,34023594
2023-05-18,0992.HK,183.67,183.21,180.37,182.41,2295502
2023-05-19,0992.HK,188.7,193.03,186.57,189.67,49861399
2023-05-22,0992.HK,195.71,196.46,190.88,195.09,68761362
2023-05-23,0992.HK,192.68,192.61,190.63,192.53,62389112
2023-05-24,0992.HK,189.53,195.42,188.4,191.14,21269981
2023-05-25,0992.HK,187.18,190.3,186.51,186.96,74472298
2023-05-26,0992.HK,183.9,185.29,183.82,184.63,84760701
2023-05-29,0992.HK,182.89,184.42,182.49,184.08,72535601
2023-05-30,0992.HK,181.92,186.77,179.14,183.1,26801085
2023-05-31,0992.HK,188.12,191.73,187.68,188.78,50365731
2023-06-01,0992.HK,184.35,190.01,179.85,185.1,79912056
2023-06-02,0992.HK,186.06,186.42,180.56,185.01,87595355
2023-06-05,0992.HK,179.53,179.57,178.73,179.32,35551592
2023-06-06,0992.HK,179.68,183.72,178.41,180.24,35978295
2023-06-07,0992.HK,175.39,179.58,174.67,176.65,86162014
2023-06-08,0992.HK,179.55,183.09,174.52,179.61,89557767
2023-06-09,0992.HK,178.24,182.25,178.41,178.86,81242052
2023-06-12,0992.HK,175.62,178.83,174.72,175.14,81397224
2023-06-13,0992.HK,170.02,173.0,165.31,169.65,47546600
2023-06-14,0992.HK,166.53,169.36,165.5,167.19,15765958
2023-06-15,0992.HK,166.21,169.82,164.41,167.83,42622773
2023-06-16,0992.HK,170.38,172.5,165.51,168.92,18748603
2023-06-19,0992.HK,168.09,171.0,165.09,167.69,22063316
2023-06-20,0992.HK,168.45,171.41,167.28,170.05,79005494
2023-06-21,0992.HK,168.37,169.26,166.17,167.19,99341929
2023-06-22,0992.HK,160.58,163.38,159.45,159.88,34476268
2023-06-23,0992.HK,159.02,165.35,158.14,160.59,78782081
2023-06-26,0992.HK,164.76,165.68,161.48,163.73,54451637
2023-06-27,0992.HK,166.02,167.55,164.67,166.96,12894179
2023-06-28,0992.HK,163.23,164.65,162.29,163.73,87328876
2023-06-29,0992.HK,162.68,164.43,162.41,162.43,3099704
2023-06-30,0992.HK,163.58,165.6,161.05,164.23,23828978
2023-07-03,0992.HK,161.95,163.97,160.3,162.71,39714472
2023-07-04,0992.HK,163.46,165.52,159.01,163.0,81194452
2023-07-05,0992.HK,161.19,162.03,157.25,161.28,79899872
2023-07-06,0992.HK,159.32,161.09,155.38,158.68,46591681
2023-07-07,0992.HK,157.01,160.71,154.49,156.58,28396794
2023-07-10,0992.HK,157.4,159.69,157.19,158.85,16883259
2023-07-11,0992.HK,158.86,162.25,155.62,158.92,67241483
2023-07-12,0992.HK,162.25,164.12,161.48,161.98,69513830
2023-07-13,0992.HK,162.82,167.22,162.0,163.28,79376712
2023-07-14,0992.HK,167.72,169.15,163.98,167.25,65760984
2023-07-17,0992.HK,168.08,173.5,166.13,169.33,63406826
2023-07-18,0992.HK,171.29,173.96,169.95,171.3,63040335
2023-07-19,0992.HK,170.17,171.4,170.2,171.02,88604513
2023-07-20,0992.HK,177.57,180.43,174.92,178.77,93807407
2023-07-21,0992.HK,178.05,180.01,174.72,179.11,73257048
2023-07-24,0992.HK,175.19,175.9,169.34,173.85,58986477
2023-07-25,0992.HK,173.57,174.92,173.98,174.58,87213286
2023-07-26,0992.HK,173.68,174.49,168.4,172.04,77208590
2023-07-27,0992.HK,173.58,175.98,170.8,174.7,95210321
2023-07-28,0992.HK,177.45,177.35,171.83,176.64,84438670
2023-07-31,0992.HK,177.23,179.71,171.92,176.17,48548070
2023-08-01,0992.HK,174.21,178.72,169.52,173.85,52029233
2023-08-02,0992.HK,173.08,176.59,170.09,174.27,83782434
2023-08-03,0992.HK,171.78,174.79,169.56,172.63,86763201
2023-08-04,0992.HK,175.61,175.01,169.82,174.7,55568527
2023-08-07,0992.HK,175.94,177.65,175.1,176.2,13734882
2023-08-08,0992.HK,185.74,184.12,179.12,183.99,31820348
2023-08-09,0992.HK,182.83,183.99,181.35,182.8,36396648
2023-08-10,0992.HK,180.32,186.8,181.7,182.0,62237798
2023-08-11,0992.HK,182.73,182.28,177.63,181.62,33197937
2023-08-14,0992.HK,183.02,184.14,175.95,181.35,38638396
2023-08-15,0992.HK,182.37,185.5,181.17,184.18,33015912
2023-08-16,0992.HK,181.74,184.1,180.98,183.46,69864885
2023-08-17,0992.HK,188.56,193.07,184.18,188.92,13083736
2023-08-18,0992.HK,191.9,192.55,187.36,190.61,94810578
2023-08-21,0992.HK,188.97,189.28,188.91,189.26,2397744
2023-08-22,0992.HK,187.8,189.0,184.22,187.19,55181231
2023-08-23,0992.HK,189.8,194.57,189.76,190.15,9554793
2023-08-24,0992.HK,191.41,191.0,185.02,190.27,95627313
2023-08-25,0992.HK,190.29,191.21,187.88,190.33,27060476
2023-08-28,0992.HK,188.53,192.2,187.92,188.66,1305058
2023-08-29,0992.HK,187.45,189.07,183.42,188.53,94631963
2023-08-30,0992.HK,188.39,190.96,184.76,186.76,84949074
2023-08-31,0992.HK,188.93,191.29,186.71,190.61,83416745
2023-09-01,0992.HK,192.59,195.61,188.24,192.7,65190360
2023-09-04,0992.HK,193.72,194.13,190.04,192.23,33862947
2023-09-05,0992.HK,192.85,194.46,187.92,191.72,42584836
2023-09-06,0992.HK,190.46,197.02,191.79,192.03,48264003
2023-09-07,0992.HK,190.98,195.88,188.89,192.05,25977708
2023-09-08,0992.HK,187.58,194.39,188.18,189.33,83071599
2023-09-11,0992.HK,183.75,188.13,181.66,183.97,38102754
2023-09-12,0992.HK,183.05,187.25,181.26,181.81,77843005
2023-09-13,0992.HK,182.39,185.03,180.7,181.49,49815043
2023-09-14,0992.HK,178.38,183.66,179.09,179.52,34793876
2023-09-15,0992.HK,182.79,183.26,181.45,181.76,68662638
2023-09-18,0992.HK,181.43,185.41,180.16,181.17,89344619
2023-09-19,0992.HK,187.8,186.6,181.4,186.3,82780026
2023-09-20,0992.HK,186.42,186.48,179.27,184.77,32947813
2023-09-21,0992.HK,184.76,189.43,179.91,185.2,22051383
2023-09-22,0992.HK,185.88,185.29,183.1,184.43,36769731
2023-09-25,0992.HK,186.29,186.1,181.71,185.69,43054184
2023-09-26,0992.HK,190.04,191.88,183.29,188.69,80384790
2023-09-27,0992.HK,188.75,195.79,185.95,190.45,49304688
2023-09-28,0992.HK,183.11,187.8,181.9,184.69,41614604
2023-09-29,0992.HK,184.38,191.02,185.01,186.11,63669972
2023-10-02,0992.HK,183.59,187.15,178.62,183.32,93331780
2023-10-03,0992.HK,181.72,186.1,180.36,182.51,64024783
2023-10-04,0992.HK,185.83,186.07,183.04,184.43,60240715
2023-10-05,0992.HK,179.83,183.62,180.49,181.37,32219391
2023-10-06,0992.HK,184.49,187.26,182.44,184.55,88517768
2023-10-09,0992.HK,182.41,186.39,180.44,183.61,30296088
2023-10-10,0992.HK,191.22,189.67,184.63,189.63,73601100
2023-10-11,0992.HK,188.96,193.98,188.9,189.86,26206985
2023-10-12,0992.HK,193.55,195.6,190.08,194.75,27451353
2023-10-13,0992.HK,199.75,202.87,192.35,198.29,87537795
2023-10-16,0992.HK,194.86,200.38,191.51,196.51,7165305
2023-10-17,0992.HK,193.72,195.42,190.4,192.72,43109948
2023-10-18,0992.HK,191.41,197.37,192.04,193.08,5100633
2023-10-19,0992.HK,190.96,194.64,189.17,191.43,58237141
2023-10-20,0992.HK,196.77,201.69,192.43,196.01,56105733
2023-10-23,0992.HK,196.1,198.79,191.73,195.32,62783849
2023-10-24,0992.HK,195.07,197.89,189.84,194.48,51092154
2023-10-25,0992.HK,191.91,195.41,189.02,190.45,70022355
2023-10-26,0992.HK,190.35,194.33,186.57,191.68,81911160
2023-10-27,0992.HK,187.56,192.68,187.3,188.35,89357113
2023-10-30,0992.HK,190.6,192.85,187.35,189.63,32737645
2023-10-31,0992.HK,190.09,192.07,186.63,191.32,93461236
2023-11-01,0992.HK,187.94,193.32,184.58,189.21,97553687
2023-11-02,0992.HK,191.45,194.33,188.53,191.96,81829459
2023-11-03,0992.HK,190.13,195.98,189.24,191.21,22807736
2023-11-06,0992.HK,185.4,191.38,182.64,187.03,89017616
2023-11-07,0992.HK,189.98,194.94,189.63,191.4,66112539
2023-11-08,0992.HK,188.09,193.75,187.48,188.79,51510427
2023-11-09,0992.HK,190.65,193.49,189.96,190.26,89744910
2023-11-10,0992.HK,190.5,193.02,191.41,191.51,24419509
2023-11-13,0992.HK,194.42,196.43,187.18,192.67,34236992
2023-11-14,0992.HK,193.69,198.63,189.88,193.78,31747252
2023-11-15,0992.HK,192.61,191.45,188.43,191.0,50919687
2023-11-16,0992.HK,194.15,196.4,192.25,195.89,14281960
2023-11-17,0992.HK,198.65,202.36,196.89,198.73,55100536
2023-11-20,0992.HK,199.71,200.97,195.67,200.19,42522746
2023-11-21,0992.HK,197.89,197.42,192.77,196.23,73498576
2023-11-22,0992.HK,194.18,198.99,188.69,193.39,2635441
2023-11-23,0992.HK,194.64,196.21,192.69,195.33,89979126
2023-11-24,0992.HK,190.21,190.27,184.48,189.5,91233531
2023-11-27,0992.HK,190.45,195.78,188.99,190.5,99341497
2023-11-28,0992.HK,188.12,189.06,185.38,186.74,47651588
2023-11-29,0992.HK,183.36,185.68,181.01,184.34,12035156
2023-11-30,0992.HK,179.31,183.19,180.23,180.48,58190947
2023-12-01,0992.HK,180.85,182.5,176.81,181.18,66182295
2023-12-04,0992.HK,185.53,186.45,181.77,184.25,70965949
2023-12-05,0992.HK,183.61,187.2,183.75,185.25,68777283
2023-12-06,0992.HK,184.89,187.89,184.77,186.56,27870188
2023-12-07,0992.HK,188.24,187.23,182.52,187.07,28849985
2023-12-08,0992.HK,190.63,193.53,188.36,189.02,44607435
2023-12-11,0992.HK,191.61,195.25,186.95,190.38,99451722
2023-12-12,0992.HK,183.95,188.0,181.93,182.66,77844160
2023-12-13,0992.HK,186.83,187.52,183.98,185.18,22076229
2023-12-14,0992.HK,188.32,191.86,185.85,187.45,85131493
2023-12-15,0992.HK,186.14,189.51,180.93,186.47,15459263
2023-12-18,0992.HK,181.5,184.03,176.62,180.98,25103014
2023-12-19,0992.HK,181.11,185.58,179.55,181.68,7887555
2023-12-20,0992.HK,183.55,184.04,180.8,182.6,13212921
2023-12-21,0992.HK,183.24,181.87,180.03,181.43,54591705
2023-12-22,0992.HK,180.47,182.12,178.5,181.98,80420169
2023-12-25,0992.HK,183.24,188.85,183.03,184.94,27288230
2023-12-26,0992.HK,190.01,196.89,187.6,191.63,12026939
2023-12-27,0992.HK,192.78,193.34,189.07,192.09,5990148
2023-12-28,0992.HK,194.99,195.68,193.08,193.09,39181812
2023-12-29,0992.HK,190.16,195.97,186.9,190.74,43768549
2024-01-01,0992.HK,187.75,194.77,184.15,189.34,77347308
2024-01-02,0992.HK,189.14,189.34,183.34,189.0,93619810
2024-01-03,0992.HK,193.3,196.33,189.13,192.37,24622764
2024-01-04,0992.HK,195.47,198.33,193.17,194.77,37213459
2024-01-05,0992.HK,202.4,200.85,194.92,200.45,91770708
2024-01-08,0992.HK,196.59,197.93,194.61,196.01,45824565
2024-01-09,0992.HK,190.32,195.91,187.79,192.16,12418176
2024-01-10,0992.HK,194.3,198.16,189.8,195.37,88432086
2024-01-11,0992.HK,199.9,201.41,197.78,199.66,80619413
2024-01-12,0992.HK,200.25,201.01,194.46,199.8,86130070
2024-01-15,0992.HK,185.46,186.56,184.45,186.45,16135647
2024-01-16,0992.HK,186.22,189.22,182.24,184.41,83552698
2024-01-17,0992.HK,185.27,189.76,183.41,185.37,3835820
2024-01-18,0992.HK,184.55,187.64,182.66,182.91,73405227
2024-01-19,0992.HK,183.13,184.59,178.94,183.46,15346708
2024-01-22,0992.HK,187.66,191.83,186.93,188.72,32091599
2024-01-23,0992.HK,192.98,194.77,191.04,192.79,98860135
2024-01-24,0992.HK,195.91,195.51,192.11,195.17,77268361
2024-01-25,0992.HK,195.18,200.58,189.49,195.02,29824398
2024-01-26,0992.HK,192.53,198.07,190.85,193.61,14696076
2024-01-29,0992.HK,195.01,198.92,195.83,195.85,37064943
2024-01-30,0992.HK,194.62,198.89,191.91,195.96,57030715
2024-01-31,0992.HK,196.05,200.24,195.67,196.18,20850920
2024-02-01,0992.HK,192.88,197.11,188.05,191.65,12252607
2024-02-02,0992.HK,190.86,193.63,185.16,189.64,45077135
2024-02-05,0992.HK,192.11,192.79,190.17,191.81,69298391
2024-02-06,0992.HK,190.15,191.9,186.28,188.69,62319348
2024-02-07,0992.HK,188.62,193.79,187.56,189.47,84075416
2024-02-08,0992.HK,191.71,194.34,185.88,190.69,91995584
2024-02-09,0992.HK,191.56,197.63,188.62,192.07,15447890
2024-02-12,0992.HK,195.21,198.34,192.48,193.72,9851664
2024-02-13,0992.HK,197.07,199.08,192.48,195.59,91403990
2024-02-14,0992.HK,194.44,194.57,191.0,193.79,64025042
2024-02-15,0992.HK,191.08,191.16,188.4,189.57,80181477
2024-02-16,0992.HK,185.73,187.22,184.77,187.12,79158409
2024-02-19,0992.HK,189.41,193.82,187.06,189.21,65675943
2024-02-20,0992.HK,184.08,186.33,184.3,185.84,76521484
2024-02-21,0992.HK,183.13,186.21,180.86,182.97,11394140
2024-02-22,0992.HK,180.74,182.72,177.99,180.14,56751041
2024-02-23,0992.HK,176.11,176.86,171.89,175.19,39769024
2024-02-26,0992.HK,173.11,174.43,167.96,172.21,98321056
2024-02-27,0992.HK,174.8,175.4,173.1,174.83,74177073
2024-02-28,0992.HK,172.98,176.34,168.69,172.98,37424316
2024-02-29,0992.HK,167.34,170.44,166.27,168.48,44811401
2024-03-01,0992.HK,167.53,169.74,163.8,167.22,15198183
2024-03-04,0992.HK,167.7,169.55,167.05,168.53,82176717
2024-03-05,0992.HK,164.66,167.1,160.53,163.94,71387570
2024-03-06,0992.HK,166.66,166.55,165.85,166.32,8915430
2024-03-07,0992.HK,162.76,165.26,161.96,162.75,91393682
2024-03-08,0992.HK,163.24,164.59,160.26,161.82,9763466
2024-03-11,0992.HK,160.82,165.2,158.24,160.86,7889799
2024-03-12,0992.HK,158.58,161.6,155.89,159.54,39836965
2024-03-13,0992.HK,158.88,160.94,155.07,159.42,88388754
2024-03-14,0992.HK,161.93,164.33,159.41,161.31,40253720
2024-03-15,0992.HK,162.29,165.74,156.43,161.24,8840649
2024-03-18,0992.HK,160.37,160.94,159.39,159.81,67073893
2024-03-19,0992.HK,160.52,162.94,159.45,160.94,14955446
2024-03-20,0992.HK,162.71,161.49,161.37,161.47,17596902
2024-03-21,0992.HK,160.66,160.07,157.16,159.88,63401054
2024-03-22,0992.HK,158.64,162.14,156.67,160.02,50326117
2024-03-25,0992.HK,158.26,161.97,154.08,158.24,9189240
2024-03-26,0992.HK,155.91,160.38,155.54,156.22,56439298
2024-03-27,0992.HK,159.37,161.96,154.71,158.14,17840521
2024-03-28,0992.HK,158.6,160.32,157.43,159.23,58905012
2024-03-29,0992.HK,161.42,162.02,160.1,161.1,43928982
2023-04-14,0066.HK,247.02,251.2,240.82,244.7,25062731
2023-04-17,0066.HK,239.85,247.02,234.46,241.19,64167977
2023-04-18,0066.HK,243.2,243.85,240.37,242.52,70835222
2023-04-19,0066.HK,242.56,246.82,242.07,243.29,52792174
2023-04-20,0066.HK,237.8,240.18,231.19,237.24,99808596
2023-04-21,0066.HK,235.28,237.51,233.12,235.14,62461354
2023-04-24,0066.HK,229.95,237.27,224.74,231.19,60964126
2023-04-25,0066.HK,233.88,236.22,232.76,233.98,65971430
2023-04-26,0066.HK,238.2,239.92,236.56,236.97,35127618
2023-04-27,0066.HK,236.29,242.76,229.65,236.15,11772233
2023-04-28,0066.HK,235.51,240.01,231.61,233.21,48934639
2023-05-01,0066.HK,233.94,235.72,229.93,233.91,43703588
2023-05-02,0066.HK,235.64,241.08,234.13,237.84,66912534
2023-05-03,0066.HK,232.68,238.62,228.19,232.61,41562041
2023-05-04,0066.HK,240.37,241.48,235.66,240.02,68930579
2023-05-05,0066.HK,238.77,245.7,236.43,239.19,16223007
2023-05-08,0066.HK,238.76,244.3,236.26,238.82,88641093
2023-05-09,0066.HK,245.83,245.06,238.09,244.61,65325121
2023-05-10,0066.HK,243.17,248.76,242.93,244.45,58116227
2023-05-11,0066.HK,243.7,248.85,237.84,244.11,72597591
2023-05-12,0066.HK,241.77,244.53,235.61,240.82,79958814
2023-05-15,0066.HK,238.83,239.2,238.2,238.78,77003927
2023-05-16,0066.HK,236.7,239.4,236.01,236.3,77727036
2023-05-17,0066.HK,230.25,234.6,225.12,230.09,20375878
2023-05-18,0066.HK,221.94,224.92,221.21,222.95,14866043
2023-05-19,0066.HK,223.46,225.71,218.12,222.22,30739214
2023-05-22,0066.HK,217.72,219.74,213.94,217.67,74162513
2023-05-23,0066.HK,220.39,224.77,217.95,219.84,81692176
2023-05-24,0066.HK,217.85,225.7,215.71,219.16,72105060
2023-05-25,0066.HK,214.71,217.59,213.93,213.95,22514269
2023-05-26,0066.HK,218.55,219.73,213.52,218.89,71583442
2023-05-29,0066.HK,215.38,223.34,215.14,217.53,44649600
2023-05-30,0066.HK,218.52,220.09,218.74,219.26,71519910
2023-05-31,0066.HK,223.97,225.19,220.16,224.71,19278795
2023-06-01,0066.HK,225.93,229.49,221.26,224.64,88698269
2023-06-02,0066.HK,223.3,227.78,222.78,224.73,7712432
2023-06-05,0066.HK,229.04,233.56,225.26,229.63,48539699
2023-06-06,0066.HK,229.15,231.19,222.53,228.66,14805005
2023-06-07,0066.HK,232.51,233.6,231.62,232.39,83584382
2023-06-08,0066.HK,231.47,237.96,228.92,232.17,16746041
2023-06-09,0066.HK,233.35,237.56,226.41,232.81,32130855
2023-06-12,0066.HK,231.1,235.62,228.75,233.41,63390654
2023-06-13,0066.HK,230.76,232.37,227.39,232.16,82736335
2023-06-14,0066.HK,229.88,233.21,226.67,230.34,75427094
2023-06-15,0066.HK,228.04,228.76,222.7,228.13,19601839
2023-06-16,0066.HK,223.78,223.95,218.94,223.75,61112299
2023-06-19,0066.HK,221.64,227.01,218.23,222.29,97946495
2023-06-20,0066.HK,223.51,226.76,221.15,221.45,21273045
2023-06-21,0066.HK,223.97,225.0,221.01,222.85,38015452
2023-06-22,0066.HK,221.65,228.99,217.31,222.58,76098290
2023-06-23,0066.HK,227.02,228.29,222.55,226.23,15151366
2023-06-26,0066.HK,231.71,236.45,227.93,229.78,85092614
2023-06-27,0066.HK,232.5,237.16,229.75,234.46,56930204
2023-06-28,0066.HK,232.31,237.74,231.37,233.79,14102956
2023-06-29,0066.HK,230.34,232.29,230.38,232.05,33769845
2023-06-30,0066.HK,226.09,232.64,221.49,227.33,43291159
2023-07-03,0066.HK,232.98,235.83,228.74,231.84,16588877
2023-07-04,0066.HK,226.42,231.86,221.2,227.87,87042680
2023-07-05,0066.HK,224.17,227.65,219.84,224.84,87790438
2023-07-06,0066.HK,226.29,228.69,222.84,225.64,38656590
2023-07-07,0066.HK,224.49,227.05,220.67,224.64,32182677
2023-07-10,0066.HK,227.63,229.82,223.88,229.57,25912136
2023-07-11,0066.HK,228.74,231.13,226.69,226.97,34625039
2023-07-12,0066.HK,226.67,232.02,224.24,227.11,53260127
2023-07-13,0066.HK,221.18,224.72,219.3,220.85,67140120
2023-07-14,0066.HK,227.03,231.37,221.07,224.97,4536538
2023-07-17,0066.HK,217.22,220.17,213.28,219.36,37963238
2023-07-18,0066.HK,225.56,231.86,222.06,227.59,51882566
2023-07-19,0066.HK,225.43,232.88,225.74,227.24,39262234
2023-07-20,0066.HK,228.16,227.56,225.04,226.3,55039688
2023-07-21,0066.HK,225.47,226.81,220.62,226.24,86423397
2023-07-24,0066.HK,223.12,224.23,219.27,222.64,11675830
2023-07-25,0066.HK,223.08,231.01,221.23,224.88,36795148
2023-07-26,0066.HK,225.56,226.23,219.1,223.55,28025630
2023-07-27,0066.HK,222.84,226.27,215.98,222.55,65752170
2023-07-28,0066.HK,228.19,231.07,226.0,226.88,28365219
2023-07-31,0066.HK,219.71,225.7,215.69,221.07,10019383
2023-08-01,0066.HK,218.69,225.55,214.04,220.47,29656213
2023-08-02,0066.HK,218.52,225.14,216.87,220.15,21343749
2023-08-03,0066.HK,221.76,225.62,217.49,220.65,28309128
2023-08-04,0066.HK,219.23,224.98,212.63,218.85,27428034
2023-08-07,0066.HK,216.91,221.98,215.57,217.85,21425224
2023-08-08,0066.HK,222.67,230.17,222.3,223.94,93492700
2023-08-09,0066.HK,227.15,228.38,219.71,225.66,63325486
2023-08-10,0066.HK,222.41,225.91,219.23,223.07,93715442
2023-08-11,0066.HK,223.35,226.6,222.64,225.29,88492048
2023-08-14,0066.HK,227.38,229.27,218.96,225.49,36925222
2023-08-15,0066.HK,229.96,231.47,226.18,228.05,27650148
2023-08-16,0066.HK,225.24,231.34,226.27,227.4,99036600
2023-08-17,0066.HK,226.24,228.42,222.05,224.69,82592239
2023-08-18,0066.HK,217.0,225.36,216.03,219.11,95253172
2023-08-21,0066.HK,224.12,223.96,217.36,222.94,36010951
2023-08-22,0066.HK,224.21,228.24,222.59,225.27,44221370
2023-08-23,0066.HK,224.51,233.15,222.61,226.52,85256425
2023-08-24,0066.HK,226.82,234.33,223.1,228.77,68261089
2023-08-25,0066.HK,233.82,239.42,228.31,233.06,11787016
2023-08-28,0066.HK,228.88,229.48,221.99,227.22,49134652
2023-08-29,0066.HK,225.94,229.58,223.36,227.55,28448274
2023-08-30,0066.HK,221.2,223.97,219.92,221.42,91922459
2023-08-31,0066.HK,218.4,225.59,219.7,220.15,68974701
2023-09-01,0066.HK,223.48,223.51,220.16,221.29,67696547
2023-09-04,0066.HK,219.39,224.82,216.92,220.16,19708415
2023-09-05,0066.HK,224.55,230.86,224.07,226.03,53546602
2023-09-06,0066.HK,225.09,226.3,221.23,225.09,87268354
2023-09-07,0066.HK,224.11,226.94,222.51,222.53,89424656
2023-09-08,0066.HK,221.1,225.35,216.88,222.68,47142872
2023-09-11,0066.HK,220.48,220.29,218.48,219.27,57336697
2023-09-12,0066.HK,217.5,216.72,210.54,216.43,62465257
2023-09-13,0066.HK,221.0,225.27,217.46,219.51,20892933
2023-09-14,0066.HK,221.46,228.71,216.89,222.82,68921015
2023-09-15,0066.HK,223.53,226.21,219.63,223.38,94575528
2023-09-18,0066.HK,227.1,231.33,221.46,225.47,11591139
2023-09-19,0066.HK,234.9,233.6,229.2,232.58,27197299
2023-09-20,0066.HK,232.48,234.55,231.71,232.43,96865817
2023-09-21,0066.HK,229.04,229.93,227.13,229.45,38285930
2023-09-22,0066.HK,233.59,231.96,225.23,231.34,70242888
2023-09-25,0066.HK,235.5,237.6,229.2,234.28,31671194
2023-09-26,0066.HK,236.84,239.22,236.55,237.61,7442643
2023-09-27,0066.HK,241.29,247.16,234.51,241.74,87925219
2023-09-28,0066.HK,246.41,245.93,244.62,245.39,49243194
2023-09-29,0066.HK,248.11,253.9,246.48,247.36,41465667
2023-10-02,0066.HK,248.46,251.69,248.01,249.77,93013605
2023-10-03,0066.HK,249.2,251.47,250.02,251.35,39273657
2023-10-04,0066.HK,244.32,246.8,240.6,245.41,97175340
2023-10-05,0066.HK,241.42,241.51,238.88,239.14,30686481
2023-10-06,0066.HK,237.07,236.9,234.18,235.41,36019309
2023-10-09,0066.HK,236.9,245.03,232.73,238.35,99191687
2023-10-10,0066.HK,234.98,236.9,235.91,236.83,59073836
2023-10-11,0066.HK,236.99,237.95,234.33,237.36,39978832
2023-10-12,0066.HK,242.9,247.57,240.35,242.98,96099324
2023-10-13,0066.HK,247.74,249.49,242.01,246.97,48238934
2023-10-16,0066.HK,237.82,241.67,237.84,238.97,86116398
2023-10-17,0066.HK,242.26,245.86,237.48,241.64,63953992
2023-10-18,0066.HK,243.37,247.24,234.89,241.89,73381869
2023-10-19,0066.HK,240.61,240.27,233.45,239.56,79002942
2023-10-20,0066.HK,238.71,244.31,232.6,238.43,4030861
2023-10-23,0066.HK,235.75,240.58,233.96,237.36,85912411
2023-10-24,0066.HK,233.74,239.65,226.3,232.73,13891886
2023-10-25,0066.HK,231.69,237.41,228.5,233.63,68679661
2023-10-26,0066.HK,239.54,242.06,237.4,241.31,38213936
2023-10-27,0066.HK,246.65,251.19,238.55,245.03,81419955
2023-10-30,0066.HK,237.94,241.23,231.18,237.64,74223446
2023-10-31,0066.HK,236.62,240.71,232.24,238.72,53545993
2023-11-01,0066.HK,240.51,246.22,237.9,239.81,96149335
2023-11-02,0066.HK,237.51,238.39,233.07,236.28,46336024
2023-11-03,0066.HK,232.34,236.02,229.96,232.04,9221337
2023-11-06,0066.HK,236.37,236.22,228.34,235.21,52371648
2023-11-07,0066.HK,236.01,235.87,232.2,235.62,53922450
2023-11-08,0066.HK,231.89,238.98,228.44,233.99,79651462
2023-11-09,0066.HK,235.25,239.53,235.38,236.15,80811767
2023-11-10,0066.HK,245.07,244.87,236.74,243.69,60970136
2023-11-13,0066.HK,244.25,251.36,239.91,244.69,41644286
2023-11-14,0066.HK,245.93,251.68,240.41,245.8,94240245
2023-11-15,0066.HK,245.97,251.97,242.28,245.77,77427326
2023-11-16,0066.HK,242.18,250.24,240.89,244.38,45492143
2023-11-17,0066.HK,245.51,252.93,240.98,247.43,20039463
2023-11-20,0066.HK,244.92,246.81,244.26,246.76,27813560
2023-11-21,0066.HK,246.92,251.05,244.93,248.66,50837839
2023-11-22,0066.HK,253.63,258.09,249.94,254.31,82443859
2023-11-23,0066.HK,254.78,263.9,251.37,257.2,72456439
2023-11-24,0066.HK,251.86,254.57,249.43,252.34,77119557
2023-11-27,0066.HK,247.1,250.81,240.36,247.35,92475602
2023-11-28,0066.HK,253.8,255.06,250.27,252.05,32014638
2023-11-29,0066.HK,252.83,255.57,247.6,251.67,6595776
2023-11-30,0066.HK,255.06,259.06,251.14,252.71,31186703
2023-12-01,0066.HK,248.71,254.05,248.6,249.76,93528212
2023-12-04,0066.HK,250.95,256.71,250.03,252.11,23412822
2023-12-05,0066.HK,258.82,260.76,256.96,259.3,86514728
2023-12-06,0066.HK,261.91,265.17,254.85,259.95,66442997
2023-12-07,0066.HK,264.44,267.45,257.9,262.52,92060472
2023-12-08,0066.HK,269.27,274.56,266.7,267.48,39987418
2023-12-11,0066.HK,276.25,278.97,266.36,274.28,63947799
2023-12-12,0066.HK,271.38,273.78,271.29,271.54,6452014
2023-12-13,0066.HK,275.71,274.58,268.17,273.27,42306282
2023-12-14,0066.HK,279.84,280.36,278.44,278.56,75152173
2023-12-15,0066.HK,286.76,286.02,280.63,285.11,94615325
2023-12-18,0066.HK,282.05,284.59,278.98,283.35,93108913
2023-12-19,0066.HK,280.49,283.97,277.62,280.56,93751515
2023-12-20,0066.HK,277.44,281.25,272.68,279.96,9447965
2023-12-21,0066.HK,277.57,280.59,274.9,278.67,33401652
2023-12-22,0066.HK,277.04,285.41,270.53,277.56,39457275
2023-12-25,0066.HK,277.98,283.94,277.12,279.33,81881799
2023-12-26,0066.HK,277.21,284.23,275.34,277.12,16543402
2023-12-27,0066.HK,282.22,289.38,283.45,283.66,38236840
2023-12-28,0066.HK,280.47,289.35,275.22,282.0,70043419
2023-12-29,0066.HK,276.91,279.67,274.91,279.51,65997472
2024-01-01,0066.HK,272.7,280.95,267.48,274.66,53837072
2024-01-02,0066.HK,278.82,286.21,278.25,279.89,7543032
2024-01-03,0066.HK,272.83,281.87,269.71,274.52,48196850
2024-01-04,0066.HK,274.62,284.71,275.82,276.46,1200442
2024-01-05,0066.HK,279.68,286.71,274.62,279.39,44244611
2024-01-08,0066.HK,266.58,267.46,265.55,267.23,46221735
2024-01-09,0066.HK,262.2,264.04,260.34,262.03,79581106
2024-01-10,0066.HK,260.88,267.67,253.69,260.6,78876039
2024-01-11,0066.HK,268.37,269.92,261.08,268.06,30799696
2024-01-12,0066.HK,268.5,272.89,263.76,266.6,9942373
2024-01-15,0066.HK,267.04,267.06,261.52,264.64,80507085
2024-01-16,0066.HK,259.79,266.83,254.11,261.71,11077141
2024-01-17,0066.HK,259.91,259.96,254.44,258.76,25584922
2024-01-18,0066.HK,255.94,256.94,254.46,256.35,8825076
2024-01-19,0066.HK,255.53,258.86,249.37,253.81,86782167
2024-01-22,0066.HK,249.57,253.14,244.64,251.14,38775300
2024-01-23,0066.HK,250.91,249.7,247.23,248.49,65536127
2024-01-24,0066.HK,244.73,254.13,246.91,247.12,92565169
2024-01-25,0066.HK,250.71,252.35,246.12,250.7,61804963
2024-01-26,0066.HK,245.93,251.77,245.02,246.53,21729896
2024-01-29,0066.HK,243.72,251.2,238.69,244.19,35298301
2024-01-30,0066.HK,240.08,244.75,237.76,242.33,10883720
2024-01-31,0066.HK,239.97,246.57,237.3,242.38,2764559
2024-02-01,0066.HK,241.38,243.86,233.7,239.66,86659415
2024-02-02,0066.HK,245.95,248.85,246.38,247.17,18766330
2024-02-05,0066.HK,251.27,255.38,244.21,249.38,4405311
2024-02-06,0066.HK,250.96,253.9,252.24,253.07,40999561
2024-02-07,0066.HK,251.65,258.27,247.99,254.03,24277478
2024-02-08,0066.HK,257.67,265.36,251.65,259.43,44459432
2024-02-09,0066.HK,252.93,259.26,250.03,255.03,3806806
2024-02-12,0066.HK,252.75,257.28,247.24,252.95,76785677
2024-02-13,0066.HK,249.26,255.52,246.75,249.9,87056053
2024-02-14,0066.HK,249.55,250.7,247.99,249.31,78520489
2024-02-15,0066.HK,257.7,256.0,252.15,255.28,49675229
2024-02-16,0066.HK,264.66,271.51,260.06,263.76,68888124
2024-02-19,0066.HK,266.77,269.99,262.25,267.59,4822181
2024-02-20,0066.HK,266.1,268.63,262.9,267.25,46621651
2024-02-21,0066.HK,273.23,275.89,267.41,271.79,23931004
2024-02-22,0066.HK,279.85,278.65,277.74,277.89,48131424
2024-02-23,0066.HK,281.08,285.86,274.5,282.85,17485745
2024-02-26,0066.HK,281.41,287.04,274.97,282.34,67920366
2024-02-27,0066.HK,283.89,286.79,276.0,281.94,13017840
2024-02-28,0066.HK,276.51,285.35,276.1,279.22,48152057
2024-02-29,0066.HK,276.03,279.97,276.7,278.25,48505295
2024-03-01,0066.HK,277.51,283.21,273.32,274.97,26560177
2024-03-04,0066.HK,273.28,276.85,274.65,274.75,34198707
2024-03-05,0066.HK,275.85,282.62,273.23,274.71,60162777
2024-03-06,0066.HK,269.42,272.63,267.08,271.21,95242505
2024-03-07,0066.HK,284.47,283.6,276.16,282.19,59292320
2024-03-08,0066.HK,283.37,284.51,278.14,283.5,95516722
2024-03-11,0066.HK,291.66,293.9,285.89,289.05,22968721
2024-03-12,0066.HK,295.74,294.78,287.43,294.32,1582485
2024-03-13,0066.HK,302.26,310.68,302.79,302.95,67107841
2024-03-14,0066.HK,300.35,301.25,294.59,298.89,73921211
2024-03-15,0066.HK,296.49,297.29,294.2,296.51,22736874
2024-03-18,0066.HK,286.18,292.63,280.49,288.5,63314923
2024-03-19,0066.HK,282.35,283.72,281.26,281.55,82620707
2024-03-20,0066.HK,275.18,283.57,271.96,277.35,75278563
2024-03-21,0066.HK,278.44,278.03,273.96,276.77,86410266
2024-03-22,0066.HK,275.46,277.1,268.37,276.43,11890095
2024-03-25,0066.HK,286.78,292.5,283.57,289.66,11923785
2024-03-26,0066.HK,292.78,300.59,291.03,291.9,26032209
2024-03-27,0066.HK,297.81,304.53,295.37,296.21,88570402
2024-03-28,0066.HK,298.6,299.51,288.73,296.9,49294115
2024-03-29,0066.HK,288.52,299.83,285.51,291.11,95875651
2023-04-14,0004.HK,392.17,399.19,382.4,389.5,33597439
2023-04-17,0004.HK,385.79,384.26,382.34,383.96,45178550
2023-04-18,0004.HK,382.3,390.43,378.68,382.75,27331432
2023-04-19,0004.HK,390.55,398.58,381.62,387.12,56576699
2023-04-20,0004.HK,381.01,386.14,379.97,380.6,25230492
2023-04-21,0004.HK,374.93,388.43,368.97,377.89,75166380
2023-04-24,0004.HK,378.65,391.88,378.52,380.91,91953099
2023-04-25,0004.HK,372.44,370.05,362.84,369.11,65161933
2023-04-26,0004.HK,381.75,382.21,378.49,379.46,22876656
2023-04-27,0004.HK,388.31,391.41,379.88,385.48,38026555
2023-04-28,0004.HK,373.68,380.59,370.19,376.67,48423084
2023-05-01,0004.HK,366.6,368.71,358.36,364.85,90703761
2023-05-02,0004.HK,366.93,365.34,363.03,365.09,99004448
2023-05-03,0004.HK,362.18,368.03,355.03,359.03,28541020
2023-05-04,0004.HK,365.4,371.88,356.42,364.28,26277632
2023-05-05,0004.HK,365.75,373.55,358.73,366.5,56010985
2023-05-08,0004.HK,370.19,370.5,366.88,367.25,47861449
2023-05-09,0004.HK,361.28,364.79,356.96,364.19,26617136
2023-05-10,0004.HK,375.56,381.25,371.71,373.0,59336096
2023-05-11,0004.HK,376.8,380.35,372.57,377.29,62184453
2023-05-12,0004.HK,379.96,391.48,376.66,380.78,83910638
2023-05-15,0004.HK,388.64,391.39,384.64,387.71,23795198
2023-05-16,0004.HK,382.6,386.47,372.12,381.86,41910816
2023-05-17,0004.HK,387.82,390.61,387.24,389.3,50359673
2023-05-18,0004.HK,386.64,393.7,384.97,387.83,2811243
2023-05-19,0004.HK,390.22,395.46,388.6,389.85,56041194
2023-05-22,0004.HK,386.19,393.55,384.59,389.02,5547446
2023-05-23,0004.HK,381.05,378.91,367.14,378.14,1199541
2023-05-24,0004.HK,385.05,388.89,373.32,383.64,85764643
2023-05-25,0004.HK,371.0,376.87,364.01,373.22,92748873
2023-05-26,0004.HK,369.78,375.87,357.33,367.88,52747468
2023-05-29,0004.HK,366.01,369.65,358.02,365.46,85342343
2023-05-30,0004.HK,351.44,361.48,348.37,354.82,66929117
2023-05-31,0004.HK,346.93,351.53,344.71,349.03,98013916
2023-06-01,0004.HK,353.71,353.0,340.95,350.39,59443980
2023-06-02,0004.HK,348.08,356.6,343.7,348.63,51548093
2023-06-05,0004.HK,348.34,348.64,343.96,347.32,49363450
2023-06-06,0004.HK,344.82,344.05,335.44,342.63,95074391
2023-06-07,0004.HK,343.3,352.49,339.73,342.93,92716705
2023-06-08,0004.HK,340.08,342.25,339.3,341.33,80642406
2023-06-09,0004.HK,333.78,338.78,332.14,332.99,18473348
2023-06-12,0004.HK,332.83,332.55,323.5,332.06,44289962
2023-06-13,0004.HK,328.03,333.11,325.68,325.94,5440016
2023-06-14,0004.HK,329.61,331.96,320.85,330.39,27175358
2023-06-15,0004.HK,326.84,332.66,320.04,328.52,49368190
2023-06-16,0004.HK,343.87,348.66,339.39,341.01,80668130
2023-06-19,0004.HK,345.26,353.38,343.47,346.02,21359162
2023-06-20,0004.HK,347.9,350.16,335.22,345.42,64695026
2023-06-21,0004.HK,349.72,354.26,340.25,348.49,48745524
2023-06-22,0004.HK,336.96,347.5,335.86,337.63,76428060
2023-06-23,0004.HK,340.39,345.98,336.2,342.57,49770125
2023-06-26,0004.HK,335.25,344.45,331.91,338.43,56606037
2023-06-27,0004.HK,335.62,342.22,336.6,338.95,50607073
2023-06-28,0004.HK,337.26,342.35,333.86,335.32,1736915
2023-06-29,0004.HK,330.67,337.73,331.67,332.26,68299227
2023-06-30,0004.HK,331.14,332.72,326.39,331.42,44667610
2023-07-03,0004.HK,333.72,335.99,325.09,331.87,9882248
2023-07-04,0004.HK,328.8,336.18,325.3,331.8,55977092
2023-07-05,0004.HK,333.27,332.26,326.85,331.86,86335217
2023-07-06,0004.HK,323.54,328.9,318.85,323.84,39589498
2023-07-07,0004.HK,332.61,336.5,326.97,335.23,79463899
2023-07-10,0004.HK,334.95,346.03,334.55,336.46,68769526
2023-07-11,0004.HK,340.23,339.22,334.35,338.74,94164634
2023-07-12,0004.HK,333.97,340.02,327.49,337.08,57404416
2023-07-13,0004.HK,330.17,337.51,329.93,332.73,17279414
2023-07-14,0004.HK,335.25,334.15,325.04,333.55,28730925
2023-07-17,0004.HK,337.04,343.6,327.22,335.06,10482598
2023-07-18,0004.HK,344.05,348.33,333.04,341.67,56213961
2023-07-19,0004.HK,355.01,353.12,342.7,352.39,28087168
2023-07-20,0004.HK,361.36,362.19,358.28,360.26,75292587
2023-07-21,0004.HK,351.22,352.01,350.66,350.79,49513329
2023-07-24,0004.HK,348.1,358.84,347.01,348.44,46180405
2023-07-25,0004.HK,349.69,351.27,349.49,350.26,84533709
2023-07-26,0004.HK,346.91,356.1,345.75,348.23,23563161
2023-07-27,0004.HK,348.86,350.73,345.87,348.07,16227160
2023-07-28,0004.HK,338.08,340.23,327.2,336.94,13246759
2023-07-31,0004.HK,342.69,344.09,337.85,341.63,42067394
2023-08-01,0004.HK,333.36,337.0,325.2,332.08,15436098
2023-08-02,0004.HK,323.29,330.5,321.79,324.32,16873627
2023-08-03,0004.HK,320.5,321.16,311.99,319.45,53600406
2023-08-04,0004.HK,317.7,325.38,318.62,319.04,15740327
2023-08-07,0004.HK,311.78,319.96,303.65,311.34,37318239
2023-08-08,0004.HK,304.14,312.35,303.41,306.45,66754049
2023-08-09,0004.HK,312.06,318.77,302.78,311.79,95793835
2023-08-10,0004.HK,309.6,312.47,310.78,311.33,83213254
2023-08-11,0004.HK,315.08,314.4,311.61,313.42,61293328
2023-08-14,0004.HK,309.1,316.7,300.23,307.67,50933814
2023-08-15,0004.HK,309.04,311.48,298.76,307.48,12032450
2023-08-16,0004.HK,307.54,309.54,298.98,306.92,34649307
2023-08-17,0004.HK,301.5,303.53,295.6,303.32,88424718
2023-08-18,0004.HK,300.19,310.18,300.9,303.14,56859531
2023-08-21,0004.HK,292.88,302.36,289.96,294.6,18147416
2023-08-22,0004.HK,296.18,298.33,291.05,296.6,50172089
2023-08-23,0004.HK,294.05,300.69,294.31,294.88,35466785
2023-08-24,0004.HK,292.95,300.31,289.66,293.8,43455104
2023-08-25,0004.HK,299.48,305.57,293.96,297.61,19325224
2023-08-28,0004.HK,299.4,304.14,294.5,299.6,26980756
2023-08-29,0004.HK,298.07,302.23,291.16,298.23,90439634
2023-08-30,0004.HK,295.56,299.98,288.03,293.3,37663848
2023-08-31,0004.HK,300.5,304.66,295.62,299.2,13287041
2023-09-01,0004.HK,293.94,301.18,285.2,293.25,34577958
2023-09-04,0004.HK,296.13,302.17,287.99,296.07,87407813
2023-09-05,0004.HK,286.38,296.48,280.61,289.04,16198807
2023-09-06,0004.HK,294.84,300.64,292.92,293.08,12455768
2023-09-07,0004.HK,297.73,298.27,290.05,297.58,18274891
2023-09-08,0004.HK,286.57,296.84,281.52,289.1,63304743
2023-09-11,0004.HK,291.84,292.84,291.09,291.11,35389409
2023-09-12,0004.HK,295.14,301.09,292.32,292.76,75530921
2023-09-13,0004.HK,294.45,296.98,292.09,295.91,36643873
2023-09-14,0004.HK,299.56,304.24,291.13,297.59,2684508
2023-09-15,0004.HK,291.81,298.35,285.25,293.35,66168987
2023-09-18,0004.HK,293.46,293.94,288.92,292.46,61090171
2023-09-19,0004.HK,299.69,308.39,291.8,299.82,41255941
2023-09-20,0004.HK,297.15,298.31,289.81,294.9,67159114
2023-09-21,0004.HK,297.36,296.59,291.54,296.38,34017672
2023-09-22,0004.HK,302.33,306.59,298.4,301.56,65722971
2023-09-25,0004.HK,295.68,299.34,291.53,297.14,24953887
2023-09-26,0004.HK,291.95,296.14,284.05,290.88,88526376
2023-09-27,0004.HK,285.19,286.51,278.68,285.42,54445205
2023-09-28,0004.HK,286.24,294.5,282.81,287.17,91614185
2023-09-29,0004.HK,279.49,287.38,280.77,281.73,30000117
2023-10-02,0004.HK,279.17,285.07,280.89,281.22,63712730
2023-10-03,0004.HK,287.88,292.84,278.79,287.06,45119330
2023-10-04,0004.HK,284.47,289.61,285.36,286.89,65970725
2023-10-05,0004.HK,286.42,285.07,278.47,283.6,81154381
2023-10-06,0004.HK,282.58,285.51,279.31,284.19,38988922
2023-10-09,0004.HK,286.69,287.85,282.77,283.96,88908586
2023-10-10,0004.HK,283.99,292.08,279.75,285.94,10379157
2023-10-11,0004.HK,295.14,295.52,287.19,292.95,33074914
2023-10-12,0004.HK,292.98,298.59,289.69,294.75,41466410
2023-10-13,0004.HK,306.33,306.89,294.96,303.8,18665263
2023-10-16,0004.HK,307.29,311.36,305.49,305.93,69749075
2023-10-17,0004.HK,300.62,303.57,298.13,302.47,66861010
2023-10-18,0004.HK,310.82,318.56,311.65,312.92,73029323
2023-10-19,0004.HK,313.42,319.79,304.0,312.39,21179314
2023-10-20,0004.HK,304.67,308.85,306.71,307.51,22992347
2023-10-23,0004.HK,319.32,324.9,314.91,318.29,55838183
2023-10-24,0004.HK,314.77,318.82,314.07,314.86,1941921
2023-10-25,0004.HK,308.49,315.87,305.02,311.27,41414791
2023-10-26,0004.HK,311.83,315.94,307.62,308.76,37488881
2023-10-27,0004.HK,307.97,316.72,307.8,309.58,55439946
2023-10-30,0004.HK,316.45,323.08,308.99,313.97,23044000
2023-10-31,0004.HK,301.66,310.51,295.16,301.56,62142333
2023-11-01,0004.HK,306.99,307.77,302.03,305.81,32136193
2023-11-02,0004.HK,305.47,309.83,301.74,303.32,20768557
2023-11-03,0004.HK,298.7,309.2,295.96,301.51,18792518
2023-11-06,0004.HK,306.8,314.12,301.44,309.32,57102510
2023-11-07,0004.HK,311.79,315.36,309.48,310.38,16401392
2023-11-08,0004.HK,312.48,314.05,311.36,312.52,93291688
2023-11-09,0004.HK,311.73,315.22,305.6,312.36,86113007
2023-11-10,0004.HK,317.15,324.35,307.63,316.0,48126764
2023-11-13,0004.HK,324.87,332.44,317.73,323.73,31995917
2023-11-14,0004.HK,314.35,312.22,306.91,311.78,46404029
2023-11-15,0004.HK,314.67,320.67,314.27,316.91,37319976
2023-11-16,0004.HK,323.09,331.94,324.22,324.33,78155885
2023-11-17,0004.HK,329.09,336.04,324.89,326.83,98055074
2023-11-20,0004.HK,325.18,330.0,320.6,323.57,90108100
2023-11-21,0004.HK,319.21,325.31,310.57,318.05,91352311
2023-11-22,0004.HK,329.03,330.97,327.4,329.38,36282908
2023-11-23,0004.HK,322.92,327.47,315.56,324.97,9971675
2023-11-24,0004.HK,333.05,341.07,326.94,332.44,62979756
2023-11-27,0004.HK,336.52,338.03,330.98,334.45,35692810
2023-11-28,0004.HK,345.76,347.03,344.55,344.78,8541599
2023-11-29,0004.HK,343.24,346.15,339.09,343.2,43402391
2023-11-30,0004.HK,333.7,337.51,326.78,335.0,78505052
2023-12-01,0004.HK,333.21,342.85,329.9,335.07,8150574
2023-12-04,0004.HK,325.48,336.45,323.77,327.67,19248984
2023-12-05,0004.HK,342.28,349.31,334.05,340.89,56102926
2023-12-06,0004.HK,342.76,345.01,337.98,344.18,75391769
2023-12-07,0004.HK,347.98,352.5,341.64,348.27,46432765
2023-12-08,0004.HK,351.12,358.88,342.5,352.4,80931429
2023-12-11,0004.HK,346.53,355.44,343.05,348.81,77575861
2023-12-12,0004.HK,350.46,350.32,344.82,348.19,19800843
2023-12-13,0004.HK,346.21,358.57,340.09,348.83,23585061
2023-12-14,0004.HK,356.42,364.14,358.21,359.07,27141518
2023-12-15,0004.HK,353.21,357.27,345.88,352.91,57643116
2023-12-18,0004.HK,349.54,352.89,347.56,349.13,6264038
2023-12-19,0004.HK,344.42,357.62,344.67,347.3,80588961
2023-12-20,0004.HK,344.56,348.19,340.03,343.86,10165885
2023-12-21,0004.HK,338.13,341.86,335.96,336.4,64110050
2023-12-22,0004.HK,320.57,327.44,313.7,322.82,74797526
2023-12-25,0004.HK,314.05,317.52,313.74,314.04,94119253
2023-12-26,0004.HK,322.17,321.39,316.68,319.28,94592831
2023-12-27,0004.HK,319.76,321.35,317.56,319.3,88111906
2023-12-28,0004.HK,324.68,326.22,315.52,323.37,62802710
2023-12-29,0004.HK,320.5,327.04,312.06,320.61,14455441
2024-01-01,0004.HK,319.32,322.68,316.54,320.2,37386512
2024-01-02,0004.HK,329.22,335.58,320.01,328.01,92062559
2024-01-03,0004.HK,337.64,342.03,334.8,335.72,27321006
2024-01-04,0004.HK,339.99,341.4,334.97,340.53,51133672
2024-01-05,0004.HK,342.42,342.29,331.71,341.63,42569126
2024-01-08,0004.HK,342.21,352.19,340.93,344.35,33256870
2024-01-09,0004.HK,343.19,348.23,343.13,346.33,99026324
2024-01-10,0004.HK,344.34,353.85,344.16,345.54,5769906
2024-01-11,0004.HK,346.37,348.31,343.14,343.51,54317026
2024-01-12,0004.HK,347.51,359.58,341.43,349.36,88365344
2024-01-15,0004.HK,340.4,349.58,336.59,342.64,97229799
2024-01-16,0004.HK,348.15,354.65,346.57,350.36,97784421
2024-01-17,0004.HK,347.61,353.13,343.34,348.98,26017348
2024-01-18,0004.HK,344.34,343.11,339.14,342.17,53858968
2024-01-19,0004.HK,337.69,344.46,337.71,339.44,45098718
2024-01-22,0004.HK,332.52,335.46,332.82,335.05,33712881
2024-01-23,0004.HK,335.09,338.38,326.61,332.23,56882027
2024-01-24,0004.HK,329.05,338.28,323.98,329.33,11302386
2024-01-25,0004.HK,326.9,332.37,323.97,326.27,93395130
2024-01-26,0004.HK,324.46,328.26,319.86,324.83,90119691
2024-01-29,0004.HK,327.69,334.03,317.08,324.58,50192640
2024-01-30,0004.HK,326.78,331.99,318.82,328.36,16899516
2024-01-31,0004.HK,326.55,330.8,320.14,327.22,23800648
2024-02-01,0004.HK,330.52,331.79,325.99,328.89,37493885
2024-02-02,0004.HK,330.98,330.64,320.67,328.99,68287554
2024-02-05,0004.HK,334.47,333.14,322.5,331.72,93529083
2024-02-06,0004.HK,329.48,334.51,331.32,332.02,80488871
2024-02-07,0004.HK,327.83,338.28,324.6,328.87,8152578
2024-02-08,0004.HK,325.72,329.63,320.24,324.4,99416320
2024-02-09,0004.HK,323.23,331.9,320.2,325.49,27917419
2024-02-12,0004.HK,333.06,338.42,330.34,331.77,88008054
2024-02-13,0004.HK,331.11,333.93,326.03,330.7,36566257
2024-02-14,0004.HK,325.83,332.7,323.93,327.29,59466557
2024-02-15,0004.HK,329.06,329.02,319.95,326.1,67096639
2024-02-16,0004.HK,324.06,323.43,316.74,323.41,26122423
2024-02-19,0004.HK,322.42,328.57,313.36,320.24,11105044
2024-02-20,0004.HK,311.53,315.03,306.2,313.37,24229845
2024-02-21,0004.HK,312.16,315.28,308.16,312.29,35069327
2024-02-22,0004.HK,315.43,322.39,307.85,313.45,5897384
2024-02-23,0004.HK,306.82,309.37,302.37,308.43,64866309
2024-02-26,0004.HK,304.54,306.65,302.3,304.43,14016592
2024-02-27,0004.HK,298.53,306.25,292.93,300.16,68197508
2024-02-28,0004.HK,296.78,301.31,286.57,293.98,52529343
2024-02-29,0004.HK,289.37,298.44,289.51,289.82,13584093
2024-03-01,0004.HK,291.38,290.7,283.12,289.02,35987389
2024-03-04,0004.HK,282.05,290.51,277.56,283.26,81857103
2024-03-05,0004.HK,285.53,289.86,277.18,282.73,71413986
2024-03-06,0004.HK,279.99,286.41,272.69,279.8,64175324
2024-03-07,0004.HK,277.47,282.26,275.66,275.96,6782726
2024-03-08,0004.HK,276.72,281.55,271.83,277.58,31669161
2024-03-11,0004.HK,273.19,281.67,274.21,274.97,9150408
2024-03-12,0004.HK,271.2,274.96,269.06,273.08,79326031
2024-03-13,0004.HK,276.07,283.78,271.35,278.46,97174249
2024-03-14,0004.HK,276.86,282.49,267.3,274.67,49315601
2024-03-15,0004.HK,279.29,286.24,274.7,281.17,77292467
2024-03-18,0004.HK,280.57,284.56,278.3,279.76,50527030
2024-03-19,0004.HK,273.79,280.17,274.7,275.05,60514776
2024-03-20,0004.HK,273.53,280.47,268.85,272.82,99639388
2024-03-21,0004.HK,271.3,277.56,266.71,273.16,45879310
2024-03-22,0004.HK,276.52,280.21,271.76,278.35,32683102
2024-03-25,0004.HK,279.68,288.58,275.16,281.74,42240330
2024-03-26,0004.HK,279.34,282.96,281.19,282.07,83878860
2024-03-27,0004.HK,289.42,291.0,280.05,287.46,11681557
2024-03-28,0004.HK,279.99,286.35,278.57,279.4,29584433
2024-03-29,0004.HK,279.5,281.35,278.61,280.51,28293336
2023-04-14,0019.HK,242.17,248.4,240.07,243.37,79307784
2023-04-17,0019.HK,243.65,243.89,238.11,243.86,99916553
2023-04-18,0019.HK,244.4,249.42,244.17,244.87,3031894
2023-04-19,0019.HK,251.01,252.38,244.8,250.21,23260288
2023-04-20,0019.HK,249.01,250.18,240.49,247.41,10588264
2023-04-21,0019.HK,247.52,256.0,244.99,249.27,91688884
2023-04-24,0019.HK,252.16,256.87,245.21,250.57,27860126
2023-04-25,0019.HK,252.64,255.5,248.62,252.33,6267215
2023-04-26,0019.HK,253.58,251.65,245.02,251.21,68141851
2023-04-27,0019.HK,252.39,254.95,247.68,254.14,7130104
2023-04-28,0019.HK,250.16,253.45,247.63,251.41,44433529
2023-05-01,0019.HK,249.56,254.3,243.93,249.69,14335708
2023-05-02,0019.HK,250.93,253.78,242.03,249.04,96144113
2023-05-03,0019.HK,249.19,249.37,248.01,248.24,37175326
2023-05-04,0019.HK,252.1,250.45,243.38,249.68,66084535
2023-05-05,0019.HK,248.31,250.84,249.14,250.7,17610252
2023-05-08,0019.HK,253.87,254.98,250.81,251.76,42358594
2023-05-09,0019.HK,256.96,259.24,254.17,256.8,32501915
2023-05-10,0019.HK,254.64,256.68,248.82,256.05,31291460
2023-05-11,0019.HK,261.39,261.77,254.69,260.16,90611970
2023-05-12,0019.HK,256.77,263.13,255.38,256.06,7277657
2023-05-15,0019.HK,257.95,256.01,255.05,255.62,55126610
2023-05-16,0019.HK,255.58,260.88,254.49,255.41,62083451
2023-05-17,0019.HK,250.08,251.29,248.87,250.45,13701055
2023-05-18,0019.HK,251.81,254.64,246.05,250.67,61685652
2023-05-19,0019.HK,252.52,258.25,245.62,251.16,94765885
2023-05-22,0019.HK,255.79,259.64,252.56,253.46,69550323
2023-05-23,0019.HK,252.99,259.75,253.4,255.34,94228610
2023-05-24,0019.HK,250.85,256.47,248.28,250.5,28799485
2023-05-25,0019.HK,253.28,260.79,249.18,255.04,25224463
2023-05-26,0019.HK,254.05,259.32,250.15,253.32,88613332
2023-05-29,0019.HK,249.63,252.98,248.34,251.08,83107450
2023-05-30,0019.HK,253.17,253.05,250.52,252.97,81544660
2023-05-31,0019.HK,255.11,256.67,252.55,256.25,5173366
2023-06-01,0019.HK,254.06,254.63,248.57,254.49,39493422
2023-06-02,0019.HK,252.4,255.24,253.05,254.37,5100962
2023-06-05,0019.HK,258.87,264.2,251.17,257.9,20341702
2023-06-06,0019.HK,255.07,256.76,250.36,254.35,83764268
2023-06-07,0019.HK,241.96,248.26,243.3,243.72,6689196
2023-06-08,0019.HK,243.58,249.83,245.44,245.74,22826890
2023-06-09,0019.HK,248.32,249.9,244.39,249.16,5388915
2023-06-12,0019.HK,242.71,247.31,243.07,243.25,82020409
2023-06-13,0019.HK,244.79,244.89,236.57,243.23,60704395
2023-06-14,0019.HK,241.56,245.2,235.0,241.46,49894604
2023-06-15,0019.HK,240.28,245.04,235.16,241.97,85832367
2023-06-16,0019.HK,232.23,241.12,233.55,234.51,75508199
2023-06-19,0019.HK,232.32,230.47,227.63,230.1,85080906
2023-06-20,0019.HK,229.97,235.76,227.48,231.7,44146884
2023-06-21,0019.HK,233.19,235.02,224.99,231.28,93784401
2023-06-22,0019.HK,235.06,242.88,236.34,236.55,87905908
2023-06-23,0019.HK,239.53,244.01,236.53,238.68,46591914
2023-06-26,0019.HK,234.22,237.29,233.38,235.28,62977608
2023-06-27,0019.HK,238.27,242.52,236.26,237.87,75085750
2023-06-28,0019.HK,242.09,246.67,238.62,244.01,54285627
2023-06-29,0019.HK,241.66,249.37,237.26,243.8,27868800
2023-06-30,0019.HK,246.7,245.7,242.82,245.32,92523348
2023-07-03,0019.HK,248.99,253.71,246.86,248.4,23002385
2023-07-04,0019.HK,248.23,250.13,242.25,247.83,20053185
2023-07-05,0019.HK,240.43,245.74,239.12,240.02,43430008
2023-07-06,0019.HK,241.45,247.06,240.47,242.07,26078614
2023-07-07,0019.HK,244.03,248.94,240.94,245.02,70872985
2023-07-10,0019.HK,250.47,251.28,244.18,250.45,90288975
2023-07-11,0019.HK,245.02,246.73,244.38,246.36,68717103
2023-07-12,0019.HK,243.0,246.17,242.3,242.52,12863397
2023-07-13,0019.HK,240.11,244.12,233.02,240.06,41787250
2023-07-14,0019.HK,240.86,242.89,238.61,239.5,64835094
2023-07-17,0019.HK,242.77,247.31,239.23,241.48,75188685
2023-07-18,0019.HK,238.4,241.39,234.38,237.47,19798593
2023-07-19,0019.HK,242.48,243.16,237.55,240.9,25705010
2023-07-20,0019.HK,245.15,251.34,242.75,244.2,62290452
2023-07-21,0019.HK,247.98,251.28,241.74,247.64,35452995
2023-07-24,0019.HK,246.08,253.53,242.29,246.54,59032845
2023-07-25,0019.HK,240.34,242.03,232.97,238.32,38719604
2023-07-26,0019.HK,243.49,249.33,238.94,244.1,73298569
2023-07-27,0019.HK,243.86,244.41,235.7,241.97,64216880
2023-07-28,0019.HK,243.95,248.54,241.94,244.63,41366551
2023-07-31,0019.HK,247.2,248.06,240.03,245.12,88681846
2023-08-01,0019.HK,247.51,250.25,248.84,249.32,21687872
2023-08-02,0019.HK,247.43,253.18,242.05,249.18,62381485
2023-08-03,0019.HK,249.25,254.28,244.13,249.49,90641749
2023-08-04,0019.HK,249.06,254.99,249.8,250.21,40680119
2023-08-07,0019.HK,250.12,252.34,251.55,251.83,76606447
2023-08-08,0019.HK,249.28,252.39,242.33,247.21,13178642
2023-08-09,0019.HK,256.4,257.95,249.61,254.21,58201414
2023-08-10,0019.HK,252.0,256.35,251.24,254.0,10912171
2023-08-11,0019.HK,254.37,260.16,253.34,256.24,19513168
2023-08-14,0019.HK,259.67,269.65,254.47,262.12,1203152
2023-08-15,0019.HK,261.21,263.89,258.78,262.14,89526678
2023-08-16,0019.HK,258.18,264.26,257.57,258.27,19750565
2023-08-17,0019.HK,254.28,259.24,249.24,254.34,74235458
2023-08-18,0019.HK,253.72,255.87,245.76,252.68,2145309
2023-08-21,0019.HK,253.33,254.62,252.33,253.99,34098252
2023-08-22,0019.HK,256.56,258.37,254.15,255.71,88952837
2023-08-23,0019.HK,261.85,263.88,252.95,260.1,37799399
2023-08-24,0019.HK,253.77,261.47,250.84,254.15,64443777
2023-08-25,0019.HK,256.49,259.4,251.98,255.05,25287451
2023-08-28,0019.HK,255.18,263.03,256.29,257.46,41788018
2023-08-29,0019.HK,259.99,262.13,255.46,259.74,21680082
2023-08-30,0019.HK,251.68,254.07,246.97,250.38,4671719
2023-08-31,0019.HK,249.64,250.54,244.42,249.03,41858854
2023-09-01,0019.HK,251.86,253.84,250.98,252.12,43357164
2023-09-04,0019.HK,249.65,253.68,246.16,249.1,56372482
2023-09-05,0019.HK,246.29,250.68,240.43,244.71,63948758
2023-09-06,0019.HK,244.87,247.5,242.98,246.83,90120198
2023-09-07,0019.HK,248.73,252.97,241.72,247.99,45877139
2023-09-08,0019.HK,248.4,254.74,242.46,248.9,54379909
2023-09-11,0019.HK,248.56,253.13,245.44,246.53,38123545
2023-09-12,0019.HK,243.85,247.56,240.64,241.72,93303025
2023-09-13,0019.HK,247.35,246.98,238.79,245.21,69396619
2023-09-14,0019.HK,257.86,260.07,255.1,257.54,7137690
2023-09-15,0019.HK,249.05,254.0,245.25,251.33,72137049
2023-09-18,0019.HK,257.51,260.29,252.58,255.22,1652961
2023-09-19,0019.HK,254.68,260.86,251.98,254.62,23550456
2023-09-20,0019.HK,257.67,263.29,250.35,255.88,21502339
2023-09-21,0019.HK,254.88,256.19,254.73,255.7,93000648
2023-09-22,0019.HK,264.88,270.23,261.55,264.18,38358068
2023-09-25,0019.HK,261.74,267.6,259.56,261.05,9024695
2023-09-26,0019.HK,258.55,261.83,256.82,258.75,50636218
2023-09-27,0019.HK,258.32,264.58,255.0,259.09,26405778
2023-09-28,0019.HK,263.39,262.24,253.65,261.35,15247192
2023-09-29,0019.HK,264.84,270.94,263.64,266.64,45412502
2023-10-02,0019.HK,267.07,269.72,264.56,268.66,56982825
2023-10-03,0019.HK,268.56,271.4,262.18,269.62,3598204
2023-10-04,0019.HK,265.77,273.85,262.61,267.89,3714472
2023-10-05,0019.HK,270.04,274.34,265.37,270.0,11957598
2023-10-06,0019.HK,268.53,272.69,262.31,267.16,38700720
2023-10-09,0019.HK,266.18,274.09,264.81,268.03,9493551
2023-10-10,0019.HK,266.55,274.45,262.81,267.2,33167822
2023-10-11,0019.HK,264.08,264.92,259.56,263.32,67282752
2023-10-12,0019.HK,271.44,275.13,264.55,269.53,77012217
2023-10-13,0019.HK,267.74,269.43,257.69,265.62,88210884
2023-10-16,0019.HK,262.34,265.11,258.62,264.11,38618390
2023-10-17,0019.HK,259.42,260.89,250.52,257.88,63960206
2023-10-18,0019.HK,258.16,263.57,252.64,257.28,9521036
2023-10-19,0019.HK,259.28,259.95,251.37,259.01,78079763
2023-10-20,0019.HK,255.04,259.56,252.95,255.54,40701739
2023-10-23,0019.HK,246.38,250.5,242.6,248.61,97762008
2023-10-24,0019.HK,248.45,250.61,240.32,247.26,12469201
2023-10-25,0019.HK,248.28,253.73,239.56,246.73,91129315
2023-10-26,0019.HK,245.32,247.49,239.29,245.91,77403145
2023-10-27,0019.HK,251.65,258.1,245.96,251.81,68178235
2023-10-30,0019.HK,251.19,253.81,246.54,253.12,81081228
2023-10-31,0019.HK,254.94,255.41,249.46,254.15,76604914
2023-11-01,0019.HK,254.36,262.52,254.8,255.46,55737181
2023-11-02,0019.HK,257.43,261.78,251.04,256.75,37166817
2023-11-03,0019.HK,253.24,262.17,252.98,255.09,5589270
2023-11-06,0019.HK,251.81,254.15,250.17,251.56,35036208
2023-11-07,0019.HK,261.69,262.24,257.49,260.94,30094687
2023-11-08,0019.HK,258.67,265.26,257.6,260.42,98352024
2023-11-09,0019.HK,261.44,264.59,259.87,260.56,82999801
2023-11-10,0019.HK,261.04,264.79,260.33,260.79,62095577
2023-11-13,0019.HK,258.98,258.55,255.7,257.88,27203502
2023-11-14,0019.HK,256.63,265.21,256.22,258.62,41348866
2023-11-15,0019.HK,253.36,255.21,246.17,253.71,35586554
2023-11-16,0019.HK,254.68,259.73,255.2,256.48,12360681
2023-11-17,0019.HK,253.46,262.47,253.6,255.55,6253916
2023-11-20,0019.HK,257.74,265.27,255.02,259.93,72693156
2023-11-21,0019.HK,261.49,269.6,259.59,261.99,5614960
2023-11-22,0019.HK,262.7,268.05,256.81,263.59,1249509
2023-11-23,0019.HK,258.32,264.61,257.63,260.51,10197434
2023-11-24,0019.HK,261.7,265.66,260.36,260.83,84226873
2023-11-27,0019.HK,266.18,271.49,259.42,263.84,49303157
2023-11-28,0019.HK,263.2,268.39,257.62,264.36,67471665
2023-11-29,0019.HK,256.57,260.86,252.87,259.03,93851018
2023-11-30,0019.HK,261.04,269.93,256.0,262.91,65419100
2023-12-01,0019.HK,264.98,268.46,265.93,265.94,23378242
2023-12-04,0019.HK,258.46,264.6,257.99,260.01,98267947
2023-12-05,0019.HK,261.6,264.94,255.93,260.55,59916168
2023-12-06,0019.HK,264.32,265.51,261.19,263.79,21237955
2023-12-07,0019.HK,261.42,263.51,256.08,261.47,61773824
2023-12-08,0019.HK,254.09,256.42,249.64,256.33,17701990
2023-12-11,0019.HK,250.72,258.1,248.06,252.24,47523677
2023-12-12,0019.HK,252.61,257.39,244.35,251.88,85815808
2023-12-13,0019.HK,257.94,256.38,252.78,255.45,1238961
2023-12-14,0019.HK,249.07,253.48,250.18,251.33,65597589
2023-12-15,0019.HK,247.05,250.57,243.35,247.31,31792277
2023-12-18,0019.HK,248.1,250.43,242.43,246.24,47042583
2023-12-19,0019.HK,251.0,254.23,242.44,248.83,44260046
2023-12-20,0019.HK,254.34,262.98,250.94,255.42,7719140
2023-12-21,0019.HK,255.36,258.28,252.74,255.81,23381739
2023-12-22,0019.HK,250.92,254.0,247.83,253.27,35483940
2023-12-25,0019.HK,251.97,252.33,243.02,250.3,78292614
2023-12-26,0019.HK,257.38,259.27,250.02,255.5,77441848
2023-12-27,0019.HK,248.25,257.66,249.7,250.71,54938487
2023-12-28,0019.HK,250.37,251.74,251.49,251.49,76445298
2023-12-29,0019.HK,255.68,256.66,253.73,256.51,98703496
2024-01-01,0019.HK,257.01,256.6,251.36,255.95,11809162
2024-01-02,0019.HK,253.93,254.35,249.84,251.85,9384345
2024-01-03,0019.HK,252.02,259.08,252.71,253.9,20943545
2024-01-04,0019.HK,253.93,259.08,252.79,254.35,63191464
2024-01-05,0019.HK,254.12,260.37,255.31,256.19,86934348
2024-01-08,0019.HK,258.91,266.19,251.53,258.47,48380940
2024-01-09,0019.HK,261.96,261.63,260.32,260.53,36050607
2024-01-10,0019.HK,260.95,263.41,256.15,261.74,58181301
2024-01-11,0019.HK,264.07,265.98,262.93,264.45,7161691
2024-01-12,0019.HK,271.66,272.08,265.77,269.85,38725389
2024-01-15,0019.HK,267.11,273.1,266.65,266.74,31299855
2024-01-16,0019.HK,266.01,269.44,265.72,265.73,81082449
2024-01-17,0019.HK,268.39,272.79,262.86,268.94,75769484
2024-01-18,0019.HK,270.56,276.48,265.2,268.7,67397617
2024-01-19,0019.HK,263.38,268.48,258.51,263.66,74031222
2024-01-22,0019.HK,262.5,265.26,262.78,265.03,93137597
2024-01-23,0019.HK,263.83,268.87,261.74,263.13,36805752
2024-01-24,0019.HK,269.42,279.15,271.05,271.55,44742215
2024-01-25,0019.HK,274.09,283.03,273.24,275.65,1814606
2024-01-26,0019.HK,278.3,288.78,272.41,280.5,28972946
2024-01-29,0019.HK,281.01,282.29,274.27,280.73,35943781
2024-01-30,0019.HK,280.8,288.9,277.87,282.1,28583394
2024-01-31,0019.HK,279.66,281.04,272.7,280.71,72072849
2024-02-01,0019.HK,275.09,281.19,275.92,277.23,37476897
2024-02-02,0019.HK,272.65,280.66,272.39,273.5,88133543
2024-02-05,0019.HK,282.72,290.38,280.78,282.32,42147808
2024-02-06,0019.HK,284.79,285.09,280.23,284.05,27051759
2024-02-07,0019.HK,277.27,279.53,273.11,278.48,48657642
2024-02-08,0019.HK,283.11,285.13,280.79,282.55,52575036
2024-02-09,0019.HK,294.53,296.17,292.08,293.72,62803170
2024-02-12,0019.HK,289.09,288.39,281.68,287.01,12188602
2024-02-13,0019.HK,288.01,293.08,288.74,289.66,56147026
2024-02-14,0019.HK,283.87,291.22,276.46,284.84,37639128
2024-02-15,0019.HK,290.41,294.9,286.42,289.83,21938575
2024-02-16,0019.HK,279.67,288.43,280.37,280.59,31891796
2024-02-19,0019.HK,281.79,283.01,275.65,280.98,79441134
2024-02-20,0019.HK,282.91,290.11,279.75,282.9,63263197
2024-02-21,0019.HK,274.5,283.31,276.9,277.08,47829827
2024-02-22,0019.HK,277.08,287.16,273.04,278.98,41510597
2024-02-23,0019.HK,274.75,278.02,270.58,277.09,55298140
2024-02-26,0019.HK,284.64,289.48,280.76,284.31,50028461
2024-02-27,0019.HK,279.98,286.09,272.2,278.3,13889174
2024-02-28,0019.HK,281.72,282.37,281.16,282.14,24730919
2024-02-29,0019.HK,282.06,282.75,278.0,281.78,4860351
2024-03-01,0019.HK,288.85,295.54,281.33,287.3,26563246
2024-03-04,0019.HK,292.73,298.48,285.9,293.03,80527491
2024-03-05,0019.HK,290.23,292.03,287.82,291.99,12399821
2024-03-06,0019.HK,293.01,293.32,290.25,291.85,47566445
2024-03-07,0019.HK,296.28,297.54,288.31,295.89,63497954
2024-03-08,0019.HK,296.8,301.71,293.6,298.26,23733726
2024-03-11,0019.HK,299.56,306.19,292.72,297.8,91837290
2024-03-12,0019.HK,296.38,295.6,286.84,294.13,48263101
2024-03-13,0019.HK,295.96,298.83,289.71,295.8,43705361
2024-03-14,0019.HK,292.04,291.67,288.41,290.93,92697785
2024-03-15,0019.HK,295.37,295.51,285.78,293.82,49547660
2024-03-18,0019.HK,301.5,306.12,294.85,298.77,15155160
2024-03-19,0019.HK,296.39,302.33,294.56,295.13,61599507
2024-03-20,0019.HK,293.43,298.79,292.84,293.34,63184581
2024-03-21,0019.HK,289.22,296.17,289.58,290.63,57133200
2024-03-22,0019.HK,295.29,301.78,292.28,295.28,6612072
2024-03-25,0019.HK,296.91,299.19,295.06,295.58,97109495
2024-03-26,0019.HK,293.72,302.56,287.94,294.02,68581797
2024-03-27,0019.HK,294.41,298.22,295.72,296.93,89484619
2024-03-28,0019.HK,295.04,297.85,289.99,294.85,87092824
2024-03-29,0019.HK,292.31,296.61,292.11,294.01,93591675
